FHIR IG Publisher Version 2.3.4 (Git# 7ae92f79415a). Built 2026-09-04T06:21:07.840Z (3 days old)    
Detected Java version: 21.0.12 from /opt/java/openjdk on Linux/aarch64 (64bit). 4096MB available    
dir = /workspace, path = /opt/java/openjdk/bin:/usr/local/sbin:/usr/local/bin:/usr/sbin:/usr/bin:/sbin:/bin
Parameters: -ig ig.ini -tx https://tx.fhir.org                                                      
Character encoding = UTF-8 / UTF-8                                                                  
Start Clock @ Monday, September 7, 2026, 8:31:22 AM Coordinated Universal Time (2026-09-07T08:31:22Z)
                                                                                                    
Build FHIR IG from /workspace/ig.ini                                                                 (00:00.015 / 00:00.016, 24Mb)
No FHIR settings file at /root/.fhir/fhir-settings.json; using defaults (no API keys or npm path)    (00:00.001 / 00:00.017, 24Mb)
Package Cache: /root/.fhir/packages                                                                  (00:00.001 / 00:00.018, 25Mb)
Found dependency on de.basisprofil.r4#1.5.4 in Sushi config. Pre-installing                          (00:00.010 / 00:00.028, 25Mb)
[39mInstalling de.basisprofil.r4#1.5.4 to the package cache
[0;39m[39m  Fetching:
[0;39m[39m
[0;39m[39mInstalling de.basisprofil.r4#1.5.4
[0;39m[39m done.
[0;39m[39m loaded @ /root/.fhir/packages/de.basisprofil.r4#1.5.4
[0;39mFound dependency on de.medizininformatikinitiative.kerndatensatz.meta#2026.0.0 in Sushi config. Pre-installing (00:02.565 / 00:02.594, 51Mb)
[39mInstalling de.medizininformatikinitiative.kerndatensatz.meta#2026.0.0 to the package cache
[0;39m[39m  Fetching:
[0;39m[39m
[0;39m[39mInstalling de.medizininformatikinitiative.kerndatensatz.meta#2026.0.0
[0;39m[39m done.
[0;39m[39m loaded @ /root/.fhir/packages/de.medizininformatikinitiative.kerndatensatz.meta#2026.0.0
[0;39mFound dependency on hl7.fhir.uv.xver-r5.r4#0.1.0 in Sushi config. Pre-installing                     (00:00.991 / 00:03.586, 65Mb)
[39mInstalling hl7.fhir.uv.xver-r5.r4#0.1.0 to the package cache
[0;39m[39m  Fetching:
[0;39m[39m
[0;39m[39mInstalling hl7.fhir.uv.xver-r5.r4#0.1.0
[0;39m[39m done.
[0;39m[39m loaded @ /root/.fhir/packages/hl7.fhir.uv.xver-r5.r4#0.1.0
[0;39mFound dependency on hl7.fhir.uv.crmi#2.0.0 in Sushi config. Pre-installing                           (00:10.125 / 00:13.712, 181Mb)
[39mInstalling hl7.fhir.uv.crmi#2.0.0 to the package cache
[0;39m[39m  Fetching:
[0;39m[39m
[0;39m[39mInstalling hl7.fhir.uv.crmi#2.0.0
[0;39m[39m done.
[0;39m[39m loaded @ /root/.fhir/packages/hl7.fhir.uv.crmi#2.0.0
[0;39mFound dependency on hl7.terminology.r4#7.3.0 in Sushi config. Pre-installing                         (00:01.764 / 00:15.476, 82Mb)
[39mInstalling hl7.terminology.r4#7.3.0 to the package cache
[0;39m[39m  Fetching:
[0;39m[39m
[0;39m[39mInstalling hl7.terminology.r4#7.3.0
[0;39m[39m done.
[0;39m[39m loaded @ /root/.fhir/packages/hl7.terminology.r4#7.3.0
[0;39mFound dependency on hl7.fhir.uv.extensions.r4#5.2.0 in Sushi config. Pre-installing                  (00:08.120 / 00:23.596, 53Mb)
[39mInstalling hl7.fhir.uv.extensions.r4#5.2.0 to the package cache
[0;39m[39m  Fetching:
[0;39m[39m
[0;39m[39mInstalling hl7.fhir.uv.extensions.r4#5.2.0
[0;39m[39m done.
[0;39m[39m loaded @ /root/.fhir/packages/hl7.fhir.uv.extensions.r4#5.2.0
[0;39mFound dependency on hl7.fhir.uv.sdc#3.0.0 in Sushi config. Pre-installing                            (00:02.353 / 00:25.950, 121Mb)
[39mInstalling hl7.fhir.uv.sdc#3.0.0 to the package cache
[0;39m[39m  Fetching:
[0;39m[39m
[0;39m[39mInstalling hl7.fhir.uv.sdc#3.0.0
[0;39m[39m done.
[0;39m[39m loaded @ /root/.fhir/packages/hl7.fhir.uv.sdc#3.0.0
[0;39mFound dependency on de.gematik.isik#5.1.1 in Sushi config. Pre-installing                            (00:01.212 / 00:27.162, 37Mb)
[39mInstalling de.gematik.isik#5.1.1 to the package cache
[0;39m[39m  Fetching:
[0;39m[39m
[0;39m[39mInstalling de.gematik.isik#5.1.1
[0;39m[39m done.
[0;39m[39m loaded @ /root/.fhir/packages/de.gematik.isik#5.1.1
[0;39mRun Sushi on /workspace                                                                              (00:02.121 / 00:29.284, 86Mb)
Sushi: info  Running SUSHI v3.20.1 (implements FHIR Shorthand specification v3.0.0)                  (00:00.176 / 00:29.461, 89Mb)
Sushi: info  Arguments:                                                                              (00:00.000 / 00:29.461, 89Mb)
Sushi: info    --out /workspace                                                                      (00:00.000 / 00:29.461, 89Mb)
Sushi: info    /workspace                                                                            (00:00.000 / 00:29.461, 89Mb)
Sushi: info  Using configuration file: /workspace/sushi-config.yaml                                  (00:00.378 / 00:29.840, 89Mb)
Sushi: info  Importing FSH text...                                                                   (00:00.048 / 00:29.889, 89Mb)
Sushi: info  Preprocessed 140 documents with 55 aliases.                                             (00:00.630 / 00:30.519, 89Mb)
Sushi: info  Imported 64 definitions and 165 instances.                                              (00:00.128 / 00:30.648, 89Mb)
Sushi: info  Loaded virtual package sushi-r5forR4#1.0.0 with 7 resources                             (00:00.070 / 00:30.719, 89Mb)
Sushi: info  Resolved hl7.fhir.uv.tools.r4#latest to concrete version 1.1.2                          (00:00.249 / 00:30.968, 89Mb)
Sushi: info  Attempting to download hl7.fhir.uv.tools.r4#1.1.2 from https://packages.fhir.org/hl7.fhir.uv.tools.r4/1.1.2 (00:00.000 / 00:30.969, 89Mb)
Sushi: info  Downloaded hl7.fhir.uv.tools.r4#1.1.2                                                   (00:00.158 / 00:31.127, 89Mb)
Sushi: info  Cached hl7.fhir.uv.tools.r4#1.1.2 to /root/.fhir/packages/hl7.fhir.uv.tools.r4#1.1.2    (00:00.001 / 00:31.128, 89Mb)
Sushi: info  Loaded hl7.fhir.uv.tools.r4#1.1.2 with 119 resources                                    (00:00.022 / 00:31.151, 89Mb)
Sushi: info  Loaded hl7.terminology.r4#7.3.0 with 4176 resources                                     (00:00.445 / 00:31.597, 89Mb)
Sushi: info  Loaded de.basisprofil.r4#1.5.4 with 168 resources                                       (00:00.023 / 00:31.620, 89Mb)
Sushi: info  Loaded de.medizininformatikinitiative.kerndatensatz.meta#2026.0.0 with 173 resources    (00:00.011 / 00:31.632, 89Mb)
Sushi: info  Loaded hl7.fhir.uv.xver-r5.r4#0.1.0 with 4707 resources                                 (00:00.504 / 00:32.137, 89Mb)
Sushi: info  Loaded hl7.fhir.uv.crmi#2.0.0 with 123 resources                                        (00:00.033 / 00:32.170, 89Mb)
Sushi: info  Loaded hl7.fhir.uv.sdc#3.0.0 with 105 resources                                         (00:00.017 / 00:32.188, 89Mb)
Sushi: info  Loaded de.gematik.isik#5.1.1 with 238 resources                                         (00:00.020 / 00:32.209, 89Mb)
Sushi: info  Attempting to download hl7.fhir.r4.core#4.0.1 from https://packages.fhir.org/hl7.fhir.r4.core/4.0.1 (00:00.000 / 00:32.209, 89Mb)
Sushi: info  Downloaded hl7.fhir.r4.core#4.0.1                                                       (00:02.824 / 00:35.034, 89Mb)
Sushi: info  Cached hl7.fhir.r4.core#4.0.1 to /root/.fhir/packages/hl7.fhir.r4.core#4.0.1            (00:00.000 / 00:35.035, 89Mb)
Sushi: info  Loaded hl7.fhir.r4.core#4.0.1 with 4581 resources                                       (00:00.348 / 00:35.384, 89Mb)
Sushi: info  Loaded hl7.fhir.uv.extensions.r4#5.2.0 with 759 resources                               (00:00.069 / 00:35.453, 89Mb)
Sushi: info  Loaded virtual package sushi-local#LOCAL with 1 resources                               (00:00.007 / 00:35.461, 89Mb)
Sushi: info  Converting FSH to FHIR resources...                                                     (00:00.018 / 00:35.479, 89Mb)
Sushi: info  Converted 26 FHIR StructureDefinitions.                                                 (00:00.812 / 00:36.292, 89Mb)
Sushi: info  Converted 12 FHIR CodeSystems.                                                          (00:02.345 / 00:38.638, 89Mb)
Sushi: info  Converted 26 FHIR ValueSets.                                                            (00:00.481 / 00:39.120, 89Mb)
Sushi: info  Converted 165 FHIR instances.                                                           (00:41.074 / 01:20.195, 89Mb)
Sushi: info  Exporting FHIR resources as JSON...                                                     (00:00.001 / 01:20.195, 89Mb)
Sushi: info  Exported 213 FHIR resources as JSON.                                                    (00:00.201 / 01:20.397, 89Mb)
Sushi: info  Assembling Implementation Guide sources...                                              (00:00.004 / 01:20.402, 89Mb)
Sushi: info  Generated ImplementationGuide-mii-ig-pro.json                                           (00:00.029 / 01:20.431, 89Mb)
Sushi: info  Assembled Implementation Guide sources; ready for IG Publisher.                         (00:00.000 / 01:20.431, 89Mb)
Sushi: ========================= SUSHI RESULTS ===========================                           (00:00.000 / 01:20.432, 89Mb)
Sushi: |  -------------------------------------------------------------  |                           (00:00.000 / 01:20.433, 89Mb)
Sushi: | |    Profiles   |  Extensions  |   Logicals   |   Resources   | |                           (00:00.000 / 01:20.433, 89Mb)
Sushi: | |-------------------------------------------------------------| |                           (00:00.000 / 01:20.433, 89Mb)
Sushi: | |      23       |      2       |      1       |       0       | |                           (00:00.000 / 01:20.433, 89Mb)
Sushi: |  -------------------------------------------------------------  |                           (00:00.000 / 01:20.433, 89Mb)
Sushi: |  -------------------------------------------------------------  |                           (00:00.000 / 01:20.433, 89Mb)
Sushi: | |      ValueSets     |    CodeSystems    |     Instances      | |                           (00:00.000 / 01:20.433, 89Mb)
Sushi: | |-------------------------------------------------------------| |                           (00:00.000 / 01:20.434, 89Mb)
Sushi: | |         26         |        12         |        165         | |                           (00:00.000 / 01:20.434, 89Mb)
Sushi: |  -------------------------------------------------------------  |                           (00:00.000 / 01:20.434, 89Mb)
Sushi: |                                                                 |                           (00:00.000 / 01:20.434, 89Mb)
Sushi: ===================================================================                           (00:00.000 / 01:20.434, 89Mb)
Sushi: | It doesn't get any betta than this!    0 Errors      0 Warnings |                           (00:00.000 / 01:20.434, 89Mb)
Sushi: ===================================================================                           (00:00.000 / 01:20.434, 89Mb)
Root directory: /workspace                                                                           (00:00.019 / 01:20.454, 89Mb)
Unable to load IG as an r5 IG - try R4 (property code is a class com.google.gson.JsonPrimitive looking for an object) (00:00.328 / 01:20.783, 62Mb)
Load Template from #ig-template                                                                      (00:00.402 / 01:21.186, 56Mb)
 Load Template from fhir2.base.template#0.1.0                                                        (00:00.007 / 01:21.193, 56Mb)
[39mInstalling fhir2.base.template#0.1.0 to the package cache
[0;39m[39m  Fetching:
[0;39m[39m
[0;39m[39mInstalling fhir2.base.template#0.1.0
[0;39m[39m done.
[0;39m[39m loaded @ /root/.fhir/packages/fhir2.base.template#0.1.0
[0;39mScanning directory: /workspace/template
======================================================================
Check folders                                                                                        (00:14.337 / 01:35.530, 159Mb)
Source: /workspace/input/predefined-resources                                                        (00:00.000 / 01:35.531, 159Mb)
Source: /workspace/input/capabilities                                                                (00:00.000 / 01:35.531, 159Mb)
Source: /workspace/input/examples                                                                    (00:00.000 / 01:35.531, 159Mb)
Source: /workspace/input/extensions                                                                  (00:00.000 / 01:35.532, 159Mb)
Source: /workspace/input/models                                                                      (00:00.000 / 01:35.532, 159Mb)
Source: /workspace/input/operations                                                                  (00:00.000 / 01:35.532, 159Mb)
Source: /workspace/input/profiles                                                                    (00:00.000 / 01:35.532, 159Mb)
Source: /workspace/input/resources                                                                   (00:00.000 / 01:35.532, 159Mb)
Source: /workspace/input/vocabulary                                                                  (00:00.000 / 01:35.533, 159Mb)
Source: /workspace/input/testing                                                                     (00:00.000 / 01:35.533, 159Mb)
Source: /workspace/input/history                                                                     (00:00.000 / 01:35.533, 159Mb)
Source: /workspace/fsh-generated/resources                                                           (00:00.000 / 01:35.533, 159Mb)
Pages: /workspace/input/intro-notes                                                                  (00:00.031 / 01:35.565, 92Mb)
Pages: /workspace/template/config                                                                    (00:00.000 / 01:35.565, 92Mb)
Pages: /workspace/input/images                                                                       (00:00.000 / 01:35.566, 92Mb)
Output: /workspace/output                                                                            (00:00.000 / 01:35.566, 92Mb)
QA Dir: /workspace/temp/qa                                                                           (00:01.865 / 01:37.432, 114Mb)
Terminology Cache is at /workspace/input-cache/txcache. 19 files in cache                            (00:00.002 / 01:37.435, 114Mb)
Load Terminology Cache from /workspace/input-cache/txcache                                           (00:00.000 / 01:37.435, 114Mb)
Core Package hl7.fhir.r4.core#4.0.1                                                                  (00:00.000 / 01:37.435, 114Mb)
Load hl7.fhir.core-4.0.1 package from /root/.fhir/packages/hl7.fhir.r4.core#4.0.1                    (00:07.882 / 01:45.317, 59Mb)
Running Terminology Log: /tmp/ohfu-fhir-ig-10089781905825821276.html
Connect to Terminology Server at https://tx.fhir.org                                                 (00:01.473 / 01:46.791, 226Mb)
Connect to https://tx.fhir.org/r4                                                                    (00:00.770 / 01:47.561, 229Mb)
[39mInstalling hl7.fhir.pubpack#0.2.5 to the package cache
[0;39m[39m  Fetching:
[0;39m[39m
[0;39m[39mInstalling hl7.fhir.pubpack#0.2.5
[0;39m[39m done.
[0;39m[39m loaded @ /root/.fhir/packages/hl7.fhir.pubpack#0.2.5
[0;39m[39mLoad Package hl7.fhir.pubpack#0.2.5
[0;39m[39mInstalling hl7.fhir.xver-extensions#0.1.0 to the package cache
[0;39m[39m  Fetching:
[0;39m[39m
[0;39m[39mInstalling hl7.fhir.xver-extensions#0.1.0
[0;39m[39m done.
[0;39m[39m loaded @ /root/.fhir/packages/hl7.fhir.xver-extensions#0.1.0
[0;39m[39mLoad Package hl7.fhir.xver-extensions#0.1.0
[0;39mLoad de_basisprofil_r4 (http://fhir.org/packages/de.basisprofil.r4) from de.basisprofil.r4#1.5.4     (00:01.464 / 01:49.026, 263Mb)
[39mLoad Package de.basisprofil.r4#1.5.4
[0;39mLoad de_medizininformatikinitiative_kerndatensatz_meta (https://www.medizininformatik-initiative.de/fhir/modul-meta) from de.medizininformatikinitiative.kerndatensatz.meta#2026.0.0 (00:00.008 / 01:49.034, 267Mb)
[39mLoad Package de.medizininformatikinitiative.kerndatensatz.meta#2026.0.0
[0;39mLoad hl7_fhir_uv_xver_r5_r4 (http://hl7.org/fhir/uv/xver) from hl7.fhir.uv.xver-r5.r4#0.1.0          (00:00.022 / 01:49.057, 292Mb)
[39mInstalling hl7.terminology.r4#7.1.0 to the package cache
[0;39m[39m  Fetching:
[0;39m[39m
[0;39m[39mInstalling hl7.terminology.r4#7.1.0
[0;39m[39m done.
[0;39m[39m loaded @ /root/.fhir/packages/hl7.terminology.r4#7.1.0
[0;39mLoad package dependency hl7.terminology.r4#7.1.0                                                     (00:07.723 / 01:56.780, 329Mb)
Load package dependency hl7.fhir.uv.extensions.r4#5.2.0                                              (00:00.012 / 01:56.792, 362Mb)
[39mLoad Package hl7.fhir.uv.extensions.r4#5.2.0
[0;39m[39mLoad Package hl7.terminology.r4#7.1.0
[0;39m[39mLoad Package hl7.fhir.uv.xver-r5.r4#0.1.0
[0;39mLoad hl7_fhir_uv_crmi (http://hl7.org/fhir/uv/crmi) from hl7.fhir.uv.crmi#2.0.0                      (00:01.237 / 01:58.030, 321Mb)
[39mInstalling hl7.terminology.r4#7.2.0 to the package cache
[0;39m[39m  Fetching:
[0;39m[39m
[0;39m[39mInstalling hl7.terminology.r4#7.2.0
[0;39m[39m done.
[0;39m[39m loaded @ /root/.fhir/packages/hl7.terminology.r4#7.2.0
[0;39mLoad package dependency hl7.terminology.r4#7.2.0                                                     (00:08.414 / 02:06.445, 310Mb)
[39mInstalling hl7.fhir.uv.extensions.r4#5.3.0 to the package cache
[0;39m[39m  Fetching:
[0;39m[39m
[0;39m[39mInstalling hl7.fhir.uv.extensions.r4#5.3.0
[0;39m[39m done.
[0;39m[39m loaded @ /root/.fhir/packages/hl7.fhir.uv.extensions.r4#5.3.0
[0;39mLoad package dependency hl7.fhir.uv.extensions.r4#5.3.0                                              (00:02.487 / 02:08.932, 377Mb)
[39mLoad Package hl7.fhir.uv.extensions.r4#5.3.0
[0;39m[39mLoad Package hl7.terminology.r4#7.2.0
[0;39m[39mLoad Package hl7.fhir.uv.crmi#2.0.0
[0;39mLoad hl7_terminology_r4 (http://terminology.hl7.org) from hl7.terminology.r4#7.3.0                   (00:00.874 / 02:09.807, 665Mb)
[39mLoad Package hl7.terminology.r4#7.3.0
[0;39mLoad ext (http://hl7.org/fhir/extensions) from hl7.fhir.uv.extensions.r4#5.2.0                       (00:01.020 / 02:10.827, 967Mb)
[39mLoad Package hl7.fhir.uv.extensions.r4#5.2.0
[0;39mLoad hl7_fhir_uv_sdc (http://hl7.org/fhir/uv/sdc) from hl7.fhir.uv.sdc#3.0.0                         (00:00.003 / 02:10.831, 973Mb)
Ignore Dependency on Core FHIR hl7.fhir.r4.examples#4.0.1, from package 'hl7.fhir.uv.sdc#3.0.0'      (00:00.007 / 02:10.839, 975Mb)
[39mLoad Package hl7.fhir.uv.sdc#3.0.0
[0;39mLoad de_gematik_isik (http://fhir.org/packages/de.gematik.isik) from de.gematik.isik#5.1.1           (00:00.029 / 02:10.868, 981Mb)
[39mInstalling hl7.fhir.uv.subscriptions-backport.r4#1.1.0 to the package cache
[0;39m[39m  Fetching:
[0;39m[39m
[0;39m[39mInstalling hl7.fhir.uv.subscriptions-backport.r4#1.1.0
[0;39m[39m done.
[0;39m[39m loaded @ /root/.fhir/packages/hl7.fhir.uv.subscriptions-backport.r4#1.1.0
[0;39mLoad package dependency hl7.fhir.uv.subscriptions-backport.r4#1.1.0                                  (00:00.700 / 02:11.569, 350Mb)
[39mInstalling hl7.terminology.r4#5.0.0 to the package cache
[0;39m[39m  Fetching:
[0;39m[39m
[0;39m[39mInstalling hl7.terminology.r4#5.0.0
[0;39m[39m done.
[0;39m[39m loaded @ /root/.fhir/packages/hl7.terminology.r4#5.0.0
[0;39mVersion mismatch. This IG is for FHIR version 4.0.1, while the package 'hl7.fhir.uv.subscriptions-backport.r4#1.1.0' is for FHIR version 4.0.0 (will ignore that and try to run anyway) (00:15.111 / 02:26.681, 679Mb)
Load package dependency hl7.terminology.r4#5.0.0                                                     (00:00.000 / 02:26.681, 679Mb)
[39mLoad Package hl7.terminology.r4#5.0.0
[0;39mIgnore Dependency on Core FHIR hl7.fhir.r4.core#4.0.0, from package 'hl7.fhir.uv.subscriptions-backport.r4#1.1.0' (00:01.280 / 02:27.962, 902Mb)
[39mLoad Package hl7.fhir.uv.subscriptions-backport.r4#1.1.0
[0;39m[39mInstalling de.ihe-d.terminology#3.0.1 to the package cache
[0;39m[39m  Fetching:
[0;39m[39m
[0;39m[39mInstalling de.ihe-d.terminology#3.0.1
[0;39m[39m done.
[0;39m[39m loaded @ /root/.fhir/packages/de.ihe-d.terminology#3.0.1
[0;39mLoad package dependency de.ihe-d.terminology#3.0.1                                                   (00:00.788 / 02:28.750, 906Mb)
[39mLoad Package de.ihe-d.terminology#3.0.1
[0;39m[39mInstalling dvmd.kdl.r4#2025.0.1 to the package cache
[0;39m[39m  Fetching:
[0;39m[39m
[0;39m[39mInstalling dvmd.kdl.r4#2025.0.1
[0;39m[39m done.
[0;39m[39m loaded @ /root/.fhir/packages/dvmd.kdl.r4#2025.0.1
[0;39mLoad package dependency dvmd.kdl.r4#2025.0.1                                                         (00:00.310 / 02:29.061, 910Mb)
[39mLoad Package dvmd.kdl.r4#2025.0.1
[0;39m[39mInstalling de.gematik.terminology#1.0.6 to the package cache
[0;39m[39m  Fetching:
[0;39m[39m
[0;39m[39mInstalling de.gematik.terminology#1.0.6
[0;39m[39m done.
[0;39m[39m loaded @ /root/.fhir/packages/de.gematik.terminology#1.0.6
[0;39mLoad package dependency de.gematik.terminology#1.0.6                                                 (00:00.826 / 02:29.887, 402Mb)
[39mInstalling hl7.terminology.r4#6.3.0 to the package cache
[0;39m[39m  Fetching:
[0;39m[39m
[0;39m[39mInstalling hl7.terminology.r4#6.3.0
[0;39m[39m done.
[0;39m[39m loaded @ /root/.fhir/packages/hl7.terminology.r4#6.3.0
[0;39mLoad package dependency hl7.terminology.r4#6.3.0                                                     (00:24.148 / 02:54.035, 659Mb)
[39mLoad Package hl7.terminology.r4#6.3.0
[0;39m[39mInstalling dvmd.kdl.r4#2025.0.0 to the package cache
[0;39m[39m  Fetching:
[0;39m[39m
[0;39m[39mInstalling dvmd.kdl.r4#2025.0.0
[0;39m[39m done.
[0;39m[39m loaded @ /root/.fhir/packages/dvmd.kdl.r4#2025.0.0
[0;39mLoad package dependency dvmd.kdl.r4#2025.0.0                                                         (00:02.307 / 02:56.343, 398Mb)
[39mLoad Package dvmd.kdl.r4#2025.0.0
[0;39m[39mLoad Package de.gematik.terminology#1.0.6
[0;39m[39mInstalling de.fhir.medication#1.0.0 to the package cache
[0;39m[39m  Fetching:
[0;39m[39m
[0;39m[39mInstalling de.fhir.medication#1.0.0
[0;39m[39m done.
[0;39m[39m loaded @ /root/.fhir/packages/de.fhir.medication#1.0.0
[0;39mLoad package dependency de.fhir.medication#1.0.0                                                     (00:02.008 / 02:58.352, 444Mb)
[39mInstalling hl7.terminology.r4#6.5.0 to the package cache
[0;39m[39m  Fetching:
[0;39m[39m
[0;39m[39mInstalling hl7.terminology.r4#6.5.0
[0;39m[39m done.
[0;39m[39m loaded @ /root/.fhir/packages/hl7.terminology.r4#6.5.0
[0;39mLoad package dependency hl7.terminology.r4#6.5.0                                                     (00:24.605 / 03:22.957, 702Mb)
[39mLoad Package hl7.terminology.r4#6.5.0
[0;39m[39mLoad Package de.fhir.medication#1.0.0
[0;39m[39mInstalling de.gematik.ti#1.1.1 to the package cache
[0;39m[39m  Fetching:
[0;39m[39m
[0;39m[39mInstalling de.gematik.ti#1.1.1
[0;39m[39m done.
[0;39m[39m loaded @ /root/.fhir/packages/de.gematik.ti#1.1.1
[0;39mLoad package dependency de.gematik.ti#1.1.1                                                          (00:02.869 / 03:25.827, 597Mb)
[39mInstalling de.gematik.terminology#1.0.7 to the package cache
[0;39m[39m  Fetching:
[0;39m[39m
[0;39m[39mInstalling de.gematik.terminology#1.0.7
[0;39m[39m done.
[0;39m[39m loaded @ /root/.fhir/packages/de.gematik.terminology#1.0.7
[0;39mLoad package dependency de.gematik.terminology#1.0.7                                                 (00:01.157 / 03:26.985, 617Mb)
[39mLoad Package de.gematik.terminology#1.0.7
[0;39m[39mLoad Package de.gematik.ti#1.1.1
[0;39m[39mLoad Package de.gematik.isik#5.1.1
[0;39mLoad igtools (http://hl7.org/fhir/tools) from hl7.fhir.uv.tools.r4#1.1.2                             (00:00.049 / 03:27.034, 721Mb)
[39mLoad Package hl7.fhir.uv.tools.r4#1.1.2
[0;39mLoad R5 Specials
[39mInstalling hl7.fhir.r5.core#5.0.0 to the package cache
[0;39m[39m  Fetching:
[0;39m[39m
[0;39m[39mInstalling hl7.fhir.r5.core#5.0.0
[0;39m[39m done.
[0;39m[39m loaded @ /root/.fhir/packages/hl7.fhir.r5.core#5.0.0
[0;39m[33mCan't find Quantity profile https://gematik.de/fhir/isik/StructureDefinition/MedicationQuantity but trying to go on
[0;39m[33mCan't find Quantity profile http://hl7.org/fhir/StructureDefinition/SimpleQuantity but trying to go on
[0;39mInitialization complete                                                                              (00:19.574 / 03:46.609, 1Gb)
Load IG                                                                                              (00:00.000 / 03:46.610, 1Gb)
Load Translations                                                                                    (00:00.003 / 03:46.613, 1Gb)
Load Content                                                                                         (00:00.000 / 03:46.613, 1Gb)
-force-language=null defaultTranslationLang=en sourceIg.language=en sourceIg.jurisdiction=DE         (00:00.026 / 03:46.640, 1Gb)
Using en as the default narrative language. (Implementation Guide param i18n-default-lang)           (00:00.000 / 03:46.640, 1Gb)
Loaded 214 files from /workspace/fsh-generated/resources                                             (00:00.264 / 03:46.905, 1Gb)
Loaded 1 files from /workspace/input/resources                                                       (00:00.001 / 03:46.906, 1Gb)
load /workspace/fsh-generated/resources/Bundle-mii-exa-pro-bdi-ii-bundle.json                        (00:00.001 / 03:46.907, 1Gb)
load /workspace/fsh-generated/resources/Bundle-mii-exa-pro-eortc-qlq-c30-bundle.json                 (00:00.003 / 03:46.911, 1Gb)
load /workspace/fsh-generated/resources/Bundle-mii-exa-pro-phq-9-bundle.json                         (00:00.019 / 03:46.931, 707Mb)
load /workspace/fsh-generated/resources/Bundle-mii-exa-pro-promis-29-bundle.json                     (00:00.005 / 03:46.936, 711Mb)
load /workspace/fsh-generated/resources/Bundle-mii-exa-pro-promis-depression-sf4a-bundle.json        (00:00.002 / 03:46.938, 713Mb)
load /workspace/fsh-generated/resources/CapabilityStatement-mii-cps-pro-capabilitystatement.json     (00:00.000 / 03:46.939, 714Mb)
load /workspace/fsh-generated/resources/CodeSystem-mii-cs-pro-bdi-bdi2.json                          (00:00.001 / 03:46.940, 716Mb)
load /workspace/fsh-generated/resources/CodeSystem-mii-cs-pro-dass-21.json                           (00:00.000 / 03:46.941, 716Mb)
load /workspace/fsh-generated/resources/CodeSystem-mii-cs-pro-eortc-qlq-c30.json                     (00:00.000 / 03:46.942, 717Mb)
load /workspace/fsh-generated/resources/CodeSystem-mii-cs-pro-eq-5d-value-set.json                   (00:00.001 / 03:46.943, 717Mb)
load /workspace/fsh-generated/resources/CodeSystem-mii-cs-pro-isr-z-answers.json                     (00:00.001 / 03:46.944, 718Mb)
load /workspace/fsh-generated/resources/CodeSystem-mii-cs-pro-midos2.json                            (00:00.000 / 03:46.945, 719Mb)
load /workspace/fsh-generated/resources/CodeSystem-mii-cs-pro-phq-15-answers.json                    (00:00.000 / 03:46.946, 719Mb)
load /workspace/fsh-generated/resources/CodeSystem-mii-cs-pro-pro-ctcae.json                         (00:00.000 / 03:46.946, 719Mb)
load /workspace/fsh-generated/resources/CodeSystem-mii-cs-pro-questionnaire-catalogue.json           (00:00.002 / 03:46.949, 724Mb)
load /workspace/fsh-generated/resources/CodeSystem-mii-cs-pro-score-catalogue.json                   (00:00.000 / 03:46.950, 724Mb)
load /workspace/fsh-generated/resources/CodeSystem-mii-cs-pro-ssd-12-answers.json                    (00:00.000 / 03:46.951, 725Mb)
load /workspace/fsh-generated/resources/CodeSystem-mii-cs-pro-whodas-12.json                         (00:00.000 / 03:46.951, 725Mb)
load /workspace/fsh-generated/resources/ConceptMap-mii-cm-pro-gad-7-linkids.json                     (00:00.000 / 03:46.952, 725Mb)
load /workspace/fsh-generated/resources/ConceptMap-mii-cm-pro-phq-9-linkid-migration.json            (00:00.001 / 03:46.953, 726Mb)
load /workspace/fsh-generated/resources/Observation-mii-exa-pro-bdi-ii-observation.json              (00:00.000 / 03:46.954, 726Mb)
load /workspace/fsh-generated/resources/Observation-mii-exa-pro-dass-dass21-score-anxiety-equiv.json (00:00.000 / 03:46.955, 726Mb)
load /workspace/fsh-generated/resources/Observation-mii-exa-pro-dass-dass21-score-anxiety-raw.json   (00:00.000 / 03:46.956, 726Mb)
load /workspace/fsh-generated/resources/Observation-mii-exa-pro-dass-dass21-score-depression-equiv.json (00:00.000 / 03:46.957, 727Mb)
load /workspace/fsh-generated/resources/Observation-mii-exa-pro-dass-dass21-score-depression-raw.json (00:00.000 / 03:46.957, 727Mb)
load /workspace/fsh-generated/resources/Observation-mii-exa-pro-dass-dass21-score-stress-equiv.json  (00:00.000 / 03:46.958, 727Mb)
load /workspace/fsh-generated/resources/Observation-mii-exa-pro-dass-dass21-score-stress-raw.json    (00:00.000 / 03:46.959, 727Mb)
load /workspace/fsh-generated/resources/Observation-mii-exa-pro-eortc-qlq-c30-observation-ap.json    (00:00.000 / 03:46.959, 728Mb)
load /workspace/fsh-generated/resources/Observation-mii-exa-pro-eortc-qlq-c30-observation-cf.json    (00:00.000 / 03:46.960, 728Mb)
load /workspace/fsh-generated/resources/Observation-mii-exa-pro-eortc-qlq-c30-observation-co.json    (00:00.000 / 03:46.960, 728Mb)
load /workspace/fsh-generated/resources/Observation-mii-exa-pro-eortc-qlq-c30-observation-di.json    (00:00.000 / 03:46.961, 728Mb)
load /workspace/fsh-generated/resources/Observation-mii-exa-pro-eortc-qlq-c30-observation-dy.json    (00:00.000 / 03:46.962, 728Mb)
load /workspace/fsh-generated/resources/Observation-mii-exa-pro-eortc-qlq-c30-observation-ef.json    (00:00.000 / 03:46.962, 729Mb)
load /workspace/fsh-generated/resources/Observation-mii-exa-pro-eortc-qlq-c30-observation-fa.json    (00:00.000 / 03:46.963, 729Mb)
load /workspace/fsh-generated/resources/Observation-mii-exa-pro-eortc-qlq-c30-observation-fi.json    (00:00.000 / 03:46.964, 729Mb)
load /workspace/fsh-generated/resources/Observation-mii-exa-pro-eortc-qlq-c30-observation-nv.json    (00:00.000 / 03:46.964, 729Mb)
load /workspace/fsh-generated/resources/Observation-mii-exa-pro-eortc-qlq-c30-observation-pa.json    (00:00.000 / 03:46.965, 730Mb)
load /workspace/fsh-generated/resources/Observation-mii-exa-pro-eortc-qlq-c30-observation-pf.json    (00:00.000 / 03:46.965, 730Mb)
load /workspace/fsh-generated/resources/Observation-mii-exa-pro-eortc-qlq-c30-observation-ql.json    (00:00.000 / 03:46.966, 730Mb)
load /workspace/fsh-generated/resources/Observation-mii-exa-pro-eortc-qlq-c30-observation-rf.json    (00:00.000 / 03:46.967, 730Mb)
load /workspace/fsh-generated/resources/Observation-mii-exa-pro-eortc-qlq-c30-observation-sf.json    (00:00.000 / 03:46.967, 731Mb)
load /workspace/fsh-generated/resources/Observation-mii-exa-pro-eortc-qlq-c30-observation-sl.json    (00:00.000 / 03:46.968, 731Mb)
load /workspace/fsh-generated/resources/Observation-mii-exa-pro-gad-7-score.json                     (00:00.000 / 03:46.969, 731Mb)
load /workspace/fsh-generated/resources/Observation-mii-exa-pro-isr-z-score.json                     (00:00.000 / 03:46.970, 731Mb)
load /workspace/fsh-generated/resources/Observation-mii-exa-pro-pc-ptsd-score.json                   (00:00.000 / 03:46.970, 731Mb)
load /workspace/fsh-generated/resources/Observation-mii-exa-pro-phq-15-observation.json              (00:00.000 / 03:46.971, 732Mb)
load /workspace/fsh-generated/resources/Observation-mii-exa-pro-phq-9-observation.json               (00:00.000 / 03:46.972, 732Mb)
load /workspace/fsh-generated/resources/Observation-mii-exa-pro-promis-depression-sf4a-raw-score.json (00:00.001 / 03:46.973, 732Mb)
load /workspace/fsh-generated/resources/Observation-mii-exa-pro-promis-depression-sf4a-tscore.json   (00:00.000 / 03:46.974, 733Mb)
load /workspace/fsh-generated/resources/Observation-mii-exa-pro-promis-depression-tscore-from-bdi-ii-observation.json (00:00.000 / 03:46.974, 733Mb)
load /workspace/fsh-generated/resources/Observation-mii-exa-pro-scoff-score.json                     (00:00.001 / 03:46.975, 733Mb)
load /workspace/fsh-generated/resources/Observation-mii-exa-pro-ssd-12-score.json                    (00:00.000 / 03:46.976, 733Mb)
load /workspace/fsh-generated/resources/Observation-mii-exa-pro-whodas12-score-simple-sum.json       (00:00.000 / 03:46.977, 734Mb)
load /workspace/fsh-generated/resources/Observation-mii-exa-pro-wi-7-score.json                      (00:00.000 / 03:46.978, 734Mb)
load /workspace/fsh-generated/resources/ObservationDefinition-mii-obsdef-pro-depression-t-score.json (00:00.000 / 03:46.979, 734Mb)
load /workspace/fsh-generated/resources/ObservationDefinition-mii-obsdef-pro-eortc-qlq-c30-ap.json   (00:00.001 / 03:46.980, 735Mb)
load /workspace/fsh-generated/resources/ObservationDefinition-mii-obsdef-pro-eortc-qlq-c30-cf.json   (00:00.000 / 03:46.981, 735Mb)
load /workspace/fsh-generated/resources/ObservationDefinition-mii-obsdef-pro-eortc-qlq-c30-co.json   (00:00.000 / 03:46.981, 735Mb)
load /workspace/fsh-generated/resources/ObservationDefinition-mii-obsdef-pro-eortc-qlq-c30-di.json   (00:00.000 / 03:46.982, 735Mb)
load /workspace/fsh-generated/resources/ObservationDefinition-mii-obsdef-pro-eortc-qlq-c30-dy.json   (00:00.000 / 03:46.983, 736Mb)
load /workspace/fsh-generated/resources/ObservationDefinition-mii-obsdef-pro-eortc-qlq-c30-ef.json   (00:00.000 / 03:46.984, 736Mb)
load /workspace/fsh-generated/resources/ObservationDefinition-mii-obsdef-pro-eortc-qlq-c30-fa.json   (00:00.000 / 03:46.984, 736Mb)
load /workspace/fsh-generated/resources/ObservationDefinition-mii-obsdef-pro-eortc-qlq-c30-fi.json   (00:00.000 / 03:46.985, 736Mb)
load /workspace/fsh-generated/resources/ObservationDefinition-mii-obsdef-pro-eortc-qlq-c30-nv.json   (00:00.000 / 03:46.986, 736Mb)
load /workspace/fsh-generated/resources/ObservationDefinition-mii-obsdef-pro-eortc-qlq-c30-pa.json   (00:00.000 / 03:46.986, 737Mb)
load /workspace/fsh-generated/resources/ObservationDefinition-mii-obsdef-pro-eortc-qlq-c30-pf.json   (00:00.000 / 03:46.987, 737Mb)
load /workspace/fsh-generated/resources/ObservationDefinition-mii-obsdef-pro-eortc-qlq-c30-ql.json   (00:00.000 / 03:46.987, 737Mb)
load /workspace/fsh-generated/resources/ObservationDefinition-mii-obsdef-pro-eortc-qlq-c30-rf.json   (00:00.000 / 03:46.988, 737Mb)
load /workspace/fsh-generated/resources/ObservationDefinition-mii-obsdef-pro-eortc-qlq-c30-sf.json   (00:00.000 / 03:46.988, 737Mb)
load /workspace/fsh-generated/resources/ObservationDefinition-mii-obsdef-pro-eortc-qlq-c30-sl.json   (00:00.000 / 03:46.989, 738Mb)
load /workspace/fsh-generated/resources/ObservationDefinition-mii-obsdef-pro-promis-29-anxiety-tscore.json (00:00.000 / 03:46.990, 738Mb)
load /workspace/fsh-generated/resources/ObservationDefinition-mii-obsdef-pro-promis-29-depression-tscore.json (00:00.000 / 03:46.990, 738Mb)
load /workspace/fsh-generated/resources/ObservationDefinition-mii-obsdef-pro-promis-29-fatigue-tscore.json (00:00.000 / 03:46.991, 739Mb)
load /workspace/fsh-generated/resources/ObservationDefinition-mii-obsdef-pro-promis-29-pain-intensity.json (00:00.001 / 03:46.992, 739Mb)
load /workspace/fsh-generated/resources/ObservationDefinition-mii-obsdef-pro-promis-29-pain-interference-tscore.json (00:00.001 / 03:46.993, 739Mb)
load /workspace/fsh-generated/resources/ObservationDefinition-mii-obsdef-pro-promis-29-physical-function-tscore.json (00:00.001 / 03:46.994, 740Mb)
load /workspace/fsh-generated/resources/ObservationDefinition-mii-obsdef-pro-promis-29-sleep-disturbance-tscore.json (00:00.000 / 03:46.995, 740Mb)
load /workspace/fsh-generated/resources/ObservationDefinition-mii-obsdef-pro-promis-29-social-function-tscore.json (00:00.000 / 03:46.996, 740Mb)
load /workspace/fsh-generated/resources/ObservationDefinition-mii-obsdef-pro-promis-cognitive-function-sf4a-raw-score.json (00:00.001 / 03:46.997, 741Mb)
load /workspace/fsh-generated/resources/ObservationDefinition-mii-obsdef-pro-promis-cognitive-function-sf4a-tscore.json (00:00.000 / 03:46.998, 741Mb)
load /workspace/fsh-generated/resources/ObservationDefinition-mii-obsdef-pro-score-bdi-ii.json       (00:00.000 / 03:46.999, 741Mb)
load /workspace/fsh-generated/resources/ObservationDefinition-mii-obsdef-pro-score-dass21-anxiety-equiv.json (00:00.000 / 03:46.999, 742Mb)
load /workspace/fsh-generated/resources/ObservationDefinition-mii-obsdef-pro-score-dass21-anxiety-raw.json (00:00.000 / 03:47.000, 742Mb)
load /workspace/fsh-generated/resources/ObservationDefinition-mii-obsdef-pro-score-dass21-depression-equiv.json (00:00.000 / 03:47.001, 742Mb)
load /workspace/fsh-generated/resources/ObservationDefinition-mii-obsdef-pro-score-dass21-depression-raw.json (00:00.000 / 03:47.001, 742Mb)
load /workspace/fsh-generated/resources/ObservationDefinition-mii-obsdef-pro-score-dass21-stress-equiv.json (00:00.000 / 03:47.002, 743Mb)
load /workspace/fsh-generated/resources/ObservationDefinition-mii-obsdef-pro-score-dass21-stress-raw.json (00:00.000 / 03:47.003, 743Mb)
load /workspace/fsh-generated/resources/ObservationDefinition-mii-obsdef-pro-score-eq5d5l-index.json (00:00.000 / 03:47.004, 743Mb)
load /workspace/fsh-generated/resources/ObservationDefinition-mii-obsdef-pro-score-eq5d5l-profile.json (00:00.000 / 03:47.005, 744Mb)
load /workspace/fsh-generated/resources/ObservationDefinition-mii-obsdef-pro-score-eq5d5l-vas.json   (00:00.000 / 03:47.005, 744Mb)
load /workspace/fsh-generated/resources/ObservationDefinition-mii-obsdef-pro-score-gad-7.json        (00:00.000 / 03:47.006, 744Mb)
load /workspace/fsh-generated/resources/ObservationDefinition-mii-obsdef-pro-score-isr-z.json        (00:00.000 / 03:47.007, 745Mb)
load /workspace/fsh-generated/resources/ObservationDefinition-mii-obsdef-pro-score-pc-ptsd.json      (00:00.000 / 03:47.008, 745Mb)
load /workspace/fsh-generated/resources/ObservationDefinition-mii-obsdef-pro-score-phq-15.json       (00:00.000 / 03:47.009, 745Mb)
load /workspace/fsh-generated/resources/ObservationDefinition-mii-obsdef-pro-score-phq-9.json        (00:00.000 / 03:47.010, 746Mb)
load /workspace/fsh-generated/resources/ObservationDefinition-mii-obsdef-pro-score-proctcae-acs.json (00:00.001 / 03:47.011, 746Mb)
load /workspace/fsh-generated/resources/ObservationDefinition-mii-obsdef-pro-score-proctcae-composite-grade.json (00:00.000 / 03:47.011, 746Mb)
load /workspace/fsh-generated/resources/ObservationDefinition-mii-obsdef-pro-score-scoff.json        (00:00.000 / 03:47.012, 747Mb)
load /workspace/fsh-generated/resources/ObservationDefinition-mii-obsdef-pro-score-ssd-12.json       (00:00.000 / 03:47.013, 747Mb)
load /workspace/fsh-generated/resources/ObservationDefinition-mii-obsdef-pro-score-whodas12-simple-sum.json (00:00.000 / 03:47.013, 747Mb)
load /workspace/fsh-generated/resources/ObservationDefinition-mii-obsdef-pro-score-wi-7.json         (00:00.000 / 03:47.014, 748Mb)
load /workspace/fsh-generated/resources/Patient-mii-exa-pro-patient.json                             (00:00.000 / 03:47.015, 748Mb)
load /workspace/fsh-generated/resources/Questionnaire-mii-qst-pro-bdi-bdi2.json                      (00:00.000 / 03:47.015, 748Mb)
load /workspace/fsh-generated/resources/Questionnaire-mii-qst-pro-ces-d.json                         (00:00.001 / 03:47.016, 749Mb)
load /workspace/fsh-generated/resources/Questionnaire-mii-qst-pro-dass-dass21.json                   (00:00.000 / 03:47.017, 749Mb)
load /workspace/fsh-generated/resources/Questionnaire-mii-qst-pro-eortc-qlq-c30-variant-a.json       (00:00.002 / 03:47.020, 755Mb)
load /workspace/fsh-generated/resources/Questionnaire-mii-qst-pro-eortc-qlq-c30-variant-b.json       (00:00.001 / 03:47.021, 756Mb)
load /workspace/fsh-generated/resources/Questionnaire-mii-qst-pro-eortc-qlq-c30.json                 (00:00.001 / 03:47.022, 758Mb)
load /workspace/fsh-generated/resources/Questionnaire-mii-qst-pro-epds.json                          (00:00.001 / 03:47.024, 760Mb)
load /workspace/fsh-generated/resources/Questionnaire-mii-qst-pro-euronet-soma.json                  (00:00.000 / 03:47.025, 760Mb)
load /workspace/fsh-generated/resources/Questionnaire-mii-qst-pro-euroqol-eq5d5l-answer-coding.json  (00:00.000 / 03:47.025, 761Mb)
load /workspace/fsh-generated/resources/Questionnaire-mii-qst-pro-euroqol-eq5d5l-collectable.json    (00:00.000 / 03:47.026, 762Mb)
load /workspace/fsh-generated/resources/Questionnaire-mii-qst-pro-euroqol-eq5d5l-displayable.json    (00:00.003 / 03:47.030, 764Mb)
load /workspace/fsh-generated/resources/Questionnaire-mii-qst-pro-euroqol-eq5d5l-minimal.json        (00:00.002 / 03:47.032, 766Mb)
load /workspace/fsh-generated/resources/Questionnaire-mii-qst-pro-gad-7.json                         (00:00.001 / 03:47.033, 767Mb)
load /workspace/fsh-generated/resources/Questionnaire-mii-qst-pro-hads.json                          (00:00.001 / 03:47.035, 769Mb)
load /workspace/fsh-generated/resources/Questionnaire-mii-qst-pro-isr-z.json                         (00:00.000 / 03:47.036, 769Mb)
load /workspace/fsh-generated/resources/Questionnaire-mii-qst-pro-k6.json                            (00:00.000 / 03:47.037, 770Mb)
load /workspace/fsh-generated/resources/Questionnaire-mii-qst-pro-midos-midos2.json                  (00:00.000 / 03:47.037, 770Mb)
load /workspace/fsh-generated/resources/Questionnaire-mii-qst-pro-pc-ptsd.json                       (00:00.001 / 03:47.038, 771Mb)
load /workspace/fsh-generated/resources/Questionnaire-mii-qst-pro-phq-15.json                        (00:00.000 / 03:47.039, 771Mb)
load /workspace/fsh-generated/resources/Questionnaire-mii-qst-pro-phq-9.json                         (00:00.001 / 03:47.041, 773Mb)
load /workspace/fsh-generated/resources/Questionnaire-mii-qst-pro-pro-ctcae-breast-de.json           (00:00.002 / 03:47.043, 776Mb)
load /workspace/fsh-generated/resources/Questionnaire-mii-qst-pro-pro-ctcae-onkologisches-basisscreening.json (00:00.001 / 03:47.044, 777Mb)
load /workspace/fsh-generated/resources/Questionnaire-mii-qst-pro-promis-16.json                     (00:00.001 / 03:47.046, 778Mb)
load /workspace/fsh-generated/resources/Questionnaire-mii-qst-pro-promis-29-de.json                  (00:00.001 / 03:47.047, 779Mb)
load /workspace/fsh-generated/resources/Questionnaire-mii-qst-pro-promis-29-minimal.json             (00:00.005 / 03:47.052, 788Mb)
load /workspace/fsh-generated/resources/Questionnaire-mii-qst-pro-promis-29.json                     (00:00.001 / 03:47.054, 789Mb)
load /workspace/fsh-generated/resources/Questionnaire-mii-qst-pro-promis-cognitive-function-sf4a.json (00:00.005 / 03:47.059, 798Mb)
load /workspace/fsh-generated/resources/Questionnaire-mii-qst-pro-promis-depression-sf4a.json        (00:00.001 / 03:47.061, 800Mb)
load /workspace/fsh-generated/resources/Questionnaire-mii-qst-pro-scoff.json                         (00:00.001 / 03:47.062, 802Mb)
load /workspace/fsh-generated/resources/Questionnaire-mii-qst-pro-ssd-12.json                        (00:00.001 / 03:47.064, 803Mb)
load /workspace/fsh-generated/resources/Questionnaire-mii-qst-pro-whodas-whodas12.json               (00:00.001 / 03:47.065, 803Mb)
load /workspace/fsh-generated/resources/Questionnaire-mii-qst-pro-wi-7.json                          (00:00.001 / 03:47.067, 804Mb)
load /workspace/fsh-generated/resources/QuestionnaireResponse-mii-exa-pro-bdi-bdi2.json              (00:00.001 / 03:47.068, 805Mb)
load /workspace/fsh-generated/resources/QuestionnaireResponse-mii-exa-pro-dass-dass21-response-01.json (00:00.001 / 03:47.069, 806Mb)
load /workspace/fsh-generated/resources/QuestionnaireResponse-mii-exa-pro-eortc-qlq-c30-response.json (00:00.000 / 03:47.070, 806Mb)
load /workspace/fsh-generated/resources/QuestionnaireResponse-mii-exa-pro-euronet-soma-response.json (00:00.000 / 03:47.071, 807Mb)
load /workspace/fsh-generated/resources/QuestionnaireResponse-mii-exa-pro-euroqol-eq5d5l-coded-response.json (00:00.000 / 03:47.071, 808Mb)
load /workspace/fsh-generated/resources/QuestionnaireResponse-mii-exa-pro-euroqol-eq5d5l-response.json (00:00.000 / 03:47.072, 808Mb)
load /workspace/fsh-generated/resources/QuestionnaireResponse-mii-exa-pro-gad-7-response.json        (00:00.000 / 03:47.073, 808Mb)
load /workspace/fsh-generated/resources/QuestionnaireResponse-mii-exa-pro-isr-z-response.json        (00:00.000 / 03:47.073, 808Mb)
load /workspace/fsh-generated/resources/QuestionnaireResponse-mii-exa-pro-midos2-response-01.json    (00:00.000 / 03:47.074, 809Mb)
load /workspace/fsh-generated/resources/QuestionnaireResponse-mii-exa-pro-pc-ptsd-response.json      (00:00.000 / 03:47.075, 809Mb)
load /workspace/fsh-generated/resources/QuestionnaireResponse-mii-exa-pro-phq-15-response.json       (00:00.000 / 03:47.076, 810Mb)
load /workspace/fsh-generated/resources/QuestionnaireResponse-mii-exa-pro-phq-9-response.json        (00:00.000 / 03:47.076, 810Mb)
load /workspace/fsh-generated/resources/QuestionnaireResponse-mii-exa-pro-pro-ctcae-onkologisches-basisscreening-response-01.json (00:00.000 / 03:47.077, 811Mb)
load /workspace/fsh-generated/resources/QuestionnaireResponse-mii-exa-pro-promis-29-de-response.json (00:00.001 / 03:47.079, 811Mb)
load /workspace/fsh-generated/resources/QuestionnaireResponse-mii-exa-pro-promis-29-response.json    (00:00.001 / 03:47.080, 812Mb)
load /workspace/fsh-generated/resources/QuestionnaireResponse-mii-exa-pro-promis-depression-sf4a-response.json (00:00.001 / 03:47.081, 813Mb)
load /workspace/fsh-generated/resources/QuestionnaireResponse-mii-exa-pro-scoff-response.json        (00:00.000 / 03:47.082, 814Mb)
load /workspace/fsh-generated/resources/QuestionnaireResponse-mii-exa-pro-ssd-12-response.json       (00:00.001 / 03:47.083, 814Mb)
load /workspace/fsh-generated/resources/QuestionnaireResponse-mii-exa-pro-whodas12-response-01.json  (00:00.000 / 03:47.084, 815Mb)
load /workspace/fsh-generated/resources/QuestionnaireResponse-mii-exa-pro-wi-7-response.json         (00:00.000 / 03:47.085, 815Mb)
load /workspace/fsh-generated/resources/SearchParameter-mii-sp-pro-observationdefinition-code.json   (00:00.000 / 03:47.085, 815Mb)
load /workspace/fsh-generated/resources/SearchParameter-mii-sp-pro-observationdefinition-health-correlation.json (00:00.000 / 03:47.086, 816Mb)
load /workspace/fsh-generated/resources/SearchParameter-mii-sp-pro-observationdefinition-interval-category.json (00:00.000 / 03:47.087, 816Mb)
load /workspace/fsh-generated/resources/SearchParameter-mii-sp-pro-observationdefinition-permitted-datatype.json (00:00.000 / 03:47.088, 816Mb)
load /workspace/fsh-generated/resources/SearchParameter-mii-sp-pro-observationdefinition-preferred-report-name.json (00:00.000 / 03:47.088, 817Mb)
load /workspace/fsh-generated/resources/SearchParameter-mii-sp-pro-observationdefinition-unit.json   (00:00.000 / 03:47.089, 817Mb)
load /workspace/fsh-generated/resources/SearchParameter-mii-sp-pro-questionnaire-capabilities.json   (00:00.000 / 03:47.089, 817Mb)
load /workspace/fsh-generated/resources/StructureDefinition-mii-ex-pro-questionnaire-capabilities.json (00:00.000 / 03:47.090, 817Mb)
load /workspace/fsh-generated/resources/StructureDefinition-mii-ex-pro-score-score-health-correlation.json (00:00.001 / 03:47.091, 818Mb)
load /workspace/fsh-generated/resources/StructureDefinition-mii-lm-pro.json                          (00:00.000 / 03:47.092, 818Mb)
load /workspace/fsh-generated/resources/StructureDefinition-mii-pr-pro-depression-t-score.json       (00:00.002 / 03:47.094, 821Mb)
load /workspace/fsh-generated/resources/StructureDefinition-mii-pr-pro-observation-bdi-ii.json       (00:00.000 / 03:47.095, 822Mb)
load /workspace/fsh-generated/resources/StructureDefinition-mii-pr-pro-observation-eq5d5l-index.json (00:00.000 / 03:47.096, 822Mb)
load /workspace/fsh-generated/resources/StructureDefinition-mii-pr-pro-observation-eq5d5l-profile.json (00:00.000 / 03:47.097, 823Mb)
load /workspace/fsh-generated/resources/StructureDefinition-mii-pr-pro-observation-eq5d5l-vas.json   (00:00.000 / 03:47.098, 823Mb)
load /workspace/fsh-generated/resources/StructureDefinition-mii-pr-pro-observation-phq-15.json       (00:00.000 / 03:47.098, 823Mb)
load /workspace/fsh-generated/resources/StructureDefinition-mii-pr-pro-observation-phq-9.json        (00:00.000 / 03:47.099, 824Mb)
load /workspace/fsh-generated/resources/StructureDefinition-mii-pr-pro-observation-whodas12.json     (00:00.000 / 03:47.100, 824Mb)
load /workspace/fsh-generated/resources/StructureDefinition-mii-pr-pro-promis-29-anxiety-tscore.json (00:00.000 / 03:47.101, 824Mb)
load /workspace/fsh-generated/resources/StructureDefinition-mii-pr-pro-promis-29-depression-tscore.json (00:00.000 / 03:47.102, 825Mb)
load /workspace/fsh-generated/resources/StructureDefinition-mii-pr-pro-promis-29-fatigue-tscore.json (00:00.000 / 03:47.103, 825Mb)
load /workspace/fsh-generated/resources/StructureDefinition-mii-pr-pro-promis-29-pain-intensity.json (00:00.000 / 03:47.103, 826Mb)
load /workspace/fsh-generated/resources/StructureDefinition-mii-pr-pro-promis-29-pain-interference-tscore.json (00:00.000 / 03:47.104, 826Mb)
load /workspace/fsh-generated/resources/StructureDefinition-mii-pr-pro-promis-29-physical-function-tscore.json (00:00.000 / 03:47.104, 826Mb)
load /workspace/fsh-generated/resources/StructureDefinition-mii-pr-pro-promis-29-sleep-disturbance-tscore.json (00:00.000 / 03:47.105, 827Mb)
load /workspace/fsh-generated/resources/StructureDefinition-mii-pr-pro-promis-29-social-function-tscore.json (00:00.000 / 03:47.106, 827Mb)
load /workspace/fsh-generated/resources/StructureDefinition-mii-pr-pro-promis-cognitive-function-sf4a-raw-score.json (00:00.000 / 03:47.106, 827Mb)
load /workspace/fsh-generated/resources/StructureDefinition-mii-pr-pro-promis-cognitive-function-sf4a-tscore.json (00:00.000 / 03:47.107, 828Mb)
load /workspace/fsh-generated/resources/StructureDefinition-mii-pr-pro-promis-depression-sf4a-raw-score.json (00:00.000 / 03:47.107, 828Mb)
load /workspace/fsh-generated/resources/StructureDefinition-mii-pr-pro-questionnaire-response.json   (00:00.000 / 03:47.108, 829Mb)
load /workspace/fsh-generated/resources/StructureDefinition-mii-pr-pro-questionnaire.json            (00:00.000 / 03:47.109, 829Mb)
load /workspace/fsh-generated/resources/StructureDefinition-mii-pr-pro-score-blueprint.json          (00:00.000 / 03:47.109, 829Mb)
load /workspace/fsh-generated/resources/StructureDefinition-mii-pr-pro-score-instance.json           (00:00.000 / 03:47.110, 830Mb)
load /workspace/fsh-generated/resources/ValueSet-mii-vs-pro-bdi-bdi2-long.json                       (00:00.000 / 03:47.110, 830Mb)
load /workspace/fsh-generated/resources/ValueSet-mii-vs-pro-bdi-bdi2-short.json                      (00:00.000 / 03:47.111, 831Mb)
load /workspace/fsh-generated/resources/ValueSet-mii-vs-pro-dass-21-answer-list.json                 (00:00.000 / 03:47.111, 831Mb)
load /workspace/fsh-generated/resources/ValueSet-mii-vs-pro-eortc-qlq-c30-scale-4pt.json             (00:00.000 / 03:47.112, 831Mb)
load /workspace/fsh-generated/resources/ValueSet-mii-vs-pro-eortc-qlq-c30-scale-7pt.json             (00:00.000 / 03:47.112, 831Mb)
load /workspace/fsh-generated/resources/ValueSet-mii-vs-pro-eortc-qlq-c30-scale-role.json            (00:00.000 / 03:47.113, 832Mb)
load /workspace/fsh-generated/resources/ValueSet-mii-vs-pro-isr-z-answers.json                       (00:00.000 / 03:47.113, 832Mb)
load /workspace/fsh-generated/resources/ValueSet-mii-vs-pro-midos2-severity.json                     (00:00.000 / 03:47.114, 832Mb)
load /workspace/fsh-generated/resources/ValueSet-mii-vs-pro-midos2-wellbeing.json                    (00:00.000 / 03:47.114, 832Mb)
load /workspace/fsh-generated/resources/ValueSet-mii-vs-pro-phq-15-answers.json                      (00:00.000 / 03:47.115, 833Mb)
load /workspace/fsh-generated/resources/ValueSet-mii-vs-pro-phq-9-answer-list-ll358-3.json           (00:00.000 / 03:47.115, 833Mb)
load /workspace/fsh-generated/resources/ValueSet-mii-vs-pro-phq-9-answer-list-ll359-1.json           (00:00.000 / 03:47.115, 833Mb)
load /workspace/fsh-generated/resources/ValueSet-mii-vs-pro-pro-ctcae-frequency-sexual.json          (00:00.000 / 03:47.116, 833Mb)
load /workspace/fsh-generated/resources/ValueSet-mii-vs-pro-pro-ctcae-frequency.json                 (00:00.000 / 03:47.116, 834Mb)
load /workspace/fsh-generated/resources/ValueSet-mii-vs-pro-pro-ctcae-interference.json              (00:00.000 / 03:47.117, 834Mb)
load /workspace/fsh-generated/resources/ValueSet-mii-vs-pro-pro-ctcae-presence-na.json               (00:00.000 / 03:47.117, 834Mb)
load /workspace/fsh-generated/resources/ValueSet-mii-vs-pro-pro-ctcae-presence-sexual.json           (00:00.000 / 03:47.118, 834Mb)
load /workspace/fsh-generated/resources/ValueSet-mii-vs-pro-pro-ctcae-presence.json                  (00:00.000 / 03:47.118, 835Mb)
load /workspace/fsh-generated/resources/ValueSet-mii-vs-pro-pro-ctcae-severity-radiation.json        (00:00.000 / 03:47.119, 835Mb)
load /workspace/fsh-generated/resources/ValueSet-mii-vs-pro-pro-ctcae-severity-sexual.json           (00:00.000 / 03:47.120, 835Mb)
load /workspace/fsh-generated/resources/ValueSet-mii-vs-pro-pro-ctcae-severity.json                  (00:00.000 / 03:47.120, 835Mb)
load /workspace/fsh-generated/resources/ValueSet-mii-vs-pro-promis-frequency-response-scale.json     (00:00.000 / 03:47.121, 836Mb)
load /workspace/fsh-generated/resources/ValueSet-mii-vs-pro-promis-intensity-response-scale.json     (00:00.000 / 03:47.121, 836Mb)
load /workspace/fsh-generated/resources/ValueSet-mii-vs-pro-promis-physical-function-response-scale.json (00:00.000 / 03:47.122, 836Mb)
load /workspace/fsh-generated/resources/ValueSet-mii-vs-pro-ssd-12-answers.json                      (00:00.000 / 03:47.122, 837Mb)
load /workspace/fsh-generated/resources/ValueSet-mii-vs-pro-whodas-12-answer-list.json               (00:00.000 / 03:47.123, 837Mb)
load /workspace/input/resources/Parameters-expansion-manifest.json                                   (00:00.000 / 03:47.123, 837Mb)
Process Loaded Resources                                                                             (00:00.002 / 03:47.125, 837Mb)
process res: CodeSystem/mii-cs-pro-bdi-bdi2                                                          (00:00.027 / 03:47.153, 847Mb)
process res: CodeSystem/mii-cs-pro-dass-21                                                           (00:00.003 / 03:47.157, 847Mb)
process res: CodeSystem/mii-cs-pro-eortc-qlq-c30                                                     (00:00.002 / 03:47.159, 849Mb)
process res: CodeSystem/mii-cs-pro-eq-5d-value-set                                                   (00:00.001 / 03:47.161, 850Mb)
process res: CodeSystem/mii-cs-pro-isr-z-answers                                                     (00:00.003 / 03:47.164, 853Mb)
process res: CodeSystem/mii-cs-pro-midos2                                                            (00:00.002 / 03:47.167, 854Mb)
process res: CodeSystem/mii-cs-pro-phq-15-answers                                                    (00:00.002 / 03:47.169, 855Mb)
process res: CodeSystem/mii-cs-pro-pro-ctcae                                                         (00:00.001 / 03:47.171, 856Mb)
process res: CodeSystem/mii-cs-pro-questionnaire-catalogue                                           (00:00.007 / 03:47.178, 867Mb)
process res: CodeSystem/mii-cs-pro-score-catalogue                                                   (00:00.001 / 03:47.180, 868Mb)
process res: CodeSystem/mii-cs-pro-ssd-12-answers                                                    (00:00.002 / 03:47.182, 870Mb)
process res: CodeSystem/mii-cs-pro-whodas-12                                                         (00:00.002 / 03:47.184, 870Mb)
process res: ValueSet/mii-vs-pro-bdi-bdi2-long                                                       (00:00.002 / 03:47.187, 872Mb)
process res: ValueSet/mii-vs-pro-bdi-bdi2-short                                                      (00:00.001 / 03:47.188, 872Mb)
process res: ValueSet/mii-vs-pro-dass-21-answer-list                                                 (00:00.001 / 03:47.189, 873Mb)
process res: ValueSet/mii-vs-pro-eortc-qlq-c30-scale-4pt                                             (00:00.000 / 03:47.190, 873Mb)
process res: ValueSet/mii-vs-pro-eortc-qlq-c30-scale-7pt                                             (00:00.001 / 03:47.191, 874Mb)
process res: ValueSet/mii-vs-pro-eortc-qlq-c30-scale-role                                            (00:00.001 / 03:47.193, 874Mb)
process res: ValueSet/mii-vs-pro-isr-z-answers                                                       (00:00.001 / 03:47.194, 875Mb)
process res: ValueSet/mii-vs-pro-midos2-severity                                                     (00:00.001 / 03:47.195, 875Mb)
process res: ValueSet/mii-vs-pro-midos2-wellbeing                                                    (00:00.001 / 03:47.196, 876Mb)
process res: ValueSet/mii-vs-pro-phq-15-answers                                                      (00:00.002 / 03:47.199, 877Mb)
process res: ValueSet/mii-vs-pro-phq-9-answer-list-ll358-3                                           (00:00.001 / 03:47.200, 877Mb)
process res: ValueSet/mii-vs-pro-phq-9-answer-list-ll359-1                                           (00:00.003 / 03:47.203, 878Mb)
process res: ValueSet/mii-vs-pro-pro-ctcae-frequency-sexual                                          (00:00.001 / 03:47.205, 878Mb)
process res: ValueSet/mii-vs-pro-pro-ctcae-frequency                                                 (00:00.001 / 03:47.206, 879Mb)
process res: ValueSet/mii-vs-pro-pro-ctcae-interference                                              (00:00.001 / 03:47.208, 880Mb)
process res: ValueSet/mii-vs-pro-pro-ctcae-presence-na                                               (00:00.001 / 03:47.209, 880Mb)
process res: ValueSet/mii-vs-pro-pro-ctcae-presence-sexual                                           (00:00.001 / 03:47.210, 881Mb)
process res: ValueSet/mii-vs-pro-pro-ctcae-presence                                                  (00:00.001 / 03:47.212, 881Mb)
process res: ValueSet/mii-vs-pro-pro-ctcae-severity-radiation                                        (00:00.001 / 03:47.213, 882Mb)
process res: ValueSet/mii-vs-pro-pro-ctcae-severity-sexual                                           (00:00.001 / 03:47.214, 882Mb)
process res: ValueSet/mii-vs-pro-pro-ctcae-severity                                                  (00:00.001 / 03:47.215, 883Mb)
process res: ValueSet/mii-vs-pro-promis-frequency-response-scale                                     (00:00.001 / 03:47.217, 884Mb)
process res: ValueSet/mii-vs-pro-promis-intensity-response-scale                                     (00:00.001 / 03:47.218, 884Mb)
process res: ValueSet/mii-vs-pro-promis-physical-function-response-scale                             (00:00.001 / 03:47.220, 885Mb)
process res: ValueSet/mii-vs-pro-ssd-12-answers                                                      (00:00.001 / 03:47.221, 885Mb)
process res: ValueSet/mii-vs-pro-whodas-12-answer-list                                               (00:00.001 / 03:47.222, 886Mb)
process res: ConceptMap/mii-cm-pro-gad-7-linkids                                                     (00:00.001 / 03:47.224, 887Mb)
process res: ConceptMap/mii-cm-pro-phq-9-linkid-migration                                            (00:00.003 / 03:47.228, 887Mb)
process res: StructureDefinition/mii-ex-pro-questionnaire-capabilities                               (00:00.002 / 03:47.230, 888Mb)
process res: StructureDefinition/mii-ex-pro-score-score-health-correlation                           (00:00.003 / 03:47.234, 890Mb)
process res: StructureDefinition/mii-lm-pro                                                          (00:00.002 / 03:47.236, 891Mb)
process res: StructureDefinition/mii-pr-pro-depression-t-score                                       (00:00.006 / 03:47.243, 900Mb)
process res: StructureDefinition/mii-pr-pro-observation-bdi-ii                                       (00:00.002 / 03:47.245, 902Mb)
process res: StructureDefinition/mii-pr-pro-observation-eq5d5l-index                                 (00:00.001 / 03:47.247, 902Mb)
process res: StructureDefinition/mii-pr-pro-observation-eq5d5l-profile                               (00:00.002 / 03:47.249, 904Mb)
process res: StructureDefinition/mii-pr-pro-observation-eq5d5l-vas                                   (00:00.001 / 03:47.251, 904Mb)
process res: StructureDefinition/mii-pr-pro-observation-phq-15                                       (00:00.001 / 03:47.252, 905Mb)
process res: StructureDefinition/mii-pr-pro-observation-phq-9                                        (00:00.001 / 03:47.254, 906Mb)
process res: StructureDefinition/mii-pr-pro-observation-whodas12                                     (00:00.001 / 03:47.255, 907Mb)
process res: StructureDefinition/mii-pr-pro-promis-29-anxiety-tscore                                 (00:00.001 / 03:47.256, 908Mb)
process res: StructureDefinition/mii-pr-pro-promis-29-depression-tscore                              (00:00.001 / 03:47.257, 909Mb)
process res: StructureDefinition/mii-pr-pro-promis-29-fatigue-tscore                                 (00:00.001 / 03:47.259, 910Mb)
process res: StructureDefinition/mii-pr-pro-promis-29-pain-intensity                                 (00:00.001 / 03:47.260, 911Mb)
process res: StructureDefinition/mii-pr-pro-promis-29-pain-interference-tscore                       (00:00.001 / 03:47.261, 911Mb)
process res: StructureDefinition/mii-pr-pro-promis-29-physical-function-tscore                       (00:00.001 / 03:47.263, 912Mb)
process res: StructureDefinition/mii-pr-pro-promis-29-sleep-disturbance-tscore                       (00:00.002 / 03:47.265, 913Mb)
process res: StructureDefinition/mii-pr-pro-promis-29-social-function-tscore                         (00:00.001 / 03:47.266, 914Mb)
process res: StructureDefinition/mii-pr-pro-promis-cognitive-function-sf4a-raw-score                 (00:00.001 / 03:47.268, 915Mb)
process res: StructureDefinition/mii-pr-pro-promis-cognitive-function-sf4a-tscore                    (00:00.001 / 03:47.269, 916Mb)
process res: StructureDefinition/mii-pr-pro-promis-depression-sf4a-raw-score                         (00:00.001 / 03:47.270, 917Mb)
process res: StructureDefinition/mii-pr-pro-questionnaire-response                                   (00:00.001 / 03:47.272, 919Mb)
process res: StructureDefinition/mii-pr-pro-questionnaire                                            (00:00.000 / 03:47.273, 919Mb)
process res: StructureDefinition/mii-pr-pro-score-blueprint                                          (00:00.001 / 03:47.274, 920Mb)
process res: StructureDefinition/mii-pr-pro-score-instance                                           (00:00.001 / 03:47.276, 922Mb)
process res: SearchParameter/mii-sp-pro-observationdefinition-code                                   (00:00.001 / 03:47.277, 923Mb)
process res: SearchParameter/mii-sp-pro-observationdefinition-health-correlation                     (00:00.006 / 03:47.283, 924Mb)
process res: SearchParameter/mii-sp-pro-observationdefinition-interval-category                      (00:00.001 / 03:47.285, 924Mb)
process res: SearchParameter/mii-sp-pro-observationdefinition-permitted-datatype                     (00:00.002 / 03:47.287, 925Mb)
process res: SearchParameter/mii-sp-pro-observationdefinition-preferred-report-name                  (00:00.001 / 03:47.288, 925Mb)
process res: SearchParameter/mii-sp-pro-observationdefinition-unit                                   (00:00.000 / 03:47.289, 926Mb)
process res: SearchParameter/mii-sp-pro-questionnaire-capabilities                                   (00:00.001 / 03:47.290, 927Mb)
process res: CapabilityStatement/mii-cps-pro-capabilitystatement                                     (00:00.001 / 03:47.291, 927Mb)
process res: ConceptMap/mii-cm-pro-gad-7-linkids                                                     (00:00.033 / 03:47.325, 954Mb)
process res: ConceptMap/mii-cm-pro-phq-9-linkid-migration                                            (00:00.002 / 03:47.327, 955Mb)
process res: ImplementationGuide/mii-ig-pro                                                          (00:00.002 / 03:47.330, 956Mb)
process res: Questionnaire/mii-qst-pro-bdi-bdi2                                                      (00:00.180 / 03:47.511, 1Gb)
process res: Questionnaire/mii-qst-pro-ces-d                                                         (00:00.006 / 03:47.517, 1Gb)
process res: Questionnaire/mii-qst-pro-dass-dass21                                                   (00:00.001 / 03:47.518, 1Gb)
process res: Questionnaire/mii-qst-pro-eortc-qlq-c30-variant-a                                       (00:00.006 / 03:47.525, 1Gb)
process res: Questionnaire/mii-qst-pro-eortc-qlq-c30-variant-b                                       (00:00.040 / 03:47.565, 765Mb)
process res: Questionnaire/mii-qst-pro-eortc-qlq-c30                                                 (00:00.003 / 03:47.569, 769Mb)
process res: Questionnaire/mii-qst-pro-epds                                                          (00:00.002 / 03:47.572, 774Mb)
process res: Questionnaire/mii-qst-pro-euronet-soma                                                  (00:00.000 / 03:47.573, 775Mb)
process res: Questionnaire/mii-qst-pro-euroqol-eq5d5l-answer-coding                                  (00:00.001 / 03:47.575, 776Mb)
process res: Questionnaire/mii-qst-pro-euroqol-eq5d5l-collectable                                    (00:00.003 / 03:47.579, 779Mb)
process res: Questionnaire/mii-qst-pro-euroqol-eq5d5l-displayable                                    (00:00.004 / 03:47.583, 784Mb)
process res: Questionnaire/mii-qst-pro-euroqol-eq5d5l-minimal                                        (00:00.004 / 03:47.587, 789Mb)
process res: Questionnaire/mii-qst-pro-gad-7                                                         (00:00.002 / 03:47.590, 791Mb)
process res: Questionnaire/mii-qst-pro-hads                                                          (00:00.003 / 03:47.593, 796Mb)
process res: Questionnaire/mii-qst-pro-isr-z                                                         (00:00.001 / 03:47.594, 796Mb)
process res: Questionnaire/mii-qst-pro-k6                                                            (00:00.001 / 03:47.596, 798Mb)
process res: Questionnaire/mii-qst-pro-midos-midos2                                                  (00:00.001 / 03:47.597, 799Mb)
process res: Questionnaire/mii-qst-pro-pc-ptsd                                                       (00:00.003 / 03:47.601, 805Mb)
process res: Questionnaire/mii-qst-pro-phq-15                                                        (00:00.001 / 03:47.602, 807Mb)
process res: Questionnaire/mii-qst-pro-phq-9                                                         (00:00.003 / 03:47.606, 815Mb)
process res: Questionnaire/mii-qst-pro-pro-ctcae-breast-de                                           (00:00.004 / 03:47.610, 822Mb)
process res: Questionnaire/mii-qst-pro-pro-ctcae-onkologisches-basisscreening                        (00:00.006 / 03:47.617, 838Mb)
process res: Questionnaire/mii-qst-pro-promis-16                                                     (00:00.005 / 03:47.622, 848Mb)
process res: Questionnaire/mii-qst-pro-promis-29-de                                                  (00:00.004 / 03:47.627, 857Mb)
process res: Questionnaire/mii-qst-pro-promis-29-minimal                                             (00:00.012 / 03:47.639, 880Mb)
process res: Questionnaire/mii-qst-pro-promis-29                                                     (00:00.003 / 03:47.643, 885Mb)
process res: Questionnaire/mii-qst-pro-promis-cognitive-function-sf4a                                (00:00.008 / 03:47.651, 907Mb)
process res: Questionnaire/mii-qst-pro-promis-depression-sf4a                                        (00:00.002 / 03:47.654, 912Mb)
process res: Questionnaire/mii-qst-pro-scoff                                                         (00:00.002 / 03:47.656, 915Mb)
process res: Questionnaire/mii-qst-pro-ssd-12                                                        (00:00.001 / 03:47.658, 918Mb)
process res: Questionnaire/mii-qst-pro-whodas-whodas12                                               (00:00.003 / 03:47.661, 923Mb)
process res: Questionnaire/mii-qst-pro-wi-7                                                          (00:00.003 / 03:47.664, 930Mb)
process res: SearchParameter/mii-sp-pro-observationdefinition-code                                   (00:00.003 / 03:47.667, 933Mb)
process res: SearchParameter/mii-sp-pro-observationdefinition-health-correlation                     (00:00.001 / 03:47.669, 933Mb)
process res: SearchParameter/mii-sp-pro-observationdefinition-interval-category                      (00:00.000 / 03:47.670, 934Mb)
process res: SearchParameter/mii-sp-pro-observationdefinition-permitted-datatype                     (00:00.001 / 03:47.671, 935Mb)
process res: SearchParameter/mii-sp-pro-observationdefinition-preferred-report-name                  (00:00.000 / 03:47.672, 936Mb)
process res: SearchParameter/mii-sp-pro-observationdefinition-unit                                   (00:00.001 / 03:47.673, 937Mb)
process res: SearchParameter/mii-sp-pro-questionnaire-capabilities                                   (00:00.001 / 03:47.674, 938Mb)
Generating Snapshots                                                                                 (00:00.002 / 03:47.676, 940Mb)
Generate Snapshots                                                                                   (00:00.000 / 03:47.677, 940Mb)
Check Snapshot for https://www.medizininformatik-initiative.de/fhir/ext/modul-pro/StructureDefinition/mii-ex-pro-questionnaire-capabilities (00:00.000 / 03:47.677, 940Mb)
Generate Snapshot for https://www.medizininformatik-initiative.de/fhir/ext/modul-pro/StructureDefinition/mii-ex-pro-questionnaire-capabilities (00:00.000 / 03:47.677, 940Mb)
Context.See https://www.medizininformatik-initiative.de/fhir/ext/modul-pro/StructureDefinition/mii-ex-pro-questionnaire-capabilities (00:00.006 / 03:47.684, 946Mb)
Check Snapshot for https://www.medizininformatik-initiative.de/fhir/ext/modul-pro/StructureDefinition/mii-ex-pro-score-score-health-correlation (00:00.005 / 03:47.690, 961Mb)
Generate Snapshot for https://www.medizininformatik-initiative.de/fhir/ext/modul-pro/StructureDefinition/mii-ex-pro-score-score-health-correlation (00:00.000 / 03:47.690, 961Mb)
Context.See https://www.medizininformatik-initiative.de/fhir/ext/modul-pro/StructureDefinition/mii-ex-pro-score-score-health-correlation (00:00.004 / 03:47.694, 964Mb)
Check Snapshot for https://www.medizininformatik-initiative.de/fhir/ext/modul-pro/StructureDefinition/mii-lm-pro (00:00.002 / 03:47.697, 971Mb)
Generate Snapshot for Logical Model or specializationhttps://www.medizininformatik-initiative.de/fhir/ext/modul-pro/StructureDefinition/mii-lm-pro (00:00.000 / 03:47.697, 971Mb)
Context.See https://www.medizininformatik-initiative.de/fhir/ext/modul-pro/StructureDefinition/mii-lm-pro (00:00.028 / 03:47.725, 1000Mb)
Check Snapshot for https://www.medizininformatik-initiative.de/fhir/ext/modul-pro/StructureDefinition/mii-pr-pro-depression-t-score (00:00.018 / 03:47.744, 1Gb)
Generate Snapshot for https://www.medizininformatik-initiative.de/fhir/ext/modul-pro/StructureDefinition/mii-pr-pro-depression-t-score (00:00.000 / 03:47.744, 1Gb)
Context.See https://www.medizininformatik-initiative.de/fhir/ext/modul-pro/StructureDefinition/mii-pr-pro-depression-t-score (00:00.012 / 03:47.756, 1Gb)
Check Snapshot for https://www.medizininformatik-initiative.de/fhir/ext/modul-pro/StructureDefinition/mii-pr-pro-observation-bdi-ii (00:00.015 / 03:47.772, 1Gb)
Check Snapshot for https://www.medizininformatik-initiative.de/fhir/ext/modul-pro/StructureDefinition/mii-pr-pro-score-instance (00:00.000 / 03:47.773, 1Gb)
Generate Snapshot for https://www.medizininformatik-initiative.de/fhir/ext/modul-pro/StructureDefinition/mii-pr-pro-score-instance (00:00.000 / 03:47.773, 1Gb)
Context.See https://www.medizininformatik-initiative.de/fhir/ext/modul-pro/StructureDefinition/mii-pr-pro-score-instance (00:00.007 / 03:47.780, 1Gb)
Generate Snapshot for https://www.medizininformatik-initiative.de/fhir/ext/modul-pro/StructureDefinition/mii-pr-pro-observation-bdi-ii (00:00.000 / 03:47.781, 1Gb)
Context.See https://www.medizininformatik-initiative.de/fhir/ext/modul-pro/StructureDefinition/mii-pr-pro-observation-bdi-ii (00:00.007 / 03:47.789, 1Gb)
Check Snapshot for https://www.medizininformatik-initiative.de/fhir/ext/modul-pro/StructureDefinition/mii-pr-pro-observation-eq5d5l-index (00:00.014 / 03:47.804, 1Gb)
Generate Snapshot for https://www.medizininformatik-initiative.de/fhir/ext/modul-pro/StructureDefinition/mii-pr-pro-observation-eq5d5l-index (00:00.000 / 03:47.804, 1Gb)
Context.See https://www.medizininformatik-initiative.de/fhir/ext/modul-pro/StructureDefinition/mii-pr-pro-observation-eq5d5l-index (00:00.010 / 03:47.814, 1Gb)
Check Snapshot for https://www.medizininformatik-initiative.de/fhir/ext/modul-pro/StructureDefinition/mii-pr-pro-observation-eq5d5l-profile (00:00.014 / 03:47.829, 1Gb)
Generate Snapshot for https://www.medizininformatik-initiative.de/fhir/ext/modul-pro/StructureDefinition/mii-pr-pro-observation-eq5d5l-profile (00:00.000 / 03:47.829, 1Gb)
Context.See https://www.medizininformatik-initiative.de/fhir/ext/modul-pro/StructureDefinition/mii-pr-pro-observation-eq5d5l-profile (00:00.007 / 03:47.836, 1Gb)
Check Snapshot for https://www.medizininformatik-initiative.de/fhir/ext/modul-pro/StructureDefinition/mii-pr-pro-observation-eq5d5l-vas (00:00.012 / 03:47.849, 1Gb)
Generate Snapshot for https://www.medizininformatik-initiative.de/fhir/ext/modul-pro/StructureDefinition/mii-pr-pro-observation-eq5d5l-vas (00:00.000 / 03:47.849, 1Gb)
Context.See https://www.medizininformatik-initiative.de/fhir/ext/modul-pro/StructureDefinition/mii-pr-pro-observation-eq5d5l-vas (00:00.006 / 03:47.856, 1Gb)
Check Snapshot for https://www.medizininformatik-initiative.de/fhir/ext/modul-pro/StructureDefinition/mii-pr-pro-observation-phq-15 (00:00.013 / 03:47.869, 1Gb)
Generate Snapshot for https://www.medizininformatik-initiative.de/fhir/ext/modul-pro/StructureDefinition/mii-pr-pro-observation-phq-15 (00:00.000 / 03:47.870, 1Gb)
Context.See https://www.medizininformatik-initiative.de/fhir/ext/modul-pro/StructureDefinition/mii-pr-pro-observation-phq-15 (00:00.007 / 03:47.877, 1Gb)
Check Snapshot for https://www.medizininformatik-initiative.de/fhir/ext/modul-pro/StructureDefinition/mii-pr-pro-observation-phq-9 (00:00.024 / 03:47.901, 810Mb)
Generate Snapshot for https://www.medizininformatik-initiative.de/fhir/ext/modul-pro/StructureDefinition/mii-pr-pro-observation-phq-9 (00:00.000 / 03:47.901, 810Mb)
Context.See https://www.medizininformatik-initiative.de/fhir/ext/modul-pro/StructureDefinition/mii-pr-pro-observation-phq-9 (00:00.005 / 03:47.907, 820Mb)
Check Snapshot for https://www.medizininformatik-initiative.de/fhir/ext/modul-pro/StructureDefinition/mii-pr-pro-observation-whodas12 (00:00.014 / 03:47.921, 857Mb)
Generate Snapshot for https://www.medizininformatik-initiative.de/fhir/ext/modul-pro/StructureDefinition/mii-pr-pro-observation-whodas12 (00:00.000 / 03:47.921, 857Mb)
Context.See https://www.medizininformatik-initiative.de/fhir/ext/modul-pro/StructureDefinition/mii-pr-pro-observation-whodas12 (00:00.006 / 03:47.928, 867Mb)
Check Snapshot for https://www.medizininformatik-initiative.de/fhir/ext/modul-pro/StructureDefinition/mii-pr-pro-promis-29-anxiety-tscore (00:00.014 / 03:47.942, 905Mb)
Generate Snapshot for https://www.medizininformatik-initiative.de/fhir/ext/modul-pro/StructureDefinition/mii-pr-pro-promis-29-anxiety-tscore (00:00.000 / 03:47.942, 905Mb)
Context.See https://www.medizininformatik-initiative.de/fhir/ext/modul-pro/StructureDefinition/mii-pr-pro-promis-29-anxiety-tscore (00:00.006 / 03:47.948, 915Mb)
Check Snapshot for https://www.medizininformatik-initiative.de/fhir/ext/modul-pro/StructureDefinition/mii-pr-pro-promis-29-depression-tscore (00:00.013 / 03:47.962, 951Mb)
Generate Snapshot for https://www.medizininformatik-initiative.de/fhir/ext/modul-pro/StructureDefinition/mii-pr-pro-promis-29-depression-tscore (00:00.000 / 03:47.962, 951Mb)
Context.See https://www.medizininformatik-initiative.de/fhir/ext/modul-pro/StructureDefinition/mii-pr-pro-promis-29-depression-tscore (00:00.006 / 03:47.968, 961Mb)
Check Snapshot for https://www.medizininformatik-initiative.de/fhir/ext/modul-pro/StructureDefinition/mii-pr-pro-promis-29-fatigue-tscore (00:00.014 / 03:47.982, 998Mb)
Generate Snapshot for https://www.medizininformatik-initiative.de/fhir/ext/modul-pro/StructureDefinition/mii-pr-pro-promis-29-fatigue-tscore (00:00.000 / 03:47.983, 998Mb)
Context.See https://www.medizininformatik-initiative.de/fhir/ext/modul-pro/StructureDefinition/mii-pr-pro-promis-29-fatigue-tscore (00:00.005 / 03:47.988, 1008Mb)
Check Snapshot for https://www.medizininformatik-initiative.de/fhir/ext/modul-pro/StructureDefinition/mii-pr-pro-promis-29-pain-intensity (00:00.013 / 03:48.002, 1Gb)
Generate Snapshot for https://www.medizininformatik-initiative.de/fhir/ext/modul-pro/StructureDefinition/mii-pr-pro-promis-29-pain-intensity (00:00.000 / 03:48.002, 1Gb)
Context.See https://www.medizininformatik-initiative.de/fhir/ext/modul-pro/StructureDefinition/mii-pr-pro-promis-29-pain-intensity (00:00.004 / 03:48.007, 1Gb)
Check Snapshot for https://www.medizininformatik-initiative.de/fhir/ext/modul-pro/StructureDefinition/mii-pr-pro-promis-29-pain-interference-tscore (00:00.013 / 03:48.021, 1Gb)
Generate Snapshot for https://www.medizininformatik-initiative.de/fhir/ext/modul-pro/StructureDefinition/mii-pr-pro-promis-29-pain-interference-tscore (00:00.000 / 03:48.021, 1Gb)
Context.See https://www.medizininformatik-initiative.de/fhir/ext/modul-pro/StructureDefinition/mii-pr-pro-promis-29-pain-interference-tscore (00:00.005 / 03:48.027, 1Gb)
Check Snapshot for https://www.medizininformatik-initiative.de/fhir/ext/modul-pro/StructureDefinition/mii-pr-pro-promis-29-physical-function-tscore (00:00.013 / 03:48.041, 1Gb)
Generate Snapshot for https://www.medizininformatik-initiative.de/fhir/ext/modul-pro/StructureDefinition/mii-pr-pro-promis-29-physical-function-tscore (00:00.000 / 03:48.041, 1Gb)
Context.See https://www.medizininformatik-initiative.de/fhir/ext/modul-pro/StructureDefinition/mii-pr-pro-promis-29-physical-function-tscore (00:00.005 / 03:48.046, 1Gb)
Check Snapshot for https://www.medizininformatik-initiative.de/fhir/ext/modul-pro/StructureDefinition/mii-pr-pro-promis-29-sleep-disturbance-tscore (00:00.014 / 03:48.060, 1Gb)
Generate Snapshot for https://www.medizininformatik-initiative.de/fhir/ext/modul-pro/StructureDefinition/mii-pr-pro-promis-29-sleep-disturbance-tscore (00:00.000 / 03:48.061, 1Gb)
Context.See https://www.medizininformatik-initiative.de/fhir/ext/modul-pro/StructureDefinition/mii-pr-pro-promis-29-sleep-disturbance-tscore (00:00.005 / 03:48.066, 1Gb)
Check Snapshot for https://www.medizininformatik-initiative.de/fhir/ext/modul-pro/StructureDefinition/mii-pr-pro-promis-29-social-function-tscore (00:00.013 / 03:48.080, 1Gb)
Generate Snapshot for https://www.medizininformatik-initiative.de/fhir/ext/modul-pro/StructureDefinition/mii-pr-pro-promis-29-social-function-tscore (00:00.000 / 03:48.080, 1Gb)
Context.See https://www.medizininformatik-initiative.de/fhir/ext/modul-pro/StructureDefinition/mii-pr-pro-promis-29-social-function-tscore (00:00.004 / 03:48.085, 1Gb)
Check Snapshot for https://www.medizininformatik-initiative.de/fhir/ext/modul-pro/StructureDefinition/mii-pr-pro-promis-cognitive-function-sf4a-raw-score (00:00.014 / 03:48.099, 1Gb)
Generate Snapshot for https://www.medizininformatik-initiative.de/fhir/ext/modul-pro/StructureDefinition/mii-pr-pro-promis-cognitive-function-sf4a-raw-score (00:00.000 / 03:48.099, 1Gb)
Context.See https://www.medizininformatik-initiative.de/fhir/ext/modul-pro/StructureDefinition/mii-pr-pro-promis-cognitive-function-sf4a-raw-score (00:00.005 / 03:48.105, 1Gb)
Check Snapshot for https://www.medizininformatik-initiative.de/fhir/ext/modul-pro/StructureDefinition/mii-pr-pro-promis-cognitive-function-sf4a-tscore (00:00.016 / 03:48.121, 1Gb)
Generate Snapshot for https://www.medizininformatik-initiative.de/fhir/ext/modul-pro/StructureDefinition/mii-pr-pro-promis-cognitive-function-sf4a-tscore (00:00.000 / 03:48.121, 1Gb)
Context.See https://www.medizininformatik-initiative.de/fhir/ext/modul-pro/StructureDefinition/mii-pr-pro-promis-cognitive-function-sf4a-tscore (00:00.005 / 03:48.127, 1Gb)
Check Snapshot for https://www.medizininformatik-initiative.de/fhir/ext/modul-pro/StructureDefinition/mii-pr-pro-promis-depression-sf4a-raw-score (00:00.020 / 03:48.147, 843Mb)
Generate Snapshot for https://www.medizininformatik-initiative.de/fhir/ext/modul-pro/StructureDefinition/mii-pr-pro-promis-depression-sf4a-raw-score (00:00.000 / 03:48.148, 843Mb)
Context.See https://www.medizininformatik-initiative.de/fhir/ext/modul-pro/StructureDefinition/mii-pr-pro-promis-depression-sf4a-raw-score (00:00.008 / 03:48.156, 858Mb)
Check Snapshot for https://www.medizininformatik-initiative.de/fhir/ext/modul-pro/StructureDefinition/mii-pr-pro-questionnaire-response (00:00.013 / 03:48.170, 897Mb)
Generate Snapshot for https://www.medizininformatik-initiative.de/fhir/ext/modul-pro/StructureDefinition/mii-pr-pro-questionnaire-response (00:00.000 / 03:48.170, 897Mb)
Context.See https://www.medizininformatik-initiative.de/fhir/ext/modul-pro/StructureDefinition/mii-pr-pro-questionnaire-response (00:00.005 / 03:48.176, 905Mb)
Check Snapshot for https://www.medizininformatik-initiative.de/fhir/ext/modul-pro/StructureDefinition/mii-pr-pro-questionnaire (00:00.010 / 03:48.186, 934Mb)
Generate Snapshot for https://www.medizininformatik-initiative.de/fhir/ext/modul-pro/StructureDefinition/mii-pr-pro-questionnaire (00:00.000 / 03:48.186, 934Mb)
Context.See https://www.medizininformatik-initiative.de/fhir/ext/modul-pro/StructureDefinition/mii-pr-pro-questionnaire (00:00.016 / 03:48.203, 953Mb)
Check Snapshot for https://www.medizininformatik-initiative.de/fhir/ext/modul-pro/StructureDefinition/mii-pr-pro-score-blueprint (00:00.024 / 03:48.227, 1Gb)
Generate Snapshot for https://www.medizininformatik-initiative.de/fhir/ext/modul-pro/StructureDefinition/mii-pr-pro-score-blueprint (00:00.000 / 03:48.227, 1Gb)
Context.See https://www.medizininformatik-initiative.de/fhir/ext/modul-pro/StructureDefinition/mii-pr-pro-score-blueprint (00:00.008 / 03:48.236, 1Gb)

Signing Certificate: RSA key for Subject: OU=IG Publisher, L=Ann Arbor, CN=hl7.org, O=HL7, ST=Missouri, C=us from: OU=IG Publisher, L=Ann Arbor, CN=hl7.org, O=HL7, ST=Missouri, C=us
Fetch https://www.medizininformatik-initiative.de/fhir/ext/modul-pro/package-list.json for version check (00:00.129 / 03:48.366, 1Gb)
Loaded Files: 381                                                                                    (00:00.205 / 03:48.571, 1Gb)
  /workspace/fsh-generated/resources/ImplementationGuide-mii-ig-pro - 1 Resources                    (00:00.000 / 03:48.571, 1Gb)
    ImplementationGuide/mii-ig-pro                                                                   (00:00.000 / 03:48.571, 1Gb)
  /workspace/fsh-generated/resources/Bundle-mii-exa-pro-bdi-ii-bundle - 1 Resources                  (00:00.000 / 03:48.571, 1Gb)
    Bundle/mii-exa-pro-bdi-ii-bundle                                                                 (00:00.000 / 03:48.572, 1Gb)
  /workspace/fsh-generated/resources/Bundle-mii-exa-pro-eortc-qlq-c30-bundle - 1 Resources           (00:00.000 / 03:48.572, 1Gb)
    Bundle/mii-exa-pro-eortc-qlq-c30-bundle                                                          (00:00.000 / 03:48.572, 1Gb)
  /workspace/fsh-generated/resources/Bundle-mii-exa-pro-phq-9-bundle - 1 Resources                   (00:00.000 / 03:48.572, 1Gb)
    Bundle/mii-exa-pro-phq-9-bundle                                                                  (00:00.000 / 03:48.572, 1Gb)
  /workspace/fsh-generated/resources/Bundle-mii-exa-pro-promis-29-bundle - 1 Resources               (00:00.000 / 03:48.572, 1Gb)
    Bundle/mii-exa-pro-promis-29-bundle                                                              (00:00.000 / 03:48.573, 1Gb)
  /workspace/fsh-generated/resources/Bundle-mii-exa-pro-promis-depression-sf4a-bundle - 1 Resources  (00:00.000 / 03:48.573, 1Gb)
    Bundle/mii-exa-pro-promis-depression-sf4a-bundle                                                 (00:00.000 / 03:48.573, 1Gb)
  /workspace/fsh-generated/resources/CapabilityStatement-mii-cps-pro-capabilitystatement - 1 Resources (00:00.000 / 03:48.573, 1Gb)
    CapabilityStatement/mii-cps-pro-capabilitystatement                                              (00:00.000 / 03:48.573, 1Gb)
  /workspace/fsh-generated/resources/CodeSystem-mii-cs-pro-bdi-bdi2 - 1 Resources                    (00:00.000 / 03:48.573, 1Gb)
    CodeSystem/mii-cs-pro-bdi-bdi2                                                                   (00:00.000 / 03:48.573, 1Gb)
  /workspace/fsh-generated/resources/CodeSystem-mii-cs-pro-dass-21 - 1 Resources                     (00:00.000 / 03:48.574, 1Gb)
    CodeSystem/mii-cs-pro-dass-21                                                                    (00:00.000 / 03:48.574, 1Gb)
  /workspace/fsh-generated/resources/CodeSystem-mii-cs-pro-eortc-qlq-c30 - 1 Resources               (00:00.000 / 03:48.574, 1Gb)
    CodeSystem/mii-cs-pro-eortc-qlq-c30                                                              (00:00.000 / 03:48.574, 1Gb)
  /workspace/fsh-generated/resources/CodeSystem-mii-cs-pro-eq-5d-value-set - 1 Resources             (00:00.000 / 03:48.574, 1Gb)
    CodeSystem/mii-cs-pro-eq-5d-value-set                                                            (00:00.000 / 03:48.574, 1Gb)
  /workspace/fsh-generated/resources/CodeSystem-mii-cs-pro-isr-z-answers - 1 Resources               (00:00.000 / 03:48.574, 1Gb)
    CodeSystem/mii-cs-pro-isr-z-answers                                                              (00:00.000 / 03:48.575, 1Gb)
  /workspace/fsh-generated/resources/CodeSystem-mii-cs-pro-midos2 - 1 Resources                      (00:00.000 / 03:48.575, 1Gb)
    CodeSystem/mii-cs-pro-midos2                                                                     (00:00.000 / 03:48.575, 1Gb)
  /workspace/fsh-generated/resources/CodeSystem-mii-cs-pro-phq-15-answers - 1 Resources              (00:00.000 / 03:48.575, 1Gb)
    CodeSystem/mii-cs-pro-phq-15-answers                                                             (00:00.000 / 03:48.575, 1Gb)
  /workspace/fsh-generated/resources/CodeSystem-mii-cs-pro-pro-ctcae - 1 Resources                   (00:00.000 / 03:48.575, 1Gb)
    CodeSystem/mii-cs-pro-pro-ctcae                                                                  (00:00.000 / 03:48.575, 1Gb)
  /workspace/fsh-generated/resources/CodeSystem-mii-cs-pro-questionnaire-catalogue - 1 Resources     (00:00.000 / 03:48.576, 1Gb)
    CodeSystem/mii-cs-pro-questionnaire-catalogue                                                    (00:00.000 / 03:48.576, 1Gb)
  /workspace/fsh-generated/resources/CodeSystem-mii-cs-pro-score-catalogue - 1 Resources             (00:00.000 / 03:48.576, 1Gb)
    CodeSystem/mii-cs-pro-score-catalogue                                                            (00:00.000 / 03:48.576, 1Gb)
  /workspace/fsh-generated/resources/CodeSystem-mii-cs-pro-ssd-12-answers - 1 Resources              (00:00.000 / 03:48.576, 1Gb)
    CodeSystem/mii-cs-pro-ssd-12-answers                                                             (00:00.000 / 03:48.576, 1Gb)
  /workspace/fsh-generated/resources/CodeSystem-mii-cs-pro-whodas-12 - 1 Resources                   (00:00.000 / 03:48.576, 1Gb)
    CodeSystem/mii-cs-pro-whodas-12                                                                  (00:00.000 / 03:48.576, 1Gb)
  /workspace/fsh-generated/resources/ConceptMap-mii-cm-pro-gad-7-linkids - 1 Resources               (00:00.000 / 03:48.577, 1Gb)
    ConceptMap/mii-cm-pro-gad-7-linkids                                                              (00:00.000 / 03:48.577, 1Gb)
  /workspace/fsh-generated/resources/ConceptMap-mii-cm-pro-phq-9-linkid-migration - 1 Resources      (00:00.000 / 03:48.577, 1Gb)
    ConceptMap/mii-cm-pro-phq-9-linkid-migration                                                     (00:00.000 / 03:48.577, 1Gb)
  /workspace/fsh-generated/resources/Observation-mii-exa-pro-bdi-ii-observation - 1 Resources        (00:00.000 / 03:48.577, 1Gb)
    Observation/mii-exa-pro-bdi-ii-observation                                                       (00:00.000 / 03:48.577, 1Gb)
  /workspace/fsh-generated/resources/Observation-mii-exa-pro-dass-dass21-score-anxiety-equiv - 1 Resources (00:00.000 / 03:48.577, 1Gb)
    Observation/mii-exa-pro-dass-dass21-score-anxiety-equiv                                          (00:00.000 / 03:48.577, 1Gb)
  /workspace/fsh-generated/resources/Observation-mii-exa-pro-dass-dass21-score-anxiety-raw - 1 Resources (00:00.000 / 03:48.578, 1Gb)
    Observation/mii-exa-pro-dass-dass21-score-anxiety-raw                                            (00:00.000 / 03:48.578, 1Gb)
  /workspace/fsh-generated/resources/Observation-mii-exa-pro-dass-dass21-score-depression-equiv - 1 Resources (00:00.000 / 03:48.578, 1Gb)
    Observation/mii-exa-pro-dass-dass21-score-depression-equiv                                       (00:00.000 / 03:48.578, 1Gb)
  /workspace/fsh-generated/resources/Observation-mii-exa-pro-dass-dass21-score-depression-raw - 1 Resources (00:00.000 / 03:48.578, 1Gb)
    Observation/mii-exa-pro-dass-dass21-score-depression-raw                                         (00:00.000 / 03:48.578, 1Gb)
  /workspace/fsh-generated/resources/Observation-mii-exa-pro-dass-dass21-score-stress-equiv - 1 Resources (00:00.000 / 03:48.578, 1Gb)
    Observation/mii-exa-pro-dass-dass21-score-stress-equiv                                           (00:00.000 / 03:48.579, 1Gb)
  /workspace/fsh-generated/resources/Observation-mii-exa-pro-dass-dass21-score-stress-raw - 1 Resources (00:00.000 / 03:48.579, 1Gb)
    Observation/mii-exa-pro-dass-dass21-score-stress-raw                                             (00:00.000 / 03:48.579, 1Gb)
  /workspace/fsh-generated/resources/Observation-mii-exa-pro-eortc-qlq-c30-observation-ap - 1 Resources (00:00.000 / 03:48.579, 1Gb)
    Observation/mii-exa-pro-eortc-qlq-c30-observation-ap                                             (00:00.000 / 03:48.579, 1Gb)
  /workspace/fsh-generated/resources/Observation-mii-exa-pro-eortc-qlq-c30-observation-cf - 1 Resources (00:00.000 / 03:48.579, 1Gb)
    Observation/mii-exa-pro-eortc-qlq-c30-observation-cf                                             (00:00.000 / 03:48.579, 1Gb)
  /workspace/fsh-generated/resources/Observation-mii-exa-pro-eortc-qlq-c30-observation-co - 1 Resources (00:00.000 / 03:48.579, 1Gb)
    Observation/mii-exa-pro-eortc-qlq-c30-observation-co                                             (00:00.000 / 03:48.580, 1Gb)
  /workspace/fsh-generated/resources/Observation-mii-exa-pro-eortc-qlq-c30-observation-di - 1 Resources (00:00.000 / 03:48.580, 1Gb)
    Observation/mii-exa-pro-eortc-qlq-c30-observation-di                                             (00:00.000 / 03:48.580, 1Gb)
  /workspace/fsh-generated/resources/Observation-mii-exa-pro-eortc-qlq-c30-observation-dy - 1 Resources (00:00.000 / 03:48.580, 1Gb)
    Observation/mii-exa-pro-eortc-qlq-c30-observation-dy                                             (00:00.000 / 03:48.580, 1Gb)
  /workspace/fsh-generated/resources/Observation-mii-exa-pro-eortc-qlq-c30-observation-ef - 1 Resources (00:00.000 / 03:48.580, 1Gb)
    Observation/mii-exa-pro-eortc-qlq-c30-observation-ef                                             (00:00.000 / 03:48.580, 1Gb)
  /workspace/fsh-generated/resources/Observation-mii-exa-pro-eortc-qlq-c30-observation-fa - 1 Resources (00:00.000 / 03:48.581, 1Gb)
    Observation/mii-exa-pro-eortc-qlq-c30-observation-fa                                             (00:00.000 / 03:48.581, 1Gb)
  /workspace/fsh-generated/resources/Observation-mii-exa-pro-eortc-qlq-c30-observation-fi - 1 Resources (00:00.000 / 03:48.581, 1Gb)
    Observation/mii-exa-pro-eortc-qlq-c30-observation-fi                                             (00:00.000 / 03:48.581, 1Gb)
  /workspace/fsh-generated/resources/Observation-mii-exa-pro-eortc-qlq-c30-observation-nv - 1 Resources (00:00.000 / 03:48.581, 1Gb)
    Observation/mii-exa-pro-eortc-qlq-c30-observation-nv                                             (00:00.000 / 03:48.581, 1Gb)
  /workspace/fsh-generated/resources/Observation-mii-exa-pro-eortc-qlq-c30-observation-pa - 1 Resources (00:00.000 / 03:48.581, 1Gb)
    Observation/mii-exa-pro-eortc-qlq-c30-observation-pa                                             (00:00.000 / 03:48.581, 1Gb)
  /workspace/fsh-generated/resources/Observation-mii-exa-pro-eortc-qlq-c30-observation-pf - 1 Resources (00:00.000 / 03:48.582, 1Gb)
    Observation/mii-exa-pro-eortc-qlq-c30-observation-pf                                             (00:00.000 / 03:48.582, 1Gb)
  /workspace/fsh-generated/resources/Observation-mii-exa-pro-eortc-qlq-c30-observation-ql - 1 Resources (00:00.000 / 03:48.582, 1Gb)
    Observation/mii-exa-pro-eortc-qlq-c30-observation-ql                                             (00:00.000 / 03:48.582, 1Gb)
  /workspace/fsh-generated/resources/Observation-mii-exa-pro-eortc-qlq-c30-observation-rf - 1 Resources (00:00.000 / 03:48.582, 1Gb)
    Observation/mii-exa-pro-eortc-qlq-c30-observation-rf                                             (00:00.000 / 03:48.582, 1Gb)
  /workspace/fsh-generated/resources/Observation-mii-exa-pro-eortc-qlq-c30-observation-sf - 1 Resources (00:00.000 / 03:48.582, 1Gb)
    Observation/mii-exa-pro-eortc-qlq-c30-observation-sf                                             (00:00.000 / 03:48.582, 1Gb)
  /workspace/fsh-generated/resources/Observation-mii-exa-pro-eortc-qlq-c30-observation-sl - 1 Resources (00:00.000 / 03:48.583, 1Gb)
    Observation/mii-exa-pro-eortc-qlq-c30-observation-sl                                             (00:00.000 / 03:48.583, 1Gb)
  /workspace/fsh-generated/resources/Observation-mii-exa-pro-gad-7-score - 1 Resources               (00:00.000 / 03:48.583, 1Gb)
    Observation/mii-exa-pro-gad-7-score                                                              (00:00.000 / 03:48.583, 1Gb)
  /workspace/fsh-generated/resources/Observation-mii-exa-pro-isr-z-score - 1 Resources               (00:00.000 / 03:48.583, 1Gb)
    Observation/mii-exa-pro-isr-z-score                                                              (00:00.000 / 03:48.583, 1Gb)
  /workspace/fsh-generated/resources/Observation-mii-exa-pro-pc-ptsd-score - 1 Resources             (00:00.000 / 03:48.583, 1Gb)
    Observation/mii-exa-pro-pc-ptsd-score                                                            (00:00.000 / 03:48.584, 1Gb)
  /workspace/fsh-generated/resources/Observation-mii-exa-pro-phq-15-observation - 1 Resources        (00:00.000 / 03:48.584, 1Gb)
    Observation/mii-exa-pro-phq-15-observation                                                       (00:00.000 / 03:48.584, 1Gb)
  /workspace/fsh-generated/resources/Observation-mii-exa-pro-phq-9-observation - 1 Resources         (00:00.000 / 03:48.584, 1Gb)
    Observation/mii-exa-pro-phq-9-observation                                                        (00:00.000 / 03:48.584, 1Gb)
  /workspace/fsh-generated/resources/Observation-mii-exa-pro-promis-depression-sf4a-raw-score - 1 Resources (00:00.000 / 03:48.584, 1Gb)
    Observation/mii-exa-pro-promis-depression-sf4a-raw-score                                         (00:00.000 / 03:48.584, 1Gb)
  /workspace/fsh-generated/resources/Observation-mii-exa-pro-promis-depression-sf4a-tscore - 1 Resources (00:00.000 / 03:48.584, 1Gb)
    Observation/mii-exa-pro-promis-depression-sf4a-tscore                                            (00:00.000 / 03:48.584, 1Gb)
  /workspace/fsh-generated/resources/Observation-mii-exa-pro-promis-depression-tscore-from-bdi-ii-observation - 1 Resources (00:00.000 / 03:48.585, 1Gb)
    Observation/mii-exa-pro-promis-depression-tscore-from-bdi-ii-observation                         (00:00.000 / 03:48.585, 1Gb)
  /workspace/fsh-generated/resources/Observation-mii-exa-pro-scoff-score - 1 Resources               (00:00.000 / 03:48.585, 1Gb)
    Observation/mii-exa-pro-scoff-score                                                              (00:00.000 / 03:48.585, 1Gb)
  /workspace/fsh-generated/resources/Observation-mii-exa-pro-ssd-12-score - 1 Resources              (00:00.000 / 03:48.585, 1Gb)
    Observation/mii-exa-pro-ssd-12-score                                                             (00:00.000 / 03:48.585, 1Gb)
  /workspace/fsh-generated/resources/Observation-mii-exa-pro-whodas12-score-simple-sum - 1 Resources (00:00.000 / 03:48.585, 1Gb)
    Observation/mii-exa-pro-whodas12-score-simple-sum                                                (00:00.000 / 03:48.585, 1Gb)
  /workspace/fsh-generated/resources/Observation-mii-exa-pro-wi-7-score - 1 Resources                (00:00.000 / 03:48.586, 1Gb)
    Observation/mii-exa-pro-wi-7-score                                                               (00:00.000 / 03:48.586, 1Gb)
  /workspace/fsh-generated/resources/ObservationDefinition-mii-obsdef-pro-depression-t-score - 1 Resources (00:00.000 / 03:48.586, 1Gb)
    ObservationDefinition/mii-obsdef-pro-depression-t-score                                          (00:00.000 / 03:48.586, 1Gb)
  /workspace/fsh-generated/resources/ObservationDefinition-mii-obsdef-pro-eortc-qlq-c30-ap - 1 Resources (00:00.000 / 03:48.586, 1Gb)
    ObservationDefinition/mii-obsdef-pro-eortc-qlq-c30-ap                                            (00:00.000 / 03:48.586, 1Gb)
  /workspace/fsh-generated/resources/ObservationDefinition-mii-obsdef-pro-eortc-qlq-c30-cf - 1 Resources (00:00.000 / 03:48.586, 1Gb)
    ObservationDefinition/mii-obsdef-pro-eortc-qlq-c30-cf                                            (00:00.000 / 03:48.587, 1Gb)
  /workspace/fsh-generated/resources/ObservationDefinition-mii-obsdef-pro-eortc-qlq-c30-co - 1 Resources (00:00.000 / 03:48.587, 1Gb)
    ObservationDefinition/mii-obsdef-pro-eortc-qlq-c30-co                                            (00:00.000 / 03:48.587, 1Gb)
  /workspace/fsh-generated/resources/ObservationDefinition-mii-obsdef-pro-eortc-qlq-c30-di - 1 Resources (00:00.000 / 03:48.587, 1Gb)
    ObservationDefinition/mii-obsdef-pro-eortc-qlq-c30-di                                            (00:00.000 / 03:48.587, 1Gb)
  /workspace/fsh-generated/resources/ObservationDefinition-mii-obsdef-pro-eortc-qlq-c30-dy - 1 Resources (00:00.000 / 03:48.587, 1Gb)
    ObservationDefinition/mii-obsdef-pro-eortc-qlq-c30-dy                                            (00:00.000 / 03:48.587, 1Gb)
  /workspace/fsh-generated/resources/ObservationDefinition-mii-obsdef-pro-eortc-qlq-c30-ef - 1 Resources (00:00.000 / 03:48.588, 1Gb)
    ObservationDefinition/mii-obsdef-pro-eortc-qlq-c30-ef                                            (00:00.000 / 03:48.588, 1Gb)
  /workspace/fsh-generated/resources/ObservationDefinition-mii-obsdef-pro-eortc-qlq-c30-fa - 1 Resources (00:00.000 / 03:48.588, 1Gb)
    ObservationDefinition/mii-obsdef-pro-eortc-qlq-c30-fa                                            (00:00.000 / 03:48.588, 1Gb)
  /workspace/fsh-generated/resources/ObservationDefinition-mii-obsdef-pro-eortc-qlq-c30-fi - 1 Resources (00:00.000 / 03:48.588, 1Gb)
    ObservationDefinition/mii-obsdef-pro-eortc-qlq-c30-fi                                            (00:00.000 / 03:48.588, 1Gb)
  /workspace/fsh-generated/resources/ObservationDefinition-mii-obsdef-pro-eortc-qlq-c30-nv - 1 Resources (00:00.000 / 03:48.588, 1Gb)
    ObservationDefinition/mii-obsdef-pro-eortc-qlq-c30-nv                                            (00:00.000 / 03:48.588, 1Gb)
  /workspace/fsh-generated/resources/ObservationDefinition-mii-obsdef-pro-eortc-qlq-c30-pa - 1 Resources (00:00.000 / 03:48.588, 1Gb)
    ObservationDefinition/mii-obsdef-pro-eortc-qlq-c30-pa                                            (00:00.000 / 03:48.589, 1Gb)
  /workspace/fsh-generated/resources/ObservationDefinition-mii-obsdef-pro-eortc-qlq-c30-pf - 1 Resources (00:00.000 / 03:48.589, 1Gb)
    ObservationDefinition/mii-obsdef-pro-eortc-qlq-c30-pf                                            (00:00.000 / 03:48.589, 1Gb)
  /workspace/fsh-generated/resources/ObservationDefinition-mii-obsdef-pro-eortc-qlq-c30-ql - 1 Resources (00:00.000 / 03:48.589, 1Gb)
    ObservationDefinition/mii-obsdef-pro-eortc-qlq-c30-ql                                            (00:00.000 / 03:48.589, 1Gb)
  /workspace/fsh-generated/resources/ObservationDefinition-mii-obsdef-pro-eortc-qlq-c30-rf - 1 Resources (00:00.000 / 03:48.589, 1Gb)
    ObservationDefinition/mii-obsdef-pro-eortc-qlq-c30-rf                                            (00:00.000 / 03:48.589, 1Gb)
  /workspace/fsh-generated/resources/ObservationDefinition-mii-obsdef-pro-eortc-qlq-c30-sf - 1 Resources (00:00.000 / 03:48.590, 1Gb)
    ObservationDefinition/mii-obsdef-pro-eortc-qlq-c30-sf                                            (00:00.000 / 03:48.590, 1Gb)
  /workspace/fsh-generated/resources/ObservationDefinition-mii-obsdef-pro-eortc-qlq-c30-sl - 1 Resources (00:00.000 / 03:48.590, 1Gb)
    ObservationDefinition/mii-obsdef-pro-eortc-qlq-c30-sl                                            (00:00.000 / 03:48.590, 1Gb)
  /workspace/fsh-generated/resources/ObservationDefinition-mii-obsdef-pro-promis-29-anxiety-tscore - 1 Resources (00:00.000 / 03:48.590, 1Gb)
    ObservationDefinition/mii-obsdef-pro-promis-29-anxiety-tscore                                    (00:00.000 / 03:48.590, 1Gb)
  /workspace/fsh-generated/resources/ObservationDefinition-mii-obsdef-pro-promis-29-depression-tscore - 1 Resources (00:00.000 / 03:48.590, 1Gb)
    ObservationDefinition/mii-obsdef-pro-promis-29-depression-tscore                                 (00:00.000 / 03:48.590, 1Gb)
  /workspace/fsh-generated/resources/ObservationDefinition-mii-obsdef-pro-promis-29-fatigue-tscore - 1 Resources (00:00.000 / 03:48.591, 1Gb)
    ObservationDefinition/mii-obsdef-pro-promis-29-fatigue-tscore                                    (00:00.000 / 03:48.591, 1Gb)
  /workspace/fsh-generated/resources/ObservationDefinition-mii-obsdef-pro-promis-29-pain-intensity - 1 Resources (00:00.000 / 03:48.591, 1Gb)
    ObservationDefinition/mii-obsdef-pro-promis-29-pain-intensity                                    (00:00.000 / 03:48.591, 1Gb)
  /workspace/fsh-generated/resources/ObservationDefinition-mii-obsdef-pro-promis-29-pain-interference-tscore - 1 Resources (00:00.000 / 03:48.591, 1Gb)
    ObservationDefinition/mii-obsdef-pro-promis-29-pain-interference-tscore                          (00:00.000 / 03:48.591, 1Gb)
  /workspace/fsh-generated/resources/ObservationDefinition-mii-obsdef-pro-promis-29-physical-function-tscore - 1 Resources (00:00.000 / 03:48.591, 1Gb)
    ObservationDefinition/mii-obsdef-pro-promis-29-physical-function-tscore                          (00:00.000 / 03:48.591, 1Gb)
  /workspace/fsh-generated/resources/ObservationDefinition-mii-obsdef-pro-promis-29-sleep-disturbance-tscore - 1 Resources (00:00.000 / 03:48.592, 1Gb)
    ObservationDefinition/mii-obsdef-pro-promis-29-sleep-disturbance-tscore                          (00:00.000 / 03:48.592, 1Gb)
  /workspace/fsh-generated/resources/ObservationDefinition-mii-obsdef-pro-promis-29-social-function-tscore - 1 Resources (00:00.000 / 03:48.592, 1Gb)
    ObservationDefinition/mii-obsdef-pro-promis-29-social-function-tscore                            (00:00.000 / 03:48.592, 1Gb)
  /workspace/fsh-generated/resources/ObservationDefinition-mii-obsdef-pro-promis-cognitive-function-sf4a-raw-score - 1 Resources (00:00.000 / 03:48.592, 1Gb)
    ObservationDefinition/mii-obsdef-pro-promis-cognitive-function-sf4a-raw-score                    (00:00.000 / 03:48.592, 1Gb)
  /workspace/fsh-generated/resources/ObservationDefinition-mii-obsdef-pro-promis-cognitive-function-sf4a-tscore - 1 Resources (00:00.000 / 03:48.592, 1Gb)
    ObservationDefinition/mii-obsdef-pro-promis-cognitive-function-sf4a-tscore                       (00:00.000 / 03:48.592, 1Gb)
  /workspace/fsh-generated/resources/ObservationDefinition-mii-obsdef-pro-score-bdi-ii - 1 Resources (00:00.000 / 03:48.592, 1Gb)
    ObservationDefinition/mii-obsdef-pro-score-bdi-ii                                                (00:00.000 / 03:48.593, 1Gb)
  /workspace/fsh-generated/resources/ObservationDefinition-mii-obsdef-pro-score-dass21-anxiety-equiv - 1 Resources (00:00.000 / 03:48.593, 1Gb)
    ObservationDefinition/mii-obsdef-pro-score-dass21-anxiety-equiv                                  (00:00.000 / 03:48.593, 1Gb)
  /workspace/fsh-generated/resources/ObservationDefinition-mii-obsdef-pro-score-dass21-anxiety-raw - 1 Resources (00:00.000 / 03:48.593, 1Gb)
    ObservationDefinition/mii-obsdef-pro-score-dass21-anxiety-raw                                    (00:00.000 / 03:48.593, 1Gb)
  /workspace/fsh-generated/resources/ObservationDefinition-mii-obsdef-pro-score-dass21-depression-equiv - 1 Resources (00:00.000 / 03:48.593, 1Gb)
    ObservationDefinition/mii-obsdef-pro-score-dass21-depression-equiv                               (00:00.000 / 03:48.593, 1Gb)
  /workspace/fsh-generated/resources/ObservationDefinition-mii-obsdef-pro-score-dass21-depression-raw - 1 Resources (00:00.000 / 03:48.593, 1Gb)
    ObservationDefinition/mii-obsdef-pro-score-dass21-depression-raw                                 (00:00.000 / 03:48.594, 1Gb)
  /workspace/fsh-generated/resources/ObservationDefinition-mii-obsdef-pro-score-dass21-stress-equiv - 1 Resources (00:00.000 / 03:48.594, 1Gb)
    ObservationDefinition/mii-obsdef-pro-score-dass21-stress-equiv                                   (00:00.000 / 03:48.594, 1Gb)
  /workspace/fsh-generated/resources/ObservationDefinition-mii-obsdef-pro-score-dass21-stress-raw - 1 Resources (00:00.000 / 03:48.594, 1Gb)
    ObservationDefinition/mii-obsdef-pro-score-dass21-stress-raw                                     (00:00.000 / 03:48.594, 1Gb)
  /workspace/fsh-generated/resources/ObservationDefinition-mii-obsdef-pro-score-eq5d5l-index - 1 Resources (00:00.000 / 03:48.594, 1Gb)
    ObservationDefinition/mii-obsdef-pro-score-eq5d5l-index                                          (00:00.000 / 03:48.594, 1Gb)
  /workspace/fsh-generated/resources/ObservationDefinition-mii-obsdef-pro-score-eq5d5l-profile - 1 Resources (00:00.000 / 03:48.595, 1Gb)
    ObservationDefinition/mii-obsdef-pro-score-eq5d5l-profile                                        (00:00.000 / 03:48.595, 1Gb)
  /workspace/fsh-generated/resources/ObservationDefinition-mii-obsdef-pro-score-eq5d5l-vas - 1 Resources (00:00.000 / 03:48.595, 1Gb)
    ObservationDefinition/mii-obsdef-pro-score-eq5d5l-vas                                            (00:00.000 / 03:48.595, 1Gb)
  /workspace/fsh-generated/resources/ObservationDefinition-mii-obsdef-pro-score-gad-7 - 1 Resources  (00:00.000 / 03:48.595, 1Gb)
    ObservationDefinition/mii-obsdef-pro-score-gad-7                                                 (00:00.000 / 03:48.595, 1Gb)
  /workspace/fsh-generated/resources/ObservationDefinition-mii-obsdef-pro-score-isr-z - 1 Resources  (00:00.000 / 03:48.595, 1Gb)
    ObservationDefinition/mii-obsdef-pro-score-isr-z                                                 (00:00.000 / 03:48.596, 1Gb)
  /workspace/fsh-generated/resources/ObservationDefinition-mii-obsdef-pro-score-pc-ptsd - 1 Resources (00:00.000 / 03:48.596, 1Gb)
    ObservationDefinition/mii-obsdef-pro-score-pc-ptsd                                               (00:00.000 / 03:48.596, 1Gb)
  /workspace/fsh-generated/resources/ObservationDefinition-mii-obsdef-pro-score-phq-15 - 1 Resources (00:00.000 / 03:48.596, 1Gb)
    ObservationDefinition/mii-obsdef-pro-score-phq-15                                                (00:00.000 / 03:48.596, 1Gb)
  /workspace/fsh-generated/resources/ObservationDefinition-mii-obsdef-pro-score-phq-9 - 1 Resources  (00:00.000 / 03:48.596, 1Gb)
    ObservationDefinition/mii-obsdef-pro-score-phq-9                                                 (00:00.000 / 03:48.596, 1Gb)
  /workspace/fsh-generated/resources/ObservationDefinition-mii-obsdef-pro-score-proctcae-acs - 1 Resources (00:00.000 / 03:48.596, 1Gb)
    ObservationDefinition/mii-obsdef-pro-score-proctcae-acs                                          (00:00.000 / 03:48.597, 1Gb)
  /workspace/fsh-generated/resources/ObservationDefinition-mii-obsdef-pro-score-proctcae-composite-grade - 1 Resources (00:00.000 / 03:48.597, 1Gb)
    ObservationDefinition/mii-obsdef-pro-score-proctcae-composite-grade                              (00:00.000 / 03:48.597, 1Gb)
  /workspace/fsh-generated/resources/ObservationDefinition-mii-obsdef-pro-score-scoff - 1 Resources  (00:00.000 / 03:48.597, 1Gb)
    ObservationDefinition/mii-obsdef-pro-score-scoff                                                 (00:00.000 / 03:48.597, 1Gb)
  /workspace/fsh-generated/resources/ObservationDefinition-mii-obsdef-pro-score-ssd-12 - 1 Resources (00:00.000 / 03:48.597, 1Gb)
    ObservationDefinition/mii-obsdef-pro-score-ssd-12                                                (00:00.000 / 03:48.597, 1Gb)
  /workspace/fsh-generated/resources/ObservationDefinition-mii-obsdef-pro-score-whodas12-simple-sum - 1 Resources (00:00.000 / 03:48.598, 1Gb)
    ObservationDefinition/mii-obsdef-pro-score-whodas12-simple-sum                                   (00:00.000 / 03:48.598, 1Gb)
  /workspace/fsh-generated/resources/ObservationDefinition-mii-obsdef-pro-score-wi-7 - 1 Resources   (00:00.000 / 03:48.598, 1Gb)
    ObservationDefinition/mii-obsdef-pro-score-wi-7                                                  (00:00.000 / 03:48.598, 1Gb)
  /workspace/fsh-generated/resources/Patient-mii-exa-pro-patient - 1 Resources                       (00:00.000 / 03:48.598, 1Gb)
    Patient/mii-exa-pro-patient                                                                      (00:00.000 / 03:48.598, 1Gb)
  /workspace/fsh-generated/resources/Questionnaire-mii-qst-pro-bdi-bdi2 - 1 Resources                (00:00.000 / 03:48.598, 1Gb)
    Questionnaire/mii-qst-pro-bdi-bdi2                                                               (00:00.000 / 03:48.599, 1Gb)
  /workspace/fsh-generated/resources/Questionnaire-mii-qst-pro-ces-d - 1 Resources                   (00:00.000 / 03:48.599, 1Gb)
    Questionnaire/mii-qst-pro-ces-d                                                                  (00:00.000 / 03:48.599, 1Gb)
  /workspace/fsh-generated/resources/Questionnaire-mii-qst-pro-dass-dass21 - 1 Resources             (00:00.000 / 03:48.599, 1Gb)
    Questionnaire/mii-qst-pro-dass-dass21                                                            (00:00.000 / 03:48.599, 1Gb)
  /workspace/fsh-generated/resources/Questionnaire-mii-qst-pro-eortc-qlq-c30-variant-a - 1 Resources (00:00.000 / 03:48.599, 1Gb)
    Questionnaire/mii-qst-pro-eortc-qlq-c30-variant-a                                                (00:00.000 / 03:48.599, 1Gb)
  /workspace/fsh-generated/resources/Questionnaire-mii-qst-pro-eortc-qlq-c30-variant-b - 1 Resources (00:00.000 / 03:48.599, 1Gb)
    Questionnaire/mii-qst-pro-eortc-qlq-c30-variant-b                                                (00:00.000 / 03:48.600, 1Gb)
  /workspace/fsh-generated/resources/Questionnaire-mii-qst-pro-eortc-qlq-c30 - 1 Resources           (00:00.000 / 03:48.600, 1Gb)
    Questionnaire/mii-qst-pro-eortc-qlq-c30                                                          (00:00.000 / 03:48.600, 1Gb)
  /workspace/fsh-generated/resources/Questionnaire-mii-qst-pro-epds - 1 Resources                    (00:00.000 / 03:48.600, 1Gb)
    Questionnaire/mii-qst-pro-epds                                                                   (00:00.000 / 03:48.600, 1Gb)
  /workspace/fsh-generated/resources/Questionnaire-mii-qst-pro-euronet-soma - 1 Resources            (00:00.000 / 03:48.600, 1Gb)
    Questionnaire/mii-qst-pro-euronet-soma                                                           (00:00.000 / 03:48.600, 1Gb)
  /workspace/fsh-generated/resources/Questionnaire-mii-qst-pro-euroqol-eq5d5l-answer-coding - 1 Resources (00:00.000 / 03:48.601, 1Gb)
    Questionnaire/mii-qst-pro-euroqol-eq5d5l-answer-coding                                           (00:00.000 / 03:48.601, 1Gb)
  /workspace/fsh-generated/resources/Questionnaire-mii-qst-pro-euroqol-eq5d5l-collectable - 1 Resources (00:00.000 / 03:48.601, 1Gb)
    Questionnaire/mii-qst-pro-euroqol-eq5d5l-collectable                                             (00:00.000 / 03:48.601, 1Gb)
  /workspace/fsh-generated/resources/Questionnaire-mii-qst-pro-euroqol-eq5d5l-displayable - 1 Resources (00:00.000 / 03:48.601, 1Gb)
    Questionnaire/mii-qst-pro-euroqol-eq5d5l-displayable                                             (00:00.000 / 03:48.601, 1Gb)
  /workspace/fsh-generated/resources/Questionnaire-mii-qst-pro-euroqol-eq5d5l-minimal - 1 Resources  (00:00.000 / 03:48.601, 1Gb)
    Questionnaire/mii-qst-pro-euroqol-eq5d5l-minimal                                                 (00:00.000 / 03:48.601, 1Gb)
  /workspace/fsh-generated/resources/Questionnaire-mii-qst-pro-gad-7 - 1 Resources                   (00:00.000 / 03:48.602, 1Gb)
    Questionnaire/mii-qst-pro-gad-7                                                                  (00:00.000 / 03:48.602, 1Gb)
  /workspace/fsh-generated/resources/Questionnaire-mii-qst-pro-hads - 1 Resources                    (00:00.000 / 03:48.602, 1Gb)
    Questionnaire/mii-qst-pro-hads                                                                   (00:00.000 / 03:48.602, 1Gb)
  /workspace/fsh-generated/resources/Questionnaire-mii-qst-pro-isr-z - 1 Resources                   (00:00.000 / 03:48.602, 1Gb)
    Questionnaire/mii-qst-pro-isr-z                                                                  (00:00.000 / 03:48.602, 1Gb)
  /workspace/fsh-generated/resources/Questionnaire-mii-qst-pro-k6 - 1 Resources                      (00:00.000 / 03:48.602, 1Gb)
    Questionnaire/mii-qst-pro-k6                                                                     (00:00.000 / 03:48.602, 1Gb)
  /workspace/fsh-generated/resources/Questionnaire-mii-qst-pro-midos-midos2 - 1 Resources            (00:00.000 / 03:48.603, 1Gb)
    Questionnaire/mii-qst-pro-midos-midos2                                                           (00:00.000 / 03:48.603, 1Gb)
  /workspace/fsh-generated/resources/Questionnaire-mii-qst-pro-pc-ptsd - 1 Resources                 (00:00.000 / 03:48.603, 1Gb)
    Questionnaire/mii-qst-pro-pc-ptsd                                                                (00:00.000 / 03:48.603, 1Gb)
  /workspace/fsh-generated/resources/Questionnaire-mii-qst-pro-phq-15 - 1 Resources                  (00:00.000 / 03:48.603, 1Gb)
    Questionnaire/mii-qst-pro-phq-15                                                                 (00:00.000 / 03:48.603, 1Gb)
  /workspace/fsh-generated/resources/Questionnaire-mii-qst-pro-phq-9 - 1 Resources                   (00:00.000 / 03:48.603, 1Gb)
    Questionnaire/mii-qst-pro-phq-9                                                                  (00:00.000 / 03:48.603, 1Gb)
  /workspace/fsh-generated/resources/Questionnaire-mii-qst-pro-pro-ctcae-breast-de - 1 Resources     (00:00.000 / 03:48.604, 1Gb)
    Questionnaire/mii-qst-pro-pro-ctcae-breast-de                                                    (00:00.000 / 03:48.604, 1Gb)
  /workspace/fsh-generated/resources/Questionnaire-mii-qst-pro-pro-ctcae-onkologisches-basisscreening - 1 Resources (00:00.000 / 03:48.604, 1Gb)
    Questionnaire/mii-qst-pro-pro-ctcae-onkologisches-basisscreening                                 (00:00.000 / 03:48.604, 1Gb)
  /workspace/fsh-generated/resources/Questionnaire-mii-qst-pro-promis-16 - 1 Resources               (00:00.000 / 03:48.604, 1Gb)
    Questionnaire/mii-qst-pro-promis-16                                                              (00:00.000 / 03:48.604, 1Gb)
  /workspace/fsh-generated/resources/Questionnaire-mii-qst-pro-promis-29-de - 1 Resources            (00:00.000 / 03:48.604, 1Gb)
    Questionnaire/mii-qst-pro-promis-29-de                                                           (00:00.000 / 03:48.604, 1Gb)
  /workspace/fsh-generated/resources/Questionnaire-mii-qst-pro-promis-29-minimal - 1 Resources       (00:00.000 / 03:48.604, 1Gb)
    Questionnaire/mii-qst-pro-promis-29-minimal                                                      (00:00.000 / 03:48.605, 1Gb)
  /workspace/fsh-generated/resources/Questionnaire-mii-qst-pro-promis-29 - 1 Resources               (00:00.000 / 03:48.605, 1Gb)
    Questionnaire/mii-qst-pro-promis-29                                                              (00:00.000 / 03:48.605, 1Gb)
  /workspace/fsh-generated/resources/Questionnaire-mii-qst-pro-promis-cognitive-function-sf4a - 1 Resources (00:00.000 / 03:48.605, 1Gb)
    Questionnaire/mii-qst-pro-promis-cognitive-function-sf4a                                         (00:00.000 / 03:48.605, 1Gb)
  /workspace/fsh-generated/resources/Questionnaire-mii-qst-pro-promis-depression-sf4a - 1 Resources  (00:00.000 / 03:48.605, 1Gb)
    Questionnaire/mii-qst-pro-promis-depression-sf4a                                                 (00:00.000 / 03:48.605, 1Gb)
  /workspace/fsh-generated/resources/Questionnaire-mii-qst-pro-scoff - 1 Resources                   (00:00.000 / 03:48.606, 1Gb)
    Questionnaire/mii-qst-pro-scoff                                                                  (00:00.000 / 03:48.606, 1Gb)
  /workspace/fsh-generated/resources/Questionnaire-mii-qst-pro-ssd-12 - 1 Resources                  (00:00.000 / 03:48.606, 1Gb)
    Questionnaire/mii-qst-pro-ssd-12                                                                 (00:00.000 / 03:48.606, 1Gb)
  /workspace/fsh-generated/resources/Questionnaire-mii-qst-pro-whodas-whodas12 - 1 Resources         (00:00.000 / 03:48.606, 1Gb)
    Questionnaire/mii-qst-pro-whodas-whodas12                                                        (00:00.000 / 03:48.606, 1Gb)
  /workspace/fsh-generated/resources/Questionnaire-mii-qst-pro-wi-7 - 1 Resources                    (00:00.000 / 03:48.606, 1Gb)
    Questionnaire/mii-qst-pro-wi-7                                                                   (00:00.000 / 03:48.607, 1Gb)
  /workspace/fsh-generated/resources/QuestionnaireResponse-mii-exa-pro-bdi-bdi2 - 1 Resources        (00:00.000 / 03:48.607, 1Gb)
    QuestionnaireResponse/mii-exa-pro-bdi-bdi2                                                       (00:00.000 / 03:48.607, 1Gb)
  /workspace/fsh-generated/resources/QuestionnaireResponse-mii-exa-pro-dass-dass21-response-01 - 1 Resources (00:00.000 / 03:48.607, 1Gb)
    QuestionnaireResponse/mii-exa-pro-dass-dass21-response-01                                        (00:00.000 / 03:48.607, 1Gb)
  /workspace/fsh-generated/resources/QuestionnaireResponse-mii-exa-pro-eortc-qlq-c30-response - 1 Resources (00:00.000 / 03:48.607, 1Gb)
    QuestionnaireResponse/mii-exa-pro-eortc-qlq-c30-response                                         (00:00.000 / 03:48.607, 1Gb)
  /workspace/fsh-generated/resources/QuestionnaireResponse-mii-exa-pro-euronet-soma-response - 1 Resources (00:00.000 / 03:48.607, 1Gb)
    QuestionnaireResponse/mii-exa-pro-euronet-soma-response                                          (00:00.000 / 03:48.608, 1Gb)
  /workspace/fsh-generated/resources/QuestionnaireResponse-mii-exa-pro-euroqol-eq5d5l-coded-response - 1 Resources (00:00.000 / 03:48.608, 1Gb)
    QuestionnaireResponse/mii-exa-pro-euroqol-eq5d5l-coded-response                                  (00:00.000 / 03:48.608, 1Gb)
  /workspace/fsh-generated/resources/QuestionnaireResponse-mii-exa-pro-euroqol-eq5d5l-response - 1 Resources (00:00.000 / 03:48.608, 1Gb)
    QuestionnaireResponse/mii-exa-pro-euroqol-eq5d5l-response                                        (00:00.000 / 03:48.608, 1Gb)
  /workspace/fsh-generated/resources/QuestionnaireResponse-mii-exa-pro-gad-7-response - 1 Resources  (00:00.000 / 03:48.608, 1Gb)
    QuestionnaireResponse/mii-exa-pro-gad-7-response                                                 (00:00.000 / 03:48.608, 1Gb)
  /workspace/fsh-generated/resources/QuestionnaireResponse-mii-exa-pro-isr-z-response - 1 Resources  (00:00.000 / 03:48.609, 1Gb)
    QuestionnaireResponse/mii-exa-pro-isr-z-response                                                 (00:00.000 / 03:48.609, 1Gb)
  /workspace/fsh-generated/resources/QuestionnaireResponse-mii-exa-pro-midos2-response-01 - 1 Resources (00:00.000 / 03:48.609, 1Gb)
    QuestionnaireResponse/mii-exa-pro-midos2-response-01                                             (00:00.000 / 03:48.609, 1Gb)
  /workspace/fsh-generated/resources/QuestionnaireResponse-mii-exa-pro-pc-ptsd-response - 1 Resources (00:00.000 / 03:48.609, 1Gb)
    QuestionnaireResponse/mii-exa-pro-pc-ptsd-response                                               (00:00.000 / 03:48.609, 1Gb)
  /workspace/fsh-generated/resources/QuestionnaireResponse-mii-exa-pro-phq-15-response - 1 Resources (00:00.000 / 03:48.609, 1Gb)
    QuestionnaireResponse/mii-exa-pro-phq-15-response                                                (00:00.000 / 03:48.609, 1Gb)
  /workspace/fsh-generated/resources/QuestionnaireResponse-mii-exa-pro-phq-9-response - 1 Resources  (00:00.000 / 03:48.610, 1Gb)
    QuestionnaireResponse/mii-exa-pro-phq-9-response                                                 (00:00.000 / 03:48.610, 1Gb)
  /workspace/fsh-generated/resources/QuestionnaireResponse-mii-exa-pro-pro-ctcae-onkologisches-basisscreening-response-01 - 1 Resources (00:00.000 / 03:48.610, 1Gb)
    QuestionnaireResponse/mii-exa-pro-pro-ctcae-onkologisches-basisscreening-response-01             (00:00.000 / 03:48.610, 1Gb)
  /workspace/fsh-generated/resources/QuestionnaireResponse-mii-exa-pro-promis-29-de-response - 1 Resources (00:00.000 / 03:48.610, 1Gb)
    QuestionnaireResponse/mii-exa-pro-promis-29-de-response                                          (00:00.000 / 03:48.610, 1Gb)
  /workspace/fsh-generated/resources/QuestionnaireResponse-mii-exa-pro-promis-29-response - 1 Resources (00:00.000 / 03:48.611, 1Gb)
    QuestionnaireResponse/mii-exa-pro-promis-29-response                                             (00:00.000 / 03:48.611, 1Gb)
  /workspace/fsh-generated/resources/QuestionnaireResponse-mii-exa-pro-promis-depression-sf4a-response - 1 Resources (00:00.000 / 03:48.611, 1Gb)
    QuestionnaireResponse/mii-exa-pro-promis-depression-sf4a-response                                (00:00.000 / 03:48.611, 1Gb)
  /workspace/fsh-generated/resources/QuestionnaireResponse-mii-exa-pro-scoff-response - 1 Resources  (00:00.000 / 03:48.611, 1Gb)
    QuestionnaireResponse/mii-exa-pro-scoff-response                                                 (00:00.000 / 03:48.611, 1Gb)
  /workspace/fsh-generated/resources/QuestionnaireResponse-mii-exa-pro-ssd-12-response - 1 Resources (00:00.000 / 03:48.611, 1Gb)
    QuestionnaireResponse/mii-exa-pro-ssd-12-response                                                (00:00.000 / 03:48.611, 1Gb)
  /workspace/fsh-generated/resources/QuestionnaireResponse-mii-exa-pro-whodas12-response-01 - 1 Resources (00:00.000 / 03:48.611, 1Gb)
    QuestionnaireResponse/mii-exa-pro-whodas12-response-01                                           (00:00.000 / 03:48.612, 1Gb)
  /workspace/fsh-generated/resources/QuestionnaireResponse-mii-exa-pro-wi-7-response - 1 Resources   (00:00.000 / 03:48.612, 1Gb)
    QuestionnaireResponse/mii-exa-pro-wi-7-response                                                  (00:00.000 / 03:48.612, 1Gb)
  /workspace/fsh-generated/resources/SearchParameter-mii-sp-pro-observationdefinition-code - 1 Resources (00:00.000 / 03:48.612, 1Gb)
    SearchParameter/mii-sp-pro-observationdefinition-code                                            (00:00.000 / 03:48.612, 1Gb)
  /workspace/fsh-generated/resources/SearchParameter-mii-sp-pro-observationdefinition-health-correlation - 1 Resources (00:00.000 / 03:48.612, 1Gb)
    SearchParameter/mii-sp-pro-observationdefinition-health-correlation                              (00:00.000 / 03:48.612, 1Gb)
  /workspace/fsh-generated/resources/SearchParameter-mii-sp-pro-observationdefinition-interval-category - 1 Resources (00:00.000 / 03:48.613, 1Gb)
    SearchParameter/mii-sp-pro-observationdefinition-interval-category                               (00:00.000 / 03:48.613, 1Gb)
  /workspace/fsh-generated/resources/SearchParameter-mii-sp-pro-observationdefinition-permitted-datatype - 1 Resources (00:00.000 / 03:48.613, 1Gb)
    SearchParameter/mii-sp-pro-observationdefinition-permitted-datatype                              (00:00.000 / 03:48.613, 1Gb)
  /workspace/fsh-generated/resources/SearchParameter-mii-sp-pro-observationdefinition-preferred-report-name - 1 Resources (00:00.000 / 03:48.613, 1Gb)
    SearchParameter/mii-sp-pro-observationdefinition-preferred-report-name                           (00:00.000 / 03:48.613, 1Gb)
  /workspace/fsh-generated/resources/SearchParameter-mii-sp-pro-observationdefinition-unit - 1 Resources (00:00.000 / 03:48.613, 1Gb)
    SearchParameter/mii-sp-pro-observationdefinition-unit                                            (00:00.000 / 03:48.614, 1Gb)
  /workspace/fsh-generated/resources/SearchParameter-mii-sp-pro-questionnaire-capabilities - 1 Resources (00:00.000 / 03:48.614, 1Gb)
    SearchParameter/mii-sp-pro-questionnaire-capabilities                                            (00:00.000 / 03:48.614, 1Gb)
  /workspace/fsh-generated/resources/StructureDefinition-mii-ex-pro-questionnaire-capabilities - 1 Resources (00:00.000 / 03:48.614, 1Gb)
    StructureDefinition/mii-ex-pro-questionnaire-capabilities                                        (00:00.000 / 03:48.614, 1Gb)
  /workspace/fsh-generated/resources/StructureDefinition-mii-ex-pro-score-score-health-correlation - 1 Resources (00:00.000 / 03:48.614, 1Gb)
    StructureDefinition/mii-ex-pro-score-score-health-correlation                                    (00:00.000 / 03:48.614, 1Gb)
  /workspace/fsh-generated/resources/StructureDefinition-mii-lm-pro - 1 Resources                    (00:00.000 / 03:48.615, 1Gb)
    StructureDefinition/mii-lm-pro                                                                   (00:00.000 / 03:48.615, 1Gb)
  /workspace/fsh-generated/resources/StructureDefinition-mii-pr-pro-depression-t-score - 1 Resources (00:00.000 / 03:48.615, 1Gb)
    StructureDefinition/mii-pr-pro-depression-t-score                                                (00:00.000 / 03:48.615, 1Gb)
  /workspace/fsh-generated/resources/StructureDefinition-mii-pr-pro-observation-bdi-ii - 1 Resources (00:00.000 / 03:48.615, 1Gb)
    StructureDefinition/mii-pr-pro-observation-bdi-ii                                                (00:00.000 / 03:48.615, 1Gb)
  /workspace/fsh-generated/resources/StructureDefinition-mii-pr-pro-observation-eq5d5l-index - 1 Resources (00:00.000 / 03:48.615, 1Gb)
    StructureDefinition/mii-pr-pro-observation-eq5d5l-index                                          (00:00.000 / 03:48.615, 1Gb)
  /workspace/fsh-generated/resources/StructureDefinition-mii-pr-pro-observation-eq5d5l-profile - 1 Resources (00:00.000 / 03:48.616, 1Gb)
    StructureDefinition/mii-pr-pro-observation-eq5d5l-profile                                        (00:00.000 / 03:48.616, 1Gb)
  /workspace/fsh-generated/resources/StructureDefinition-mii-pr-pro-observation-eq5d5l-vas - 1 Resources (00:00.000 / 03:48.616, 1Gb)
    StructureDefinition/mii-pr-pro-observation-eq5d5l-vas                                            (00:00.000 / 03:48.616, 1Gb)
  /workspace/fsh-generated/resources/StructureDefinition-mii-pr-pro-observation-phq-15 - 1 Resources (00:00.000 / 03:48.616, 1Gb)
    StructureDefinition/mii-pr-pro-observation-phq-15                                                (00:00.000 / 03:48.616, 1Gb)
  /workspace/fsh-generated/resources/StructureDefinition-mii-pr-pro-observation-phq-9 - 1 Resources  (00:00.000 / 03:48.616, 1Gb)
    StructureDefinition/mii-pr-pro-observation-phq-9                                                 (00:00.000 / 03:48.616, 1Gb)
  /workspace/fsh-generated/resources/StructureDefinition-mii-pr-pro-observation-whodas12 - 1 Resources (00:00.000 / 03:48.617, 1Gb)
    StructureDefinition/mii-pr-pro-observation-whodas12                                              (00:00.000 / 03:48.617, 1Gb)
  /workspace/fsh-generated/resources/StructureDefinition-mii-pr-pro-promis-29-anxiety-tscore - 1 Resources (00:00.000 / 03:48.617, 1Gb)
    StructureDefinition/mii-pr-pro-promis-29-anxiety-tscore                                          (00:00.000 / 03:48.617, 1Gb)
  /workspace/fsh-generated/resources/StructureDefinition-mii-pr-pro-promis-29-depression-tscore - 1 Resources (00:00.000 / 03:48.617, 1Gb)
    StructureDefinition/mii-pr-pro-promis-29-depression-tscore                                       (00:00.000 / 03:48.617, 1Gb)
  /workspace/fsh-generated/resources/StructureDefinition-mii-pr-pro-promis-29-fatigue-tscore - 1 Resources (00:00.000 / 03:48.617, 1Gb)
    StructureDefinition/mii-pr-pro-promis-29-fatigue-tscore                                          (00:00.000 / 03:48.618, 1Gb)
  /workspace/fsh-generated/resources/StructureDefinition-mii-pr-pro-promis-29-pain-intensity - 1 Resources (00:00.000 / 03:48.618, 1Gb)
    StructureDefinition/mii-pr-pro-promis-29-pain-intensity                                          (00:00.000 / 03:48.618, 1Gb)
  /workspace/fsh-generated/resources/StructureDefinition-mii-pr-pro-promis-29-pain-interference-tscore - 1 Resources (00:00.000 / 03:48.618, 1Gb)
    StructureDefinition/mii-pr-pro-promis-29-pain-interference-tscore                                (00:00.000 / 03:48.618, 1Gb)
  /workspace/fsh-generated/resources/StructureDefinition-mii-pr-pro-promis-29-physical-function-tscore - 1 Resources (00:00.000 / 03:48.618, 1Gb)
    StructureDefinition/mii-pr-pro-promis-29-physical-function-tscore                                (00:00.000 / 03:48.618, 1Gb)
  /workspace/fsh-generated/resources/StructureDefinition-mii-pr-pro-promis-29-sleep-disturbance-tscore - 1 Resources (00:00.000 / 03:48.618, 1Gb)
    StructureDefinition/mii-pr-pro-promis-29-sleep-disturbance-tscore                                (00:00.000 / 03:48.619, 1Gb)
  /workspace/fsh-generated/resources/StructureDefinition-mii-pr-pro-promis-29-social-function-tscore - 1 Resources (00:00.000 / 03:48.619, 1Gb)
    StructureDefinition/mii-pr-pro-promis-29-social-function-tscore                                  (00:00.000 / 03:48.619, 1Gb)
  /workspace/fsh-generated/resources/StructureDefinition-mii-pr-pro-promis-cognitive-function-sf4a-raw-score - 1 Resources (00:00.000 / 03:48.619, 1Gb)
    StructureDefinition/mii-pr-pro-promis-cognitive-function-sf4a-raw-score                          (00:00.000 / 03:48.619, 1Gb)
  /workspace/fsh-generated/resources/StructureDefinition-mii-pr-pro-promis-cognitive-function-sf4a-tscore - 1 Resources (00:00.000 / 03:48.619, 1Gb)
    StructureDefinition/mii-pr-pro-promis-cognitive-function-sf4a-tscore                             (00:00.000 / 03:48.619, 1Gb)
  /workspace/fsh-generated/resources/StructureDefinition-mii-pr-pro-promis-depression-sf4a-raw-score - 1 Resources (00:00.000 / 03:48.620, 1Gb)
    StructureDefinition/mii-pr-pro-promis-depression-sf4a-raw-score                                  (00:00.000 / 03:48.620, 1Gb)
  /workspace/fsh-generated/resources/StructureDefinition-mii-pr-pro-questionnaire-response - 1 Resources (00:00.000 / 03:48.620, 1Gb)
    StructureDefinition/mii-pr-pro-questionnaire-response                                            (00:00.000 / 03:48.620, 1Gb)
  /workspace/fsh-generated/resources/StructureDefinition-mii-pr-pro-questionnaire - 1 Resources      (00:00.000 / 03:48.620, 1Gb)
    StructureDefinition/mii-pr-pro-questionnaire                                                     (00:00.000 / 03:48.620, 1Gb)
  /workspace/fsh-generated/resources/StructureDefinition-mii-pr-pro-score-blueprint - 1 Resources    (00:00.000 / 03:48.620, 1Gb)
    StructureDefinition/mii-pr-pro-score-blueprint                                                   (00:00.000 / 03:48.620, 1Gb)
  /workspace/fsh-generated/resources/StructureDefinition-mii-pr-pro-score-instance - 1 Resources     (00:00.000 / 03:48.621, 1Gb)
    StructureDefinition/mii-pr-pro-score-instance                                                    (00:00.000 / 03:48.621, 1Gb)
  /workspace/fsh-generated/resources/ValueSet-mii-vs-pro-bdi-bdi2-long - 1 Resources                 (00:00.000 / 03:48.621, 1Gb)
    ValueSet/mii-vs-pro-bdi-bdi2-long                                                                (00:00.000 / 03:48.621, 1Gb)
  /workspace/fsh-generated/resources/ValueSet-mii-vs-pro-bdi-bdi2-short - 1 Resources                (00:00.000 / 03:48.621, 1Gb)
    ValueSet/mii-vs-pro-bdi-bdi2-short                                                               (00:00.000 / 03:48.621, 1Gb)
  /workspace/fsh-generated/resources/ValueSet-mii-vs-pro-dass-21-answer-list - 1 Resources           (00:00.000 / 03:48.621, 1Gb)
    ValueSet/mii-vs-pro-dass-21-answer-list                                                          (00:00.000 / 03:48.622, 1Gb)
  /workspace/fsh-generated/resources/ValueSet-mii-vs-pro-eortc-qlq-c30-scale-4pt - 1 Resources       (00:00.000 / 03:48.622, 1Gb)
    ValueSet/mii-vs-pro-eortc-qlq-c30-scale-4pt                                                      (00:00.000 / 03:48.622, 1Gb)
  /workspace/fsh-generated/resources/ValueSet-mii-vs-pro-eortc-qlq-c30-scale-7pt - 1 Resources       (00:00.000 / 03:48.622, 1Gb)
    ValueSet/mii-vs-pro-eortc-qlq-c30-scale-7pt                                                      (00:00.000 / 03:48.622, 1Gb)
  /workspace/fsh-generated/resources/ValueSet-mii-vs-pro-eortc-qlq-c30-scale-role - 1 Resources      (00:00.000 / 03:48.622, 1Gb)
    ValueSet/mii-vs-pro-eortc-qlq-c30-scale-role                                                     (00:00.000 / 03:48.622, 1Gb)
  /workspace/fsh-generated/resources/ValueSet-mii-vs-pro-isr-z-answers - 1 Resources                 (00:00.000 / 03:48.623, 1Gb)
    ValueSet/mii-vs-pro-isr-z-answers                                                                (00:00.000 / 03:48.623, 1Gb)
  /workspace/fsh-generated/resources/ValueSet-mii-vs-pro-midos2-severity - 1 Resources               (00:00.000 / 03:48.623, 1Gb)
    ValueSet/mii-vs-pro-midos2-severity                                                              (00:00.000 / 03:48.623, 1Gb)
  /workspace/fsh-generated/resources/ValueSet-mii-vs-pro-midos2-wellbeing - 1 Resources              (00:00.000 / 03:48.623, 1Gb)
    ValueSet/mii-vs-pro-midos2-wellbeing                                                             (00:00.000 / 03:48.623, 1Gb)
  /workspace/fsh-generated/resources/ValueSet-mii-vs-pro-phq-15-answers - 1 Resources                (00:00.000 / 03:48.623, 1Gb)
    ValueSet/mii-vs-pro-phq-15-answers                                                               (00:00.000 / 03:48.624, 1Gb)
  /workspace/fsh-generated/resources/ValueSet-mii-vs-pro-phq-9-answer-list-ll358-3 - 1 Resources     (00:00.000 / 03:48.624, 1Gb)
    ValueSet/mii-vs-pro-phq-9-answer-list-ll358-3                                                    (00:00.000 / 03:48.624, 1Gb)
  /workspace/fsh-generated/resources/ValueSet-mii-vs-pro-phq-9-answer-list-ll359-1 - 1 Resources     (00:00.000 / 03:48.624, 1Gb)
    ValueSet/mii-vs-pro-phq-9-answer-list-ll359-1                                                    (00:00.000 / 03:48.624, 1Gb)
  /workspace/fsh-generated/resources/ValueSet-mii-vs-pro-pro-ctcae-frequency-sexual - 1 Resources    (00:00.000 / 03:48.624, 1Gb)
    ValueSet/mii-vs-pro-pro-ctcae-frequency-sexual                                                   (00:00.000 / 03:48.624, 1Gb)
  /workspace/fsh-generated/resources/ValueSet-mii-vs-pro-pro-ctcae-frequency - 1 Resources           (00:00.000 / 03:48.625, 1Gb)
    ValueSet/mii-vs-pro-pro-ctcae-frequency                                                          (00:00.000 / 03:48.625, 1Gb)
  /workspace/fsh-generated/resources/ValueSet-mii-vs-pro-pro-ctcae-interference - 1 Resources        (00:00.000 / 03:48.625, 1Gb)
    ValueSet/mii-vs-pro-pro-ctcae-interference                                                       (00:00.000 / 03:48.625, 1Gb)
  /workspace/fsh-generated/resources/ValueSet-mii-vs-pro-pro-ctcae-presence-na - 1 Resources         (00:00.000 / 03:48.625, 1Gb)
    ValueSet/mii-vs-pro-pro-ctcae-presence-na                                                        (00:00.000 / 03:48.625, 1Gb)
  /workspace/fsh-generated/resources/ValueSet-mii-vs-pro-pro-ctcae-presence-sexual - 1 Resources     (00:00.000 / 03:48.625, 1Gb)
    ValueSet/mii-vs-pro-pro-ctcae-presence-sexual                                                    (00:00.000 / 03:48.625, 1Gb)
  /workspace/fsh-generated/resources/ValueSet-mii-vs-pro-pro-ctcae-presence - 1 Resources            (00:00.000 / 03:48.626, 1Gb)
    ValueSet/mii-vs-pro-pro-ctcae-presence                                                           (00:00.000 / 03:48.626, 1Gb)
  /workspace/fsh-generated/resources/ValueSet-mii-vs-pro-pro-ctcae-severity-radiation - 1 Resources  (00:00.000 / 03:48.626, 1Gb)
    ValueSet/mii-vs-pro-pro-ctcae-severity-radiation                                                 (00:00.000 / 03:48.626, 1Gb)
  /workspace/fsh-generated/resources/ValueSet-mii-vs-pro-pro-ctcae-severity-sexual - 1 Resources     (00:00.000 / 03:48.626, 1Gb)
    ValueSet/mii-vs-pro-pro-ctcae-severity-sexual                                                    (00:00.000 / 03:48.626, 1Gb)
  /workspace/fsh-generated/resources/ValueSet-mii-vs-pro-pro-ctcae-severity - 1 Resources            (00:00.000 / 03:48.626, 1Gb)
    ValueSet/mii-vs-pro-pro-ctcae-severity                                                           (00:00.000 / 03:48.626, 1Gb)
  /workspace/fsh-generated/resources/ValueSet-mii-vs-pro-promis-frequency-response-scale - 1 Resources (00:00.000 / 03:48.627, 1Gb)
    ValueSet/mii-vs-pro-promis-frequency-response-scale                                              (00:00.000 / 03:48.627, 1Gb)
  /workspace/fsh-generated/resources/ValueSet-mii-vs-pro-promis-intensity-response-scale - 1 Resources (00:00.000 / 03:48.627, 1Gb)
    ValueSet/mii-vs-pro-promis-intensity-response-scale                                              (00:00.000 / 03:48.627, 1Gb)
  /workspace/fsh-generated/resources/ValueSet-mii-vs-pro-promis-physical-function-response-scale - 1 Resources (00:00.000 / 03:48.627, 1Gb)
    ValueSet/mii-vs-pro-promis-physical-function-response-scale                                      (00:00.000 / 03:48.627, 1Gb)
  /workspace/fsh-generated/resources/ValueSet-mii-vs-pro-ssd-12-answers - 1 Resources                (00:00.000 / 03:48.627, 1Gb)
    ValueSet/mii-vs-pro-ssd-12-answers                                                               (00:00.000 / 03:48.627, 1Gb)
  /workspace/fsh-generated/resources/ValueSet-mii-vs-pro-whodas-12-answer-list - 1 Resources         (00:00.000 / 03:48.627, 1Gb)
    ValueSet/mii-vs-pro-whodas-12-answer-list                                                        (00:00.000 / 03:48.628, 1Gb)
  /workspace/input/resources/Parameters-expansion-manifest - 1 Resources                             (00:00.000 / 03:48.628, 1Gb)
    Parameters/mii-param-pro-manifest                                                                (00:00.000 / 03:48.628, 1Gb)
  /workspace/input/includes/menu - 0 Resources                                                       (00:00.000 / 03:48.628, 1Gb)
  /workspace/fsh-generated/includes/fsh-link-references - 0 Resources                                (00:00.000 / 03:48.628, 1Gb)
  /workspace/input/intro-notes/StructureDefinition-mii-pr-pro-score-instance-intro - 0 Resources     (00:00.000 / 03:48.628, 1Gb)
  /workspace/input/intro-notes/StructureDefinition-mii-pr-pro-questionnaire-response-intro - 0 Resources (00:00.000 / 03:48.628, 1Gb)
  /workspace/input/intro-notes/StructureDefinition-mii-pr-pro-questionnaire-intro - 0 Resources      (00:00.000 / 03:48.628, 1Gb)
  /workspace/input/intro-notes/StructureDefinition-mii-ex-pro-questionnaire-capabilities-intro - 0 Resources (00:00.000 / 03:48.629, 1Gb)
  /workspace/input/intro-notes/StructureDefinition-mii-pr-pro-score-blueprint-intro - 0 Resources    (00:00.000 / 03:48.629, 1Gb)
  /workspace/input/intro-notes/StructureDefinition-mii-ex-pro-score-score-health-correlation-intro - 0 Resources (00:00.000 / 03:48.629, 1Gb)
  /workspace/input/pagecontent/project-context - 0 Resources                                         (00:00.000 / 03:48.629, 1Gb)
  /workspace/input/pagecontent/logical-models - 0 Resources                                          (00:00.000 / 03:48.629, 1Gb)
  /workspace/input/pagecontent/domain-based-scoring - 0 Resources                                    (00:00.000 / 03:48.629, 1Gb)
  /workspace/input/pagecontent/examples - 0 Resources                                                (00:00.000 / 03:48.629, 1Gb)
  /workspace/input/pagecontent/workflows - 0 Resources                                               (00:00.000 / 03:48.630, 1Gb)
  /workspace/input/pagecontent/value-sets - 0 Resources                                              (00:00.000 / 03:48.630, 1Gb)
  /workspace/input/pagecontent/midos2 - 0 Resources                                                  (00:00.000 / 03:48.630, 1Gb)
  /workspace/input/pagecontent/eortc-qlq-c30-scoring - 0 Resources                                   (00:00.000 / 03:48.630, 1Gb)
  /workspace/input/pagecontent/uml-diagrams - 0 Resources                                            (00:00.000 / 03:48.630, 1Gb)
  /workspace/input/pagecontent/promis-29 - 0 Resources                                               (00:00.000 / 03:48.630, 1Gb)
  /workspace/input/pagecontent/extensions - 0 Resources                                              (00:00.000 / 03:48.630, 1Gb)
  /workspace/input/pagecontent/id-systematics - 0 Resources                                          (00:00.000 / 03:48.630, 1Gb)
  /workspace/input/pagecontent/terminology-strategies - 0 Resources                                  (00:00.000 / 03:48.630, 1Gb)
  /workspace/input/pagecontent/promis-depression - 0 Resources                                       (00:00.000 / 03:48.631, 1Gb)
  /workspace/input/pagecontent/pro-library - 0 Resources                                             (00:00.000 / 03:48.631, 1Gb)
  /workspace/input/pagecontent/cross-instrument-mappings - 0 Resources                               (00:00.000 / 03:48.631, 1Gb)
  /workspace/input/pagecontent/profiles - 0 Resources                                                (00:00.000 / 03:48.631, 1Gb)
  /workspace/input/pagecontent/derived-metrics - 0 Resources                                         (00:00.000 / 03:48.631, 1Gb)
  /workspace/input/pagecontent/guidance - 0 Resources                                                (00:00.000 / 03:48.631, 1Gb)
  /workspace/input/pagecontent/implementer-guidance - 0 Resources                                    (00:00.000 / 03:48.631, 1Gb)
  /workspace/input/pagecontent/validation - 0 Resources                                              (00:00.000 / 03:48.631, 1Gb)
  /workspace/input/pagecontent/eq-5d-5l-scores - 0 Resources                                         (00:00.000 / 03:48.632, 1Gb)
  /workspace/input/pagecontent/promis-16 - 0 Resources                                               (00:00.000 / 03:48.632, 1Gb)
  /workspace/input/pagecontent/isr-z - 0 Resources                                                   (00:00.000 / 03:48.632, 1Gb)
  /workspace/input/pagecontent/ssd-12 - 0 Resources                                                  (00:00.000 / 03:48.632, 1Gb)
  /workspace/input/pagecontent/security-and-privacy - 0 Resources                                    (00:00.000 / 03:48.632, 1Gb)
  /workspace/input/pagecontent/module-description - 0 Resources                                      (00:00.000 / 03:48.632, 1Gb)
  /workspace/input/pagecontent/proms-onkologisches-basisscreening - 0 Resources                      (00:00.000 / 03:48.632, 1Gb)
  /workspace/input/pagecontent/search-parameters - 0 Resources                                       (00:00.000 / 03:48.633, 1Gb)
  /workspace/input/pagecontent/eq-5d-5l - 0 Resources                                                (00:00.000 / 03:48.633, 1Gb)
  /workspace/input/pagecontent/capability-statements - 0 Resources                                   (00:00.000 / 03:48.633, 1Gb)
  /workspace/input/pagecontent/promis - 0 Resources                                                  (00:00.000 / 03:48.633, 1Gb)
  /workspace/input/pagecontent/minimal-reference-questionnaires - 0 Resources                        (00:00.000 / 03:48.633, 1Gb)
  /workspace/input/pagecontent/metadata - 0 Resources                                                (00:00.000 / 03:48.633, 1Gb)
  /workspace/input/pagecontent/researcher-guidance - 0 Resources                                     (00:00.000 / 03:48.633, 1Gb)
  /workspace/input/pagecontent/datasets-and-descriptions - 0 Resources                               (00:00.000 / 03:48.633, 1Gb)
  /workspace/input/pagecontent/references - 0 Resources                                              (00:00.000 / 03:48.634, 1Gb)
  /workspace/input/pagecontent/dass-21 - 0 Resources                                                 (00:00.000 / 03:48.634, 1Gb)
  /workspace/input/pagecontent/index - 0 Resources                                                   (00:00.000 / 03:48.634, 1Gb)
  /workspace/input/pagecontent/pc-ptsd - 0 Resources                                                 (00:00.000 / 03:48.634, 1Gb)
  /workspace/input/pagecontent/version-history - 0 Resources                                         (00:00.000 / 03:48.634, 1Gb)
  /workspace/input/pagecontent/translationinfo - 0 Resources                                         (00:00.000 / 03:48.634, 1Gb)
  /workspace/input/pagecontent/scoff - 0 Resources                                                   (00:00.000 / 03:48.634, 1Gb)
  /workspace/input/pagecontent/whodas - 0 Resources                                                  (00:00.000 / 03:48.634, 1Gb)
  /workspace/input/pagecontent/phq-9 - 0 Resources                                                   (00:00.000 / 03:48.635, 1Gb)
  /workspace/input/pagecontent/changes - 0 Resources                                                 (00:00.000 / 03:48.635, 1Gb)
  /workspace/input/pagecontent/eortc-qlq-c30 - 0 Resources                                           (00:00.000 / 03:48.635, 1Gb)
  /workspace/input/pagecontent/pro-ctcae - 0 Resources                                               (00:00.000 / 03:48.635, 1Gb)
  /workspace/input/pagecontent/phq-15 - 0 Resources                                                  (00:00.000 / 03:48.635, 1Gb)
  /workspace/input/pagecontent/questionnaire-capabilities - 0 Resources                              (00:00.000 / 03:48.635, 1Gb)
  /workspace/input/pagecontent/ImplementationGuide-mii-ig-pro - 0 Resources                          (00:00.000 / 03:48.635, 1Gb)
  /workspace/input/pagecontent/wi-7 - 0 Resources                                                    (00:00.000 / 03:48.635, 1Gb)
  /workspace/input/pagecontent/downloads - 0 Resources                                               (00:00.000 / 03:48.636, 1Gb)
  /workspace/input/pagecontent/technical-implementation - 0 Resources                                (00:00.000 / 03:48.636, 1Gb)
  /workspace/input/pagecontent/gad-7 - 0 Resources                                                   (00:00.000 / 03:48.636, 1Gb)
  /workspace/input/pagecontent/euronet-soma - 0 Resources                                            (00:00.000 / 03:48.636, 1Gb)
  /workspace/input/pagecontent/cat - 0 Resources                                                     (00:00.000 / 03:48.636, 1Gb)
  /workspace/input/pagecontent/code-systems - 0 Resources                                            (00:00.000 / 03:48.636, 1Gb)
  /workspace/input/pagecontent/use-cases - 0 Resources                                               (00:00.000 / 03:48.636, 1Gb)
  /workspace/input/pagecontent/domains - 0 Resources                                                 (00:00.000 / 03:48.637, 1Gb)
  /workspace/input/pagecontent/bdi-ii - 0 Resources                                                  (00:00.000 / 03:48.637, 1Gb)
  /workspace/input/pagecontent/scoring - 0 Resources                                                 (00:00.000 / 03:48.637, 1Gb)
  /workspace/input/intro-notes - 0 Resources                                                         (00:00.000 / 03:48.637, 1Gb)
  /workspace/template/config - 0 Resources                                                           (00:00.000 / 03:48.637, 1Gb)
  /workspace/template/config/_config - 0 Resources                                                   (00:00.000 / 03:48.637, 1Gb)
  /workspace/input/images - 0 Resources                                                              (00:00.000 / 03:48.637, 1Gb)
  /workspace/input/images/Workflow_Capability-Echtzeit - 0 Resources                                 (00:00.000 / 03:48.637, 1Gb)
  /workspace/input/images/Workflow_Score_Repraesentation - 0 Resources                               (00:00.000 / 03:48.638, 1Gb)
  /workspace/input/images/PRO-Spannungsfeld - 0 Resources                                            (00:00.000 / 03:48.638, 1Gb)
  /workspace/input/images/Workflow_Capability-Historisch - 0 Resources                               (00:00.000 / 03:48.638, 1Gb)
  /workspace/input/images/Mapping-depression-scales - 0 Resources                                    (00:00.000 / 03:48.638, 1Gb)
  /workspace/input/images/UseCase 1  ePRO Collection - 0 Resources                                   (00:00.000 / 03:48.638, 1Gb)
  /workspace/input/images/Workflow_Standard - 0 Resources                                            (00:00.000 / 03:48.638, 1Gb)
  /workspace/input/images/out - 0 Resources                                                          (00:00.000 / 03:48.638, 1Gb)
  /workspace/input/images/out/Logical_Model_UML_q-based copy - 0 Resources                           (00:00.000 / 03:48.638, 1Gb)
  /workspace/input/images/out/Logical_Model_UML_q-based copy/MII_PROMs_Fragebögen - 0 Resources      (00:00.000 / 03:48.639, 1Gb)
  /workspace/input/images/out/simple_process - 0 Resources                                           (00:00.000 / 03:48.639, 1Gb)
  /workspace/input/images/out/simple_process/simple_process - 0 Resources                            (00:00.000 / 03:48.639, 1Gb)
  /workspace/input/images/out/input - 0 Resources                                                    (00:00.000 / 03:48.639, 1Gb)
  /workspace/input/images/out/input/Images - 0 Resources                                             (00:00.000 / 03:48.639, 1Gb)
  /workspace/input/images/out/input/Images/Logical_Model_UML_Score - 0 Resources                     (00:00.000 / 03:48.639, 1Gb)
  /workspace/input/images/out/input/Images/Logical_Model_UML_Score/MII_PRO_Scores - 0 Resources      (00:00.000 / 03:48.639, 1Gb)
  /workspace/input/images/out/input/Images/Logical_Model_UML_Score/MII_PROMs_Scores - 0 Resources    (00:00.000 / 03:48.639, 1Gb)
  /workspace/input/images/out/input/Images/Logical_Model_UML_Score/MII_PROMs_Scores - 0 Resources    (00:00.000 / 03:48.640, 1Gb)
  /workspace/input/images/out/input/Images/Logical_Model_UML_Score/MII_PRO_Scores - 0 Resources      (00:00.000 / 03:48.640, 1Gb)
  /workspace/input/images/out/input/Images/Workflow_Capability-Echtzeit - 0 Resources                (00:00.000 / 03:48.640, 1Gb)
  /workspace/input/images/out/input/Images/Workflow_Capability-Echtzeit/Workflow_Capability-Echtzeit - 0 Resources (00:00.000 / 03:48.640, 1Gb)
  /workspace/input/images/out/input/Images/Workflow_Capability-Echtzeit/Workflow_Capability-Echtzeit - 0 Resources (00:00.000 / 03:48.640, 1Gb)
  /workspace/input/images/out/input/Images/Workflow_Score_Repraesentation - 0 Resources              (00:00.000 / 03:48.640, 1Gb)
  /workspace/input/images/out/input/Images/Workflow_Score_Repraesentation/Workflow_Score_Repraesentation - 0 Resources (00:00.000 / 03:48.640, 1Gb)
  /workspace/input/images/out/input/Images/Workflow_Score_Repraesentation/Workflow_Score_Repraesentation - 0 Resources (00:00.000 / 03:48.641, 1Gb)
  /workspace/input/images/out/input/Images/Workflow_Domain_Mapping - 0 Resources                     (00:00.000 / 03:48.641, 1Gb)
  /workspace/input/images/out/input/Images/Workflow_Domain_Mapping/Workflow_Domain_Mapping - 0 Resources (00:00.000 / 03:48.641, 1Gb)
  /workspace/input/images/out/input/Images/Workflow_Domain_Mapping/Workflow_Domain_Mapping - 0 Resources (00:00.000 / 03:48.641, 1Gb)
  /workspace/input/images/out/input/Images/Logical_Model_UML_Questionnaire - 0 Resources             (00:00.000 / 03:48.641, 1Gb)
  /workspace/input/images/out/input/Images/Logical_Model_UML_Questionnaire/MII_PRO_Fragebögen - 0 Resources (00:00.000 / 03:48.641, 1Gb)
  /workspace/input/images/out/input/Images/Logical_Model_UML_Questionnaire/MII_PRO_Fragebögen - 0 Resources (00:00.000 / 03:48.641, 1Gb)
  /workspace/input/images/out/input/Images/Workflow_Standard - 0 Resources                           (00:00.000 / 03:48.641, 1Gb)
  /workspace/input/images/out/input/Images/Workflow_Standard/Workflow_Standard - 0 Resources         (00:00.000 / 03:48.642, 1Gb)
  /workspace/input/images/out/input/Images/Workflow_Standard/Workflow_Standard - 0 Resources         (00:00.000 / 03:48.642, 1Gb)
  /workspace/input/images/out/input/Images/Workflow_Capability-Server - 0 Resources                  (00:00.000 / 03:48.642, 1Gb)
  /workspace/input/images/out/input/Images/Workflow_Capability-Server/Workflow_Capability-Server - 0 Resources (00:00.000 / 03:48.642, 1Gb)
  /workspace/input/images/out/input/Images/Workflow_Capability-Server/Workflow_Capability-Server - 0 Resources (00:00.000 / 03:48.642, 1Gb)
  /workspace/input/images/out/input/Images/Workflow_Capability-Historisch - 0 Resources              (00:00.000 / 03:48.642, 1Gb)
  /workspace/input/images/out/input/Images/Workflow_Capability-Historisch/Workflow_Capability-Historisch - 0 Resources (00:00.000 / 03:48.642, 1Gb)
  /workspace/input/images/out/input/Images/Workflow_Capability-Historisch/Workflow_Capability-Historisch - 0 Resources (00:00.000 / 03:48.642, 1Gb)
  /workspace/input/images/out/input/Images/Logical_Model_UML_compact - 0 Resources                   (00:00.000 / 03:48.643, 1Gb)
  /workspace/input/images/out/input/Images/Logical_Model_UML_compact/MII_PRO_Informationsmodell_Compact - 0 Resources (00:00.000 / 03:48.643, 1Gb)
  /workspace/input/images/out/input/Images/Logical_Model_UML_compact/MII_PRO_Informationsmodell_Compact - 0 Resources (00:00.000 / 03:48.643, 1Gb)
  /workspace/input/images/out/input/Images/Logical_Model_UML_Questionnaire_Response - 0 Resources    (00:00.000 / 03:48.643, 1Gb)
  /workspace/input/images/out/input/Images/Logical_Model_UML_Questionnaire_Response/MII_PROMs_Fragebögen_ausgefüllt - 0 Resources (00:00.000 / 03:48.643, 1Gb)
  /workspace/input/images/out/input/Images/Logical_Model_UML_Questionnaire_Response/MII_PROMs_Fragebögen_ausgefüllt - 0 Resources (00:00.000 / 03:48.643, 1Gb)
  /workspace/input/images/out/input/Images/Logical_Model_UML_Domain - 0 Resources                    (00:00.000 / 03:48.643, 1Gb)
  /workspace/input/images/out/input/Images/Logical_Model_UML_Domain/MII_PROMs_Domäne - 0 Resources   (00:00.000 / 03:48.644, 1Gb)
  /workspace/input/images/out/input/Images/Logical_Model_UML_Domain/MII_PROMs_Domäne - 0 Resources   (00:00.000 / 03:48.644, 1Gb)
  /workspace/input/images/out/input/Images/Logical_Model_UML_complete - 0 Resources                  (00:00.000 / 03:48.644, 1Gb)
  /workspace/input/images/out/input/Images/Logical_Model_UML_complete/MII_PRO_Informationsmodell_Complete - 0 Resources (00:00.000 / 03:48.644, 1Gb)
  /workspace/input/images/out/input/Images/Logical_Model_UML_complete/MII_PRO_Informationsmodell_Complete - 0 Resources (00:00.000 / 03:48.644, 1Gb)
  /workspace/input/images/out/simple_process_mapping - 0 Resources                                   (00:00.000 / 03:48.644, 1Gb)
  /workspace/input/images/out/simple_process_mapping/simple_process_mapping - 0 Resources            (00:00.000 / 03:48.644, 1Gb)
  /workspace/input/images/Logical_Model_UML_Questionnaire - 0 Resources                              (00:00.000 / 03:48.644, 1Gb)
  /workspace/input/images/Workflow_Domain_Mapping - 0 Resources                                      (00:00.000 / 03:48.645, 1Gb)
  /workspace/input/images/MII_PRO_Informationsmodell_Compact - 0 Resources                           (00:00.000 / 03:48.645, 1Gb)
  /workspace/input/images/Workflow_Score_Repraesentation - 0 Resources                               (00:00.000 / 03:48.645, 1Gb)
  /workspace/input/images/Sequence_Diagram_UseCase_3 - 0 Resources                                   (00:00.000 / 03:48.645, 1Gb)
  /workspace/input/images/simple_process_mapping - 0 Resources                                       (00:00.000 / 03:48.645, 1Gb)
  /workspace/input/images/Logical_Model_UML_compact - 0 Resources                                    (00:00.000 / 03:48.645, 1Gb)
  /workspace/input/images/Sequence_Diagram_UseCase_2 - 0 Resources                                   (00:00.000 / 03:48.645, 1Gb)
  /workspace/input/images/MII_PROMs_Fragebögen_ausgefüllt - 0 Resources                              (00:00.000 / 03:48.645, 1Gb)
  /workspace/input/images/MII-PRO-Terminologie-Vergleichsmatrix - 0 Resources                        (00:00.000 / 03:48.646, 1Gb)
  /workspace/input/images/Logical_Model_UML_q-based copy - 0 Resources                               (00:00.000 / 03:48.646, 1Gb)
  /workspace/input/images/Workflow_Capability-Server - 0 Resources                                   (00:00.000 / 03:48.646, 1Gb)
  /workspace/input/images/Abstract_Profiles - 0 Resources                                            (00:00.000 / 03:48.646, 1Gb)
  /workspace/input/images/MII-PRO-Terminologie-Entscheidungsbaum - 0 Resources                       (00:00.000 / 03:48.646, 1Gb)
  /workspace/input/images/MII_PRO_Fragebögen - 0 Resources                                           (00:00.000 / 03:48.646, 1Gb)
  /workspace/input/images/MII_PROMs_Domäne - 0 Resources                                             (00:00.000 / 03:48.646, 1Gb)
  /workspace/input/images/Sequence_Diagram_UseCase_1 - 0 Resources                                   (00:00.000 / 03:48.646, 1Gb)
  /workspace/input/images/Workflow_Domain_Mapping - 0 Resources                                      (00:00.000 / 03:48.647, 1Gb)
  /workspace/input/images/UseCase 2  local harmonization - 0 Resources                               (00:00.000 / 03:48.647, 1Gb)
  /workspace/input/images/qlq-domaenen - 0 Resources                                                 (00:00.000 / 03:48.647, 1Gb)
  /workspace/input/images/IRT-Antwortwahrscheinlichkeiten - 0 Resources                              (00:00.000 / 03:48.647, 1Gb)
  /workspace/input/images/Logical_Model_UML_Domain - 0 Resources                                     (00:00.000 / 03:48.647, 1Gb)
  /workspace/input/images/Workflow_Capability-Historisch - 0 Resources                               (00:00.000 / 03:48.647, 1Gb)
  /workspace/input/images/itembanking - 0 Resources                                                  (00:00.000 / 03:48.647, 1Gb)
  /workspace/input/images/UseCase3  interhospital harmonization - 0 Resources                        (00:00.000 / 03:48.648, 1Gb)
  /workspace/input/images/Sequence_Diagram_UseCase_4 - 0 Resources                                   (00:00.000 / 03:48.648, 1Gb)
  /workspace/input/images/Logical_Model_UML_Score - 0 Resources                                      (00:00.000 / 03:48.648, 1Gb)
  /workspace/input/images/Workflow_Standard - 0 Resources                                            (00:00.000 / 03:48.648, 1Gb)
  /workspace/input/images/Logical_Model_UML_examples - 0 Resources                                   (00:00.000 / 03:48.648, 1Gb)
  /workspace/input/images/Logical_Model_UML_complete - 0 Resources                                   (00:00.000 / 03:48.648, 1Gb)
  /workspace/input/images/Workflow_Capability-Echtzeit - 0 Resources                                 (00:00.000 / 03:48.648, 1Gb)
  /workspace/input/images/Logical_Model_UML_Questionnaire_Response - 0 Resources                     (00:00.000 / 03:48.648, 1Gb)
  /workspace/input/images/simple_process - 0 Resources                                               (00:00.000 / 03:48.649, 1Gb)
  /workspace/input/images/UseCase 4  cross-domain harmonization - 0 Resources                        (00:00.000 / 03:48.649, 1Gb)
  /workspace/input/images/Abstract_Profiles - 0 Resources                                            (00:00.000 / 03:48.649, 1Gb)
  /workspace/input/images/MII_PROMs_Scores - 0 Resources                                             (00:00.000 / 03:48.649, 1Gb)
  /workspace/input/images/MII-PRO-Terminologie-Vergleichsmatrix - 0 Resources                        (00:00.000 / 03:48.649, 1Gb)
  /workspace/input/images/Workflow_Capability-Server - 0 Resources                                   (00:00.000 / 03:48.649, 1Gb)
Checking Language                                                                                    (00:00.004 / 03:48.653, 1Gb)
process type: NamingSystem                                                                           (00:00.000 / 03:48.654, 1Gb)
process type: CodeSystem                                                                             (00:00.000 / 03:48.654, 1Gb)
process type: ValueSet                                                                               (00:00.000 / 03:48.654, 1Gb)
process type: ConceptMap                                                                             (00:00.000 / 03:48.655, 1Gb)
process type: DataElement                                                                            (00:00.000 / 03:48.655, 1Gb)
process type: StructureDefinition                                                                    (00:00.000 / 03:48.655, 1Gb)
process type: OperationDefinition                                                                    (00:00.000 / 03:48.655, 1Gb)
process type: SearchParameter                                                                        (00:00.000 / 03:48.655, 1Gb)
process type: CapabilityStatement                                                                    (00:00.000 / 03:48.656, 1Gb)
process type: Conformance                                                                            (00:00.000 / 03:48.656, 1Gb)
process type: StructureMap                                                                           (00:00.000 / 03:48.656, 1Gb)
process type: ActivityDefinition                                                                     (00:00.000 / 03:48.656, 1Gb)
process type: Citation                                                                               (00:00.000 / 03:48.656, 1Gb)
process type: ChargeItemDefinition                                                                   (00:00.000 / 03:48.656, 1Gb)
process type: CompartmentDefinition                                                                  (00:00.000 / 03:48.657, 1Gb)
process type: ConceptMap                                                                             (00:00.000 / 03:48.657, 1Gb)
process type: ConditionDefinition                                                                    (00:00.000 / 03:48.657, 1Gb)
process type: EffectEvidenceSynthesis                                                                (00:00.000 / 03:48.657, 1Gb)
process type: EventDefinition                                                                        (00:00.000 / 03:48.657, 1Gb)
process type: Evidence                                                                               (00:00.000 / 03:48.658, 1Gb)
process type: EvidenceVariable                                                                       (00:00.000 / 03:48.658, 1Gb)
process type: ExampleScenario                                                                        (00:00.000 / 03:48.658, 1Gb)
process type: GraphDefinition                                                                        (00:00.000 / 03:48.658, 1Gb)
process type: ImplementationGuide                                                                    (00:00.000 / 03:48.658, 1Gb)
process type: Library                                                                                (00:00.000 / 03:48.659, 1Gb)
process type: Measure                                                                                (00:00.000 / 03:48.659, 1Gb)
process type: MessageDefinition                                                                      (00:00.000 / 03:48.659, 1Gb)
process type: PlanDefinition                                                                         (00:00.000 / 03:48.659, 1Gb)
process type: Questionnaire                                                                          (00:00.000 / 03:48.659, 1Gb)
process type: ResearchDefinition                                                                     (00:00.000 / 03:48.660, 1Gb)
process type: ResearchElementDefinition                                                              (00:00.000 / 03:48.660, 1Gb)
process type: RiskEvidenceSynthesis                                                                  (00:00.000 / 03:48.660, 1Gb)
process type: SearchParameter                                                                        (00:00.000 / 03:48.660, 1Gb)
process type: Statistic                                                                              (00:00.000 / 03:48.660, 1Gb)
process type: TerminologyCapabilities                                                                (00:00.000 / 03:48.661, 1Gb)
process type: TestPlan                                                                               (00:00.000 / 03:48.661, 1Gb)
process type: TestScript                                                                             (00:00.000 / 03:48.661, 1Gb)
process type: ActorDefinition                                                                        (00:00.000 / 03:48.661, 1Gb)
process type: SubscriptionTopic                                                                      (00:00.000 / 03:48.661, 1Gb)
process type: Requirements                                                                           (00:00.000 / 03:48.661, 1Gb)
Load Dependency Info                                                                                 (00:00.000 / 03:48.662, 1Gb)
Load Info                                                                                            (00:00.001 / 03:48.663, 1Gb)
Load Paths                                                                                           (00:00.000 / 03:48.663, 1Gb)
Check R4 / R4B                                                                                       (00:00.000 / 03:48.664, 1Gb)
R4/R4B Check                                                                                         (00:00.000 / 03:48.664, 1Gb)
Assign Comparison Ids                                                                                (00:00.040 / 03:48.705, 1Gb)
Propagating status                                                                                   (00:00.000 / 03:48.705, 1Gb)
propagating status                                                                                   (00:00.000 / 03:48.705, 1Gb)
Generating Narratives                                                                                (00:00.000 / 03:48.705, 1Gb)
gen narratives                                                                                       (00:00.000 / 03:48.706, 1Gb)
generate narrative for ImplementationGuide-mii-ig-pro.json : mii-ig-pro                              (00:00.000 / 03:48.706, 1Gb)
generate narrative for Bundle-mii-exa-pro-bdi-ii-bundle.json : mii-exa-pro-bdi-ii-bundle             (00:00.033 / 03:48.740, 1Gb)
generate narrative for Bundle-mii-exa-pro-eortc-qlq-c30-bundle.json : mii-exa-pro-eortc-qlq-c30-bundle (00:00.413 / 03:49.153, 878Mb)
generate narrative for Bundle-mii-exa-pro-phq-9-bundle.json : mii-exa-pro-phq-9-bundle               (00:00.028 / 03:49.182, 889Mb)
generate narrative for Bundle-mii-exa-pro-promis-29-bundle.json : mii-exa-pro-promis-29-bundle       (00:00.004 / 03:49.186, 892Mb)
generate narrative for Bundle-mii-exa-pro-promis-depression-sf4a-bundle.json : mii-exa-pro-promis-depression-sf4a-bundle (00:00.024 / 03:49.211, 897Mb)
generate narrative for CapabilityStatement-mii-cps-pro-capabilitystatement.json : mii-cps-pro-capabilitystatement (00:00.002 / 03:49.213, 898Mb)
generate narrative for CodeSystem-mii-cs-pro-bdi-bdi2.json : mii-cs-pro-bdi-bdi2                     (00:00.021 / 03:49.235, 913Mb)
generate narrative for CodeSystem-mii-cs-pro-dass-21.json : mii-cs-pro-dass-21                       (00:00.003 / 03:49.239, 914Mb)
generate narrative for CodeSystem-mii-cs-pro-eortc-qlq-c30.json : mii-cs-pro-eortc-qlq-c30           (00:00.002 / 03:49.242, 917Mb)
generate narrative for CodeSystem-mii-cs-pro-eq-5d-value-set.json : mii-cs-pro-eq-5d-value-set       (00:00.001 / 03:49.243, 919Mb)
generate narrative for CodeSystem-mii-cs-pro-isr-z-answers.json : mii-cs-pro-isr-z-answers           (00:00.004 / 03:49.247, 923Mb)
generate narrative for CodeSystem-mii-cs-pro-midos2.json : mii-cs-pro-midos2                         (00:00.002 / 03:49.250, 925Mb)
generate narrative for CodeSystem-mii-cs-pro-phq-15-answers.json : mii-cs-pro-phq-15-answers         (00:00.003 / 03:49.253, 927Mb)
generate narrative for CodeSystem-mii-cs-pro-pro-ctcae.json : mii-cs-pro-pro-ctcae                   (00:00.001 / 03:49.255, 928Mb)
generate narrative for CodeSystem-mii-cs-pro-questionnaire-catalogue.json : mii-cs-pro-questionnaire-catalogue (00:00.017 / 03:49.272, 956Mb)
generate narrative for CodeSystem-mii-cs-pro-score-catalogue.json : mii-cs-pro-score-catalogue       (00:00.002 / 03:49.275, 959Mb)
generate narrative for CodeSystem-mii-cs-pro-ssd-12-answers.json : mii-cs-pro-ssd-12-answers         (00:00.002 / 03:49.277, 962Mb)
generate narrative for CodeSystem-mii-cs-pro-whodas-12.json : mii-cs-pro-whodas-12                   (00:00.001 / 03:49.279, 964Mb)
generate narrative for ConceptMap-mii-cm-pro-gad-7-linkids.json : mii-cm-pro-gad-7-linkids           (00:00.002 / 03:49.281, 966Mb)
generate narrative for ConceptMap-mii-cm-pro-phq-9-linkid-migration.json : mii-cm-pro-phq-9-linkid-migration (00:00.004 / 03:49.285, 968Mb)
generate narrative for Observation-mii-exa-pro-bdi-ii-observation.json : mii-exa-pro-bdi-ii-observation (00:00.005 / 03:49.291, 972Mb)
generate narrative for Observation-mii-exa-pro-dass-dass21-score-anxiety-equiv.json : mii-exa-pro-dass-dass21-score-anxiety-equiv (00:00.001 / 03:49.292, 972Mb)
generate narrative for Observation-mii-exa-pro-dass-dass21-score-anxiety-raw.json : mii-exa-pro-dass-dass21-score-anxiety-raw (00:00.001 / 03:49.294, 973Mb)
generate narrative for Observation-mii-exa-pro-dass-dass21-score-depression-equiv.json : mii-exa-pro-dass-dass21-score-depression-equiv (00:00.001 / 03:49.295, 973Mb)
generate narrative for Observation-mii-exa-pro-dass-dass21-score-depression-raw.json : mii-exa-pro-dass-dass21-score-depression-raw (00:00.001 / 03:49.296, 974Mb)
generate narrative for Observation-mii-exa-pro-dass-dass21-score-stress-equiv.json : mii-exa-pro-dass-dass21-score-stress-equiv (00:00.001 / 03:49.297, 974Mb)
generate narrative for Observation-mii-exa-pro-dass-dass21-score-stress-raw.json : mii-exa-pro-dass-dass21-score-stress-raw (00:00.001 / 03:49.299, 975Mb)
generate narrative for Observation-mii-exa-pro-eortc-qlq-c30-observation-ap.json : mii-exa-pro-eortc-qlq-c30-observation-ap (00:00.001 / 03:49.300, 975Mb)
generate narrative for Observation-mii-exa-pro-eortc-qlq-c30-observation-cf.json : mii-exa-pro-eortc-qlq-c30-observation-cf (00:00.001 / 03:49.301, 976Mb)
generate narrative for Observation-mii-exa-pro-eortc-qlq-c30-observation-co.json : mii-exa-pro-eortc-qlq-c30-observation-co (00:00.001 / 03:49.302, 977Mb)
generate narrative for Observation-mii-exa-pro-eortc-qlq-c30-observation-di.json : mii-exa-pro-eortc-qlq-c30-observation-di (00:00.001 / 03:49.303, 977Mb)
generate narrative for Observation-mii-exa-pro-eortc-qlq-c30-observation-dy.json : mii-exa-pro-eortc-qlq-c30-observation-dy (00:00.001 / 03:49.304, 978Mb)
generate narrative for Observation-mii-exa-pro-eortc-qlq-c30-observation-ef.json : mii-exa-pro-eortc-qlq-c30-observation-ef (00:00.001 / 03:49.306, 978Mb)
generate narrative for Observation-mii-exa-pro-eortc-qlq-c30-observation-fa.json : mii-exa-pro-eortc-qlq-c30-observation-fa (00:00.001 / 03:49.308, 979Mb)
generate narrative for Observation-mii-exa-pro-eortc-qlq-c30-observation-fi.json : mii-exa-pro-eortc-qlq-c30-observation-fi (00:00.001 / 03:49.309, 979Mb)
generate narrative for Observation-mii-exa-pro-eortc-qlq-c30-observation-nv.json : mii-exa-pro-eortc-qlq-c30-observation-nv (00:00.001 / 03:49.310, 980Mb)
generate narrative for Observation-mii-exa-pro-eortc-qlq-c30-observation-pa.json : mii-exa-pro-eortc-qlq-c30-observation-pa (00:00.001 / 03:49.311, 980Mb)
generate narrative for Observation-mii-exa-pro-eortc-qlq-c30-observation-pf.json : mii-exa-pro-eortc-qlq-c30-observation-pf (00:00.001 / 03:49.313, 981Mb)
generate narrative for Observation-mii-exa-pro-eortc-qlq-c30-observation-ql.json : mii-exa-pro-eortc-qlq-c30-observation-ql (00:00.001 / 03:49.314, 982Mb)
generate narrative for Observation-mii-exa-pro-eortc-qlq-c30-observation-rf.json : mii-exa-pro-eortc-qlq-c30-observation-rf (00:00.001 / 03:49.315, 982Mb)
generate narrative for Observation-mii-exa-pro-eortc-qlq-c30-observation-sf.json : mii-exa-pro-eortc-qlq-c30-observation-sf (00:00.001 / 03:49.316, 983Mb)
generate narrative for Observation-mii-exa-pro-eortc-qlq-c30-observation-sl.json : mii-exa-pro-eortc-qlq-c30-observation-sl (00:00.001 / 03:49.317, 983Mb)
generate narrative for Observation-mii-exa-pro-gad-7-score.json : mii-exa-pro-gad-7-score            (00:00.001 / 03:49.319, 984Mb)
generate narrative for Observation-mii-exa-pro-isr-z-score.json : mii-exa-pro-isr-z-score            (00:00.001 / 03:49.320, 984Mb)
generate narrative for Observation-mii-exa-pro-pc-ptsd-score.json : mii-exa-pro-pc-ptsd-score        (00:00.001 / 03:49.321, 985Mb)
generate narrative for Observation-mii-exa-pro-phq-15-observation.json : mii-exa-pro-phq-15-observation (00:00.000 / 03:49.322, 985Mb)
generate narrative for Observation-mii-exa-pro-phq-9-observation.json : mii-exa-pro-phq-9-observation (00:00.001 / 03:49.323, 986Mb)
generate narrative for Observation-mii-exa-pro-promis-depression-sf4a-raw-score.json : mii-exa-pro-promis-depression-sf4a-raw-score (00:00.000 / 03:49.324, 986Mb)
generate narrative for Observation-mii-exa-pro-promis-depression-sf4a-tscore.json : mii-exa-pro-promis-depression-sf4a-tscore (00:00.001 / 03:49.325, 987Mb)
generate narrative for Observation-mii-exa-pro-promis-depression-tscore-from-bdi-ii-observation.json : mii-exa-pro-promis-depression-tscore-from-bdi-ii-observation (00:00.001 / 03:49.327, 987Mb)
generate narrative for Observation-mii-exa-pro-scoff-score.json : mii-exa-pro-scoff-score            (00:00.000 / 03:49.328, 988Mb)
generate narrative for Observation-mii-exa-pro-ssd-12-score.json : mii-exa-pro-ssd-12-score          (00:00.001 / 03:49.329, 988Mb)
generate narrative for Observation-mii-exa-pro-whodas12-score-simple-sum.json : mii-exa-pro-whodas12-score-simple-sum (00:00.001 / 03:49.330, 989Mb)
generate narrative for Observation-mii-exa-pro-wi-7-score.json : mii-exa-pro-wi-7-score              (00:00.000 / 03:49.331, 989Mb)
generate narrative for ObservationDefinition-mii-obsdef-pro-depression-t-score.json : mii-obsdef-pro-depression-t-score (00:00.001 / 03:49.332, 990Mb)
generate narrative for ObservationDefinition-mii-obsdef-pro-eortc-qlq-c30-ap.json : mii-obsdef-pro-eortc-qlq-c30-ap (00:00.003 / 03:49.336, 992Mb)
generate narrative for ObservationDefinition-mii-obsdef-pro-eortc-qlq-c30-cf.json : mii-obsdef-pro-eortc-qlq-c30-cf (00:00.000 / 03:49.337, 992Mb)
generate narrative for ObservationDefinition-mii-obsdef-pro-eortc-qlq-c30-co.json : mii-obsdef-pro-eortc-qlq-c30-co (00:00.000 / 03:49.337, 993Mb)
generate narrative for ObservationDefinition-mii-obsdef-pro-eortc-qlq-c30-di.json : mii-obsdef-pro-eortc-qlq-c30-di (00:00.000 / 03:49.338, 993Mb)
generate narrative for ObservationDefinition-mii-obsdef-pro-eortc-qlq-c30-dy.json : mii-obsdef-pro-eortc-qlq-c30-dy (00:00.000 / 03:49.339, 994Mb)
generate narrative for ObservationDefinition-mii-obsdef-pro-eortc-qlq-c30-ef.json : mii-obsdef-pro-eortc-qlq-c30-ef (00:00.000 / 03:49.339, 994Mb)
generate narrative for ObservationDefinition-mii-obsdef-pro-eortc-qlq-c30-fa.json : mii-obsdef-pro-eortc-qlq-c30-fa (00:00.000 / 03:49.340, 995Mb)
generate narrative for ObservationDefinition-mii-obsdef-pro-eortc-qlq-c30-fi.json : mii-obsdef-pro-eortc-qlq-c30-fi (00:00.000 / 03:49.341, 995Mb)
generate narrative for ObservationDefinition-mii-obsdef-pro-eortc-qlq-c30-nv.json : mii-obsdef-pro-eortc-qlq-c30-nv (00:00.000 / 03:49.341, 995Mb)
generate narrative for ObservationDefinition-mii-obsdef-pro-eortc-qlq-c30-pa.json : mii-obsdef-pro-eortc-qlq-c30-pa (00:00.000 / 03:49.342, 996Mb)
generate narrative for ObservationDefinition-mii-obsdef-pro-eortc-qlq-c30-pf.json : mii-obsdef-pro-eortc-qlq-c30-pf (00:00.000 / 03:49.343, 996Mb)
generate narrative for ObservationDefinition-mii-obsdef-pro-eortc-qlq-c30-ql.json : mii-obsdef-pro-eortc-qlq-c30-ql (00:00.000 / 03:49.343, 997Mb)
generate narrative for ObservationDefinition-mii-obsdef-pro-eortc-qlq-c30-rf.json : mii-obsdef-pro-eortc-qlq-c30-rf (00:00.000 / 03:49.344, 997Mb)
generate narrative for ObservationDefinition-mii-obsdef-pro-eortc-qlq-c30-sf.json : mii-obsdef-pro-eortc-qlq-c30-sf (00:00.000 / 03:49.344, 998Mb)
generate narrative for ObservationDefinition-mii-obsdef-pro-eortc-qlq-c30-sl.json : mii-obsdef-pro-eortc-qlq-c30-sl (00:00.000 / 03:49.345, 998Mb)
generate narrative for ObservationDefinition-mii-obsdef-pro-promis-29-anxiety-tscore.json : mii-obsdef-pro-promis-29-anxiety-tscore (00:00.000 / 03:49.346, 998Mb)
generate narrative for ObservationDefinition-mii-obsdef-pro-promis-29-depression-tscore.json : mii-obsdef-pro-promis-29-depression-tscore (00:00.000 / 03:49.347, 999Mb)
generate narrative for ObservationDefinition-mii-obsdef-pro-promis-29-fatigue-tscore.json : mii-obsdef-pro-promis-29-fatigue-tscore (00:00.001 / 03:49.348, 1000Mb)
generate narrative for ObservationDefinition-mii-obsdef-pro-promis-29-pain-intensity.json : mii-obsdef-pro-promis-29-pain-intensity (00:00.001 / 03:49.349, 1001Mb)
generate narrative for ObservationDefinition-mii-obsdef-pro-promis-29-pain-interference-tscore.json : mii-obsdef-pro-promis-29-pain-interference-tscore (00:00.001 / 03:49.350, 1002Mb)
generate narrative for ObservationDefinition-mii-obsdef-pro-promis-29-physical-function-tscore.json : mii-obsdef-pro-promis-29-physical-function-tscore (00:00.001 / 03:49.351, 1003Mb)
generate narrative for ObservationDefinition-mii-obsdef-pro-promis-29-sleep-disturbance-tscore.json : mii-obsdef-pro-promis-29-sleep-disturbance-tscore (00:00.000 / 03:49.352, 1004Mb)
generate narrative for ObservationDefinition-mii-obsdef-pro-promis-29-social-function-tscore.json : mii-obsdef-pro-promis-29-social-function-tscore (00:00.001 / 03:49.353, 1005Mb)
generate narrative for ObservationDefinition-mii-obsdef-pro-promis-cognitive-function-sf4a-raw-score.json : mii-obsdef-pro-promis-cognitive-function-sf4a-raw-score (00:00.000 / 03:49.354, 1006Mb)
generate narrative for ObservationDefinition-mii-obsdef-pro-promis-cognitive-function-sf4a-tscore.json : mii-obsdef-pro-promis-cognitive-function-sf4a-tscore (00:00.000 / 03:49.355, 1007Mb)
generate narrative for ObservationDefinition-mii-obsdef-pro-score-bdi-ii.json : mii-obsdef-pro-score-bdi-ii (00:00.001 / 03:49.356, 1008Mb)
generate narrative for ObservationDefinition-mii-obsdef-pro-score-dass21-anxiety-equiv.json : mii-obsdef-pro-score-dass21-anxiety-equiv (00:00.001 / 03:49.357, 1009Mb)
generate narrative for ObservationDefinition-mii-obsdef-pro-score-dass21-anxiety-raw.json : mii-obsdef-pro-score-dass21-anxiety-raw (00:00.000 / 03:49.358, 1010Mb)
generate narrative for ObservationDefinition-mii-obsdef-pro-score-dass21-depression-equiv.json : mii-obsdef-pro-score-dass21-depression-equiv (00:00.000 / 03:49.359, 1010Mb)
generate narrative for ObservationDefinition-mii-obsdef-pro-score-dass21-depression-raw.json : mii-obsdef-pro-score-dass21-depression-raw (00:00.000 / 03:49.360, 1011Mb)
generate narrative for ObservationDefinition-mii-obsdef-pro-score-dass21-stress-equiv.json : mii-obsdef-pro-score-dass21-stress-equiv (00:00.001 / 03:49.361, 1012Mb)
generate narrative for ObservationDefinition-mii-obsdef-pro-score-dass21-stress-raw.json : mii-obsdef-pro-score-dass21-stress-raw (00:00.000 / 03:49.362, 1013Mb)
generate narrative for ObservationDefinition-mii-obsdef-pro-score-eq5d5l-index.json : mii-obsdef-pro-score-eq5d5l-index (00:00.000 / 03:49.362, 1014Mb)
generate narrative for ObservationDefinition-mii-obsdef-pro-score-eq5d5l-profile.json : mii-obsdef-pro-score-eq5d5l-profile (00:00.000 / 03:49.363, 1015Mb)
generate narrative for ObservationDefinition-mii-obsdef-pro-score-eq5d5l-vas.json : mii-obsdef-pro-score-eq5d5l-vas (00:00.000 / 03:49.364, 1015Mb)
generate narrative for ObservationDefinition-mii-obsdef-pro-score-gad-7.json : mii-obsdef-pro-score-gad-7 (00:00.001 / 03:49.365, 1016Mb)
generate narrative for ObservationDefinition-mii-obsdef-pro-score-isr-z.json : mii-obsdef-pro-score-isr-z (00:00.001 / 03:49.367, 1018Mb)
generate narrative for ObservationDefinition-mii-obsdef-pro-score-pc-ptsd.json : mii-obsdef-pro-score-pc-ptsd (00:00.001 / 03:49.368, 1018Mb)
generate narrative for ObservationDefinition-mii-obsdef-pro-score-phq-15.json : mii-obsdef-pro-score-phq-15 (00:00.001 / 03:49.369, 1019Mb)
generate narrative for ObservationDefinition-mii-obsdef-pro-score-phq-9.json : mii-obsdef-pro-score-phq-9 (00:00.001 / 03:49.371, 1021Mb)
generate narrative for ObservationDefinition-mii-obsdef-pro-score-proctcae-acs.json : mii-obsdef-pro-score-proctcae-acs (00:00.001 / 03:49.372, 1021Mb)
generate narrative for ObservationDefinition-mii-obsdef-pro-score-proctcae-composite-grade.json : mii-obsdef-pro-score-proctcae-composite-grade (00:00.000 / 03:49.373, 1022Mb)
generate narrative for ObservationDefinition-mii-obsdef-pro-score-scoff.json : mii-obsdef-pro-score-scoff (00:00.001 / 03:49.374, 1023Mb)
generate narrative for ObservationDefinition-mii-obsdef-pro-score-ssd-12.json : mii-obsdef-pro-score-ssd-12 (00:00.001 / 03:49.375, 1Gb)
generate narrative for ObservationDefinition-mii-obsdef-pro-score-whodas12-simple-sum.json : mii-obsdef-pro-score-whodas12-simple-sum (00:00.001 / 03:49.376, 1Gb)
generate narrative for ObservationDefinition-mii-obsdef-pro-score-wi-7.json : mii-obsdef-pro-score-wi-7 (00:00.000 / 03:49.377, 1Gb)
generate narrative for Patient-mii-exa-pro-patient.json : mii-exa-pro-patient                        (00:00.001 / 03:49.378, 1Gb)
generate narrative for Questionnaire-mii-qst-pro-bdi-bdi2.json : mii-qst-pro-bdi-bdi2                (00:00.000 / 03:49.379, 1Gb)
generate narrative for Questionnaire-mii-qst-pro-ces-d.json : mii-qst-pro-ces-d                      (00:00.010 / 03:49.389, 1Gb)
generate narrative for Questionnaire-mii-qst-pro-dass-dass21.json : mii-qst-pro-dass-dass21          (00:00.002 / 03:49.392, 1Gb)
generate narrative for Questionnaire-mii-qst-pro-eortc-qlq-c30-variant-a.json : mii-qst-pro-eortc-qlq-c30-variant-a (00:00.016 / 03:49.409, 1Gb)
generate narrative for Questionnaire-mii-qst-pro-eortc-qlq-c30-variant-b.json : mii-qst-pro-eortc-qlq-c30-variant-b (00:00.014 / 03:49.423, 1Gb)
generate narrative for Questionnaire-mii-qst-pro-eortc-qlq-c30.json : mii-qst-pro-eortc-qlq-c30      (00:00.299 / 03:49.722, 1Gb)
generate narrative for Questionnaire-mii-qst-pro-epds.json : mii-qst-pro-epds                        (00:00.019 / 03:49.742, 1Gb)
generate narrative for Questionnaire-mii-qst-pro-euronet-soma.json : mii-qst-pro-euronet-soma        (00:00.002 / 03:49.744, 1Gb)
generate narrative for Questionnaire-mii-qst-pro-euroqol-eq5d5l-answer-coding.json : mii-qst-pro-euroqol-eq5d5l-answer-coding (00:00.004 / 03:49.748, 1Gb)
generate narrative for Questionnaire-mii-qst-pro-euroqol-eq5d5l-collectable.json : mii-qst-pro-euroqol-eq5d5l-collectable (00:00.006 / 03:49.755, 1Gb)
generate narrative for Questionnaire-mii-qst-pro-euroqol-eq5d5l-displayable.json : mii-qst-pro-euroqol-eq5d5l-displayable (00:00.005 / 03:49.761, 1Gb)
generate narrative for Questionnaire-mii-qst-pro-euroqol-eq5d5l-minimal.json : mii-qst-pro-euroqol-eq5d5l-minimal (00:00.006 / 03:49.767, 1Gb)
generate narrative for Questionnaire-mii-qst-pro-gad-7.json : mii-qst-pro-gad-7                      (00:00.004 / 03:49.772, 1Gb)
generate narrative for Questionnaire-mii-qst-pro-hads.json : mii-qst-pro-hads                        (00:00.007 / 03:49.780, 1Gb)
generate narrative for Questionnaire-mii-qst-pro-isr-z.json : mii-qst-pro-isr-z                      (00:00.002 / 03:49.782, 1Gb)
generate narrative for Questionnaire-mii-qst-pro-k6.json : mii-qst-pro-k6                            (00:00.003 / 03:49.785, 1Gb)
generate narrative for Questionnaire-mii-qst-pro-midos-midos2.json : mii-qst-pro-midos-midos2        (00:00.001 / 03:49.787, 1Gb)
generate narrative for Questionnaire-mii-qst-pro-pc-ptsd.json : mii-qst-pro-pc-ptsd                  (00:00.005 / 03:49.792, 1Gb)
generate narrative for Questionnaire-mii-qst-pro-phq-15.json : mii-qst-pro-phq-15                    (00:00.004 / 03:49.796, 1Gb)
generate narrative for Questionnaire-mii-qst-pro-phq-9.json : mii-qst-pro-phq-9                      (00:00.006 / 03:49.802, 1Gb)
generate narrative for Questionnaire-mii-qst-pro-pro-ctcae-breast-de.json : mii-qst-pro-pro-ctcae-breast-de (00:00.007 / 03:49.810, 1Gb)
generate narrative for Questionnaire-mii-qst-pro-pro-ctcae-onkologisches-basisscreening.json : mii-qst-pro-pro-ctcae-onkologisches-basisscreening (00:00.014 / 03:49.824, 1Gb)
generate narrative for Questionnaire-mii-qst-pro-promis-16.json : mii-qst-pro-promis-16              (00:00.009 / 03:49.833, 1Gb)
generate narrative for Questionnaire-mii-qst-pro-promis-29-de.json : mii-qst-pro-promis-29-de        (00:00.008 / 03:49.841, 1Gb)
generate narrative for Questionnaire-mii-qst-pro-promis-29-minimal.json : mii-qst-pro-promis-29-minimal (00:00.032 / 03:49.874, 948Mb)
generate narrative for Questionnaire-mii-qst-pro-promis-29.json : mii-qst-pro-promis-29              (00:00.011 / 03:49.886, 957Mb)
generate narrative for Questionnaire-mii-qst-pro-promis-cognitive-function-sf4a.json : mii-qst-pro-promis-cognitive-function-sf4a (00:00.021 / 03:49.907, 1007Mb)
generate narrative for Questionnaire-mii-qst-pro-promis-depression-sf4a.json : mii-qst-pro-promis-depression-sf4a (00:00.005 / 03:49.912, 1017Mb)
generate narrative for Questionnaire-mii-qst-pro-scoff.json : mii-qst-pro-scoff                      (00:00.004 / 03:49.916, 1Gb)
generate narrative for Questionnaire-mii-qst-pro-ssd-12.json : mii-qst-pro-ssd-12                    (00:00.004 / 03:49.921, 1Gb)
generate narrative for Questionnaire-mii-qst-pro-whodas-whodas12.json : mii-qst-pro-whodas-whodas12  (00:00.006 / 03:49.927, 1Gb)
generate narrative for Questionnaire-mii-qst-pro-wi-7.json : mii-qst-pro-wi-7                        (00:00.005 / 03:49.933, 1Gb)
generate narrative for QuestionnaireResponse-mii-exa-pro-bdi-bdi2.json : mii-exa-pro-bdi-bdi2        (00:00.004 / 03:49.937, 1Gb)
generate narrative for QuestionnaireResponse-mii-exa-pro-dass-dass21-response-01.json : mii-exa-pro-dass-dass21-response-01 (00:00.002 / 03:49.940, 1Gb)
generate narrative for QuestionnaireResponse-mii-exa-pro-eortc-qlq-c30-response.json : mii-exa-pro-eortc-qlq-c30-response (00:00.000 / 03:49.941, 1Gb)
generate narrative for QuestionnaireResponse-mii-exa-pro-euronet-soma-response.json : mii-exa-pro-euronet-soma-response (00:00.001 / 03:49.942, 1Gb)
generate narrative for QuestionnaireResponse-mii-exa-pro-euroqol-eq5d5l-coded-response.json : mii-exa-pro-euroqol-eq5d5l-coded-response (00:00.000 / 03:49.943, 1Gb)
generate narrative for QuestionnaireResponse-mii-exa-pro-euroqol-eq5d5l-response.json : mii-exa-pro-euroqol-eq5d5l-response (00:00.000 / 03:49.943, 1Gb)
generate narrative for QuestionnaireResponse-mii-exa-pro-gad-7-response.json : mii-exa-pro-gad-7-response (00:00.001 / 03:49.945, 1Gb)
generate narrative for QuestionnaireResponse-mii-exa-pro-isr-z-response.json : mii-exa-pro-isr-z-response (00:00.000 / 03:49.945, 1Gb)
generate narrative for QuestionnaireResponse-mii-exa-pro-midos2-response-01.json : mii-exa-pro-midos2-response-01 (00:00.000 / 03:49.946, 1Gb)
generate narrative for QuestionnaireResponse-mii-exa-pro-pc-ptsd-response.json : mii-exa-pro-pc-ptsd-response (00:00.000 / 03:49.947, 1Gb)
generate narrative for QuestionnaireResponse-mii-exa-pro-phq-15-response.json : mii-exa-pro-phq-15-response (00:00.001 / 03:49.948, 1Gb)
generate narrative for QuestionnaireResponse-mii-exa-pro-phq-9-response.json : mii-exa-pro-phq-9-response (00:00.000 / 03:49.948, 1Gb)
generate narrative for QuestionnaireResponse-mii-exa-pro-pro-ctcae-onkologisches-basisscreening-response-01.json : mii-exa-pro-pro-ctcae-onkologisches-basisscreening-response-01 (00:00.000 / 03:49.949, 1Gb)
generate narrative for QuestionnaireResponse-mii-exa-pro-promis-29-de-response.json : mii-exa-pro-promis-29-de-response (00:00.001 / 03:49.950, 1Gb)
generate narrative for QuestionnaireResponse-mii-exa-pro-promis-29-response.json : mii-exa-pro-promis-29-response (00:00.001 / 03:49.951, 1Gb)
generate narrative for QuestionnaireResponse-mii-exa-pro-promis-depression-sf4a-response.json : mii-exa-pro-promis-depression-sf4a-response (00:00.001 / 03:49.952, 1Gb)
generate narrative for QuestionnaireResponse-mii-exa-pro-scoff-response.json : mii-exa-pro-scoff-response (00:00.000 / 03:49.953, 1Gb)
generate narrative for QuestionnaireResponse-mii-exa-pro-ssd-12-response.json : mii-exa-pro-ssd-12-response (00:00.000 / 03:49.954, 1Gb)
generate narrative for QuestionnaireResponse-mii-exa-pro-whodas12-response-01.json : mii-exa-pro-whodas12-response-01 (00:00.000 / 03:49.954, 1Gb)
generate narrative for QuestionnaireResponse-mii-exa-pro-wi-7-response.json : mii-exa-pro-wi-7-response (00:00.000 / 03:49.955, 1Gb)
generate narrative for SearchParameter-mii-sp-pro-observationdefinition-code.json : mii-sp-pro-observationdefinition-code (00:00.000 / 03:49.956, 1Gb)
generate narrative for SearchParameter-mii-sp-pro-observationdefinition-health-correlation.json : mii-sp-pro-observationdefinition-health-correlation (00:00.002 / 03:49.958, 1Gb)
generate narrative for SearchParameter-mii-sp-pro-observationdefinition-interval-category.json : mii-sp-pro-observationdefinition-interval-category (00:00.001 / 03:49.960, 1Gb)
generate narrative for SearchParameter-mii-sp-pro-observationdefinition-permitted-datatype.json : mii-sp-pro-observationdefinition-permitted-datatype (00:00.001 / 03:49.961, 1Gb)
generate narrative for SearchParameter-mii-sp-pro-observationdefinition-preferred-report-name.json : mii-sp-pro-observationdefinition-preferred-report-name (00:00.001 / 03:49.962, 1Gb)
generate narrative for SearchParameter-mii-sp-pro-observationdefinition-unit.json : mii-sp-pro-observationdefinition-unit (00:00.001 / 03:49.964, 1Gb)
generate narrative for SearchParameter-mii-sp-pro-questionnaire-capabilities.json : mii-sp-pro-questionnaire-capabilities (00:00.001 / 03:49.965, 1Gb)
generate narrative for StructureDefinition-mii-ex-pro-questionnaire-capabilities.json : mii-ex-pro-questionnaire-capabilities (00:00.001 / 03:49.967, 1Gb)
generate narrative for StructureDefinition-mii-ex-pro-score-score-health-correlation.json : mii-ex-pro-score-score-health-correlation (00:00.023 / 03:49.991, 1Gb)
generate narrative for StructureDefinition-mii-lm-pro.json : mii-lm-pro                              (00:00.005 / 03:49.996, 1Gb)
generate narrative for StructureDefinition-mii-pr-pro-depression-t-score.json : mii-pr-pro-depression-t-score (00:00.059 / 03:50.056, 1Gb)
generate narrative for StructureDefinition-mii-pr-pro-observation-bdi-ii.json : mii-pr-pro-observation-bdi-ii (00:00.016 / 03:50.072, 1Gb)
generate narrative for StructureDefinition-mii-pr-pro-observation-eq5d5l-index.json : mii-pr-pro-observation-eq5d5l-index (00:00.010 / 03:50.083, 1Gb)
generate narrative for StructureDefinition-mii-pr-pro-observation-eq5d5l-profile.json : mii-pr-pro-observation-eq5d5l-profile (00:00.011 / 03:50.094, 1Gb)
generate narrative for StructureDefinition-mii-pr-pro-observation-eq5d5l-vas.json : mii-pr-pro-observation-eq5d5l-vas (00:00.008 / 03:50.103, 1Gb)
generate narrative for StructureDefinition-mii-pr-pro-observation-phq-15.json : mii-pr-pro-observation-phq-15 (00:00.010 / 03:50.113, 1Gb)
generate narrative for StructureDefinition-mii-pr-pro-observation-phq-9.json : mii-pr-pro-observation-phq-9 (00:00.009 / 03:50.123, 1Gb)
generate narrative for StructureDefinition-mii-pr-pro-observation-whodas12.json : mii-pr-pro-observation-whodas12 (00:00.009 / 03:50.132, 1Gb)
generate narrative for StructureDefinition-mii-pr-pro-promis-29-anxiety-tscore.json : mii-pr-pro-promis-29-anxiety-tscore (00:00.007 / 03:50.140, 1Gb)
generate narrative for StructureDefinition-mii-pr-pro-promis-29-depression-tscore.json : mii-pr-pro-promis-29-depression-tscore (00:00.007 / 03:50.147, 1Gb)
generate narrative for StructureDefinition-mii-pr-pro-promis-29-fatigue-tscore.json : mii-pr-pro-promis-29-fatigue-tscore (00:00.009 / 03:50.157, 1Gb)
generate narrative for StructureDefinition-mii-pr-pro-promis-29-pain-intensity.json : mii-pr-pro-promis-29-pain-intensity (00:00.023 / 03:50.181, 956Mb)
generate narrative for StructureDefinition-mii-pr-pro-promis-29-pain-interference-tscore.json : mii-pr-pro-promis-29-pain-interference-tscore (00:00.010 / 03:50.191, 973Mb)
generate narrative for StructureDefinition-mii-pr-pro-promis-29-physical-function-tscore.json : mii-pr-pro-promis-29-physical-function-tscore (00:00.007 / 03:50.199, 990Mb)
generate narrative for StructureDefinition-mii-pr-pro-promis-29-sleep-disturbance-tscore.json : mii-pr-pro-promis-29-sleep-disturbance-tscore (00:00.008 / 03:50.207, 1007Mb)
generate narrative for StructureDefinition-mii-pr-pro-promis-29-social-function-tscore.json : mii-pr-pro-promis-29-social-function-tscore (00:00.007 / 03:50.215, 1Gb)
generate narrative for StructureDefinition-mii-pr-pro-promis-cognitive-function-sf4a-raw-score.json : mii-pr-pro-promis-cognitive-function-sf4a-raw-score (00:00.008 / 03:50.223, 1Gb)
generate narrative for StructureDefinition-mii-pr-pro-promis-cognitive-function-sf4a-tscore.json : mii-pr-pro-promis-cognitive-function-sf4a-tscore (00:00.009 / 03:50.233, 1Gb)
generate narrative for StructureDefinition-mii-pr-pro-promis-depression-sf4a-raw-score.json : mii-pr-pro-promis-depression-sf4a-raw-score (00:00.007 / 03:50.241, 1Gb)
generate narrative for StructureDefinition-mii-pr-pro-questionnaire-response.json : mii-pr-pro-questionnaire-response (00:00.014 / 03:50.255, 1Gb)
generate narrative for StructureDefinition-mii-pr-pro-questionnaire.json : mii-pr-pro-questionnaire  (00:00.003 / 03:50.259, 1Gb)
generate narrative for StructureDefinition-mii-pr-pro-score-blueprint.json : mii-pr-pro-score-blueprint (00:00.015 / 03:50.275, 1Gb)
generate narrative for StructureDefinition-mii-pr-pro-score-instance.json : mii-pr-pro-score-instance (00:00.024 / 03:50.300, 1Gb)
generate narrative for ValueSet-mii-vs-pro-bdi-bdi2-long.json : mii-vs-pro-bdi-bdi2-long             (00:00.009 / 03:50.309, 1Gb)
generate narrative for ValueSet-mii-vs-pro-bdi-bdi2-short.json : mii-vs-pro-bdi-bdi2-short           (00:00.003 / 03:50.312, 1Gb)
generate narrative for ValueSet-mii-vs-pro-dass-21-answer-list.json : mii-vs-pro-dass-21-answer-list (00:00.002 / 03:50.314, 1Gb)
generate narrative for ValueSet-mii-vs-pro-eortc-qlq-c30-scale-4pt.json : mii-vs-pro-eortc-qlq-c30-scale-4pt (00:00.001 / 03:50.316, 1Gb)
generate narrative for ValueSet-mii-vs-pro-eortc-qlq-c30-scale-7pt.json : mii-vs-pro-eortc-qlq-c30-scale-7pt (00:00.001 / 03:50.318, 1Gb)
generate narrative for ValueSet-mii-vs-pro-eortc-qlq-c30-scale-role.json : mii-vs-pro-eortc-qlq-c30-scale-role (00:00.001 / 03:50.320, 1Gb)
generate narrative for ValueSet-mii-vs-pro-isr-z-answers.json : mii-vs-pro-isr-z-answers             (00:00.002 / 03:50.323, 1Gb)
generate narrative for ValueSet-mii-vs-pro-midos2-severity.json : mii-vs-pro-midos2-severity         (00:00.000 / 03:50.324, 1Gb)
generate narrative for ValueSet-mii-vs-pro-midos2-wellbeing.json : mii-vs-pro-midos2-wellbeing       (00:00.001 / 03:50.326, 1Gb)
generate narrative for ValueSet-mii-vs-pro-phq-15-answers.json : mii-vs-pro-phq-15-answers           (00:00.001 / 03:50.328, 1Gb)
generate narrative for ValueSet-mii-vs-pro-phq-9-answer-list-ll358-3.json : mii-vs-pro-phq-9-answer-list-ll358-3 (00:00.000 / 03:50.329, 1Gb)
generate narrative for ValueSet-mii-vs-pro-phq-9-answer-list-ll359-1.json : mii-vs-pro-phq-9-answer-list-ll359-1 (00:00.002 / 03:50.331, 1Gb)
generate narrative for ValueSet-mii-vs-pro-pro-ctcae-frequency-sexual.json : mii-vs-pro-pro-ctcae-frequency-sexual (00:00.002 / 03:50.333, 1Gb)
generate narrative for ValueSet-mii-vs-pro-pro-ctcae-frequency.json : mii-vs-pro-pro-ctcae-frequency (00:00.002 / 03:50.336, 1Gb)
generate narrative for ValueSet-mii-vs-pro-pro-ctcae-interference.json : mii-vs-pro-pro-ctcae-interference (00:00.002 / 03:50.338, 1Gb)
generate narrative for ValueSet-mii-vs-pro-pro-ctcae-presence-na.json : mii-vs-pro-pro-ctcae-presence-na (00:00.001 / 03:50.340, 1Gb)
generate narrative for ValueSet-mii-vs-pro-pro-ctcae-presence-sexual.json : mii-vs-pro-pro-ctcae-presence-sexual (00:00.001 / 03:50.342, 1Gb)
generate narrative for ValueSet-mii-vs-pro-pro-ctcae-presence.json : mii-vs-pro-pro-ctcae-presence   (00:00.001 / 03:50.344, 1Gb)
generate narrative for ValueSet-mii-vs-pro-pro-ctcae-severity-radiation.json : mii-vs-pro-pro-ctcae-severity-radiation (00:00.002 / 03:50.346, 1Gb)
generate narrative for ValueSet-mii-vs-pro-pro-ctcae-severity-sexual.json : mii-vs-pro-pro-ctcae-severity-sexual (00:00.001 / 03:50.347, 1Gb)
generate narrative for ValueSet-mii-vs-pro-pro-ctcae-severity.json : mii-vs-pro-pro-ctcae-severity   (00:00.001 / 03:50.349, 1Gb)
generate narrative for ValueSet-mii-vs-pro-promis-frequency-response-scale.json : mii-vs-pro-promis-frequency-response-scale (00:00.001 / 03:50.351, 1Gb)
generate narrative for ValueSet-mii-vs-pro-promis-intensity-response-scale.json : mii-vs-pro-promis-intensity-response-scale (00:00.002 / 03:50.353, 1Gb)
generate narrative for ValueSet-mii-vs-pro-promis-physical-function-response-scale.json : mii-vs-pro-promis-physical-function-response-scale (00:00.002 / 03:50.355, 1Gb)
generate narrative for ValueSet-mii-vs-pro-ssd-12-answers.json : mii-vs-pro-ssd-12-answers           (00:00.002 / 03:50.357, 1Gb)
generate narrative for ValueSet-mii-vs-pro-whodas-12-answer-list.json : mii-vs-pro-whodas-12-answer-list (00:00.001 / 03:50.358, 1Gb)
generate narrative for resources/Parameters-expansion-manifest.json : mii-param-pro-manifest         (00:00.002 / 03:50.361, 1Gb)
Validating Conformance Resources                                                                     (00:00.000 / 03:50.361, 1Gb)
validate res: CodeSystem/mii-cs-pro-bdi-bdi2                                                         (00:00.000 / 03:50.361, 1Gb)
validate res: CodeSystem/mii-cs-pro-dass-21                                                          (00:00.023 / 03:50.385, 1Gb)
validate res: CodeSystem/mii-cs-pro-eortc-qlq-c30                                                    (00:00.012 / 03:50.398, 1Gb)
validate res: CodeSystem/mii-cs-pro-eq-5d-value-set                                                  (00:00.008 / 03:50.407, 1Gb)
$validate http://snomed.info/sct#900000000000013009: "Synonym" for Include 2 codes from http://snomed.info/sct on https://tx.fhir.org/r4 (00:00.007 / 03:50.414, 1Gb)
validate res: CodeSystem/mii-cs-pro-isr-z-answers                                                    (00:00.474 / 03:50.889, 1Gb)
validate res: CodeSystem/mii-cs-pro-midos2                                                           (00:00.006 / 03:50.895, 1Gb)
validate res: CodeSystem/mii-cs-pro-phq-15-answers                                                   (00:00.010 / 03:50.906, 1Gb)
validate res: CodeSystem/mii-cs-pro-pro-ctcae                                                        (00:00.004 / 03:50.910, 1Gb)
validate res: CodeSystem/mii-cs-pro-questionnaire-catalogue                                          (00:00.056 / 03:50.967, 1Gb)
validate res: CodeSystem/mii-cs-pro-score-catalogue                                                  (00:00.003 / 03:50.971, 1Gb)
validate res: CodeSystem/mii-cs-pro-ssd-12-answers                                                   (00:00.004 / 03:50.975, 1Gb)
validate res: CodeSystem/mii-cs-pro-whodas-12                                                        (00:00.003 / 03:50.979, 1Gb)
validate res: ValueSet/mii-vs-pro-bdi-bdi2-long                                                      (00:00.005 / 03:50.984, 1Gb)
validate res: ValueSet/mii-vs-pro-bdi-bdi2-short                                                     (00:00.008 / 03:50.993, 1Gb)
validate res: ValueSet/mii-vs-pro-dass-21-answer-list                                                (00:00.002 / 03:50.995, 1Gb)
validate res: ValueSet/mii-vs-pro-eortc-qlq-c30-scale-4pt                                            (00:00.002 / 03:50.997, 1Gb)
validate res: ValueSet/mii-vs-pro-eortc-qlq-c30-scale-7pt                                            (00:00.002 / 03:51.000, 1Gb)
validate res: ValueSet/mii-vs-pro-eortc-qlq-c30-scale-role                                           (00:00.002 / 03:51.002, 1Gb)
validate res: ValueSet/mii-vs-pro-isr-z-answers                                                      (00:00.002 / 03:51.004, 1Gb)
validate res: ValueSet/mii-vs-pro-midos2-severity                                                    (00:00.001 / 03:51.006, 1Gb)
validate res: ValueSet/mii-vs-pro-midos2-wellbeing                                                   (00:00.001 / 03:51.008, 1Gb)
validate res: ValueSet/mii-vs-pro-phq-15-answers                                                     (00:00.001 / 03:51.010, 1Gb)
validate res: ValueSet/mii-vs-pro-phq-9-answer-list-ll358-3                                          (00:00.001 / 03:51.012, 1Gb)
validate res: ValueSet/mii-vs-pro-phq-9-answer-list-ll359-1                                          (00:00.006 / 03:51.018, 1Gb)
validate res: ValueSet/mii-vs-pro-pro-ctcae-frequency-sexual                                         (00:00.003 / 03:51.021, 1Gb)
validate res: ValueSet/mii-vs-pro-pro-ctcae-frequency                                                (00:00.002 / 03:51.024, 1Gb)
validate res: ValueSet/mii-vs-pro-pro-ctcae-interference                                             (00:00.002 / 03:51.027, 1Gb)
validate res: ValueSet/mii-vs-pro-pro-ctcae-presence-na                                              (00:00.002 / 03:51.029, 1Gb)
validate res: ValueSet/mii-vs-pro-pro-ctcae-presence-sexual                                          (00:00.002 / 03:51.031, 1Gb)
validate res: ValueSet/mii-vs-pro-pro-ctcae-presence                                                 (00:00.003 / 03:51.035, 1Gb)
validate res: ValueSet/mii-vs-pro-pro-ctcae-severity-radiation                                       (00:00.002 / 03:51.037, 1Gb)
validate res: ValueSet/mii-vs-pro-pro-ctcae-severity-sexual                                          (00:00.002 / 03:51.040, 1Gb)
validate res: ValueSet/mii-vs-pro-pro-ctcae-severity                                                 (00:00.002 / 03:51.042, 1Gb)
validate res: ValueSet/mii-vs-pro-promis-frequency-response-scale                                    (00:00.002 / 03:51.045, 1Gb)
validate res: ValueSet/mii-vs-pro-promis-intensity-response-scale                                    (00:00.002 / 03:51.047, 1Gb)
validate res: ValueSet/mii-vs-pro-promis-physical-function-response-scale                            (00:00.003 / 03:51.050, 1Gb)
validate res: ValueSet/mii-vs-pro-ssd-12-answers                                                     (00:00.002 / 03:51.053, 1Gb)
validate res: ValueSet/mii-vs-pro-whodas-12-answer-list                                              (00:00.001 / 03:51.054, 1Gb)
validate res: ConceptMap/mii-cm-pro-gad-7-linkids                                                    (00:00.002 / 03:51.057, 1Gb)
validate res: ConceptMap/mii-cm-pro-phq-9-linkid-migration                                           (00:00.004 / 03:51.061, 1Gb)
validate res: StructureDefinition/mii-ex-pro-questionnaire-capabilities                              (00:00.004 / 03:51.065, 1Gb)
validate res: StructureDefinition/mii-ex-pro-score-score-health-correlation                          (00:01.208 / 03:52.274, 1Gb)
validate res: StructureDefinition/mii-lm-pro                                                         (00:00.042 / 03:52.316, 1Gb)
validate res: StructureDefinition/mii-pr-pro-depression-t-score                                      (00:00.274 / 03:52.591, 1Gb)
validate res: StructureDefinition/mii-pr-pro-observation-bdi-ii                                      (00:00.083 / 03:52.675, 1Gb)
validate res: StructureDefinition/mii-pr-pro-observation-eq5d5l-index                                (00:00.068 / 03:52.744, 1Gb)
validate res: StructureDefinition/mii-pr-pro-observation-eq5d5l-profile                              (00:00.068 / 03:52.812, 1Gb)
validate res: StructureDefinition/mii-pr-pro-observation-eq5d5l-vas                                  (00:00.055 / 03:52.868, 1Gb)
validate res: StructureDefinition/mii-pr-pro-observation-phq-15                                      (00:00.057 / 03:52.926, 1Gb)
validate res: StructureDefinition/mii-pr-pro-observation-phq-9                                       (00:00.063 / 03:52.989, 1Gb)
validate res: StructureDefinition/mii-pr-pro-observation-whodas12                                    (00:00.054 / 03:53.044, 1Gb)
validate res: StructureDefinition/mii-pr-pro-promis-29-anxiety-tscore                                (00:00.053 / 03:53.098, 1Gb)
validate res: StructureDefinition/mii-pr-pro-promis-29-depression-tscore                             (00:00.052 / 03:53.150, 1Gb)
validate res: StructureDefinition/mii-pr-pro-promis-29-fatigue-tscore                                (00:00.048 / 03:53.199, 1Gb)
validate res: StructureDefinition/mii-pr-pro-promis-29-pain-intensity                                (00:00.046 / 03:53.246, 1Gb)
validate res: StructureDefinition/mii-pr-pro-promis-29-pain-interference-tscore                      (00:00.062 / 03:53.308, 1Gb)
validate res: StructureDefinition/mii-pr-pro-promis-29-physical-function-tscore                      (00:00.056 / 03:53.365, 1Gb)
validate res: StructureDefinition/mii-pr-pro-promis-29-sleep-disturbance-tscore                      (00:00.054 / 03:53.419, 1Gb)
validate res: StructureDefinition/mii-pr-pro-promis-29-social-function-tscore                        (00:00.070 / 03:53.489, 1Gb)
validate res: StructureDefinition/mii-pr-pro-promis-cognitive-function-sf4a-raw-score                (00:00.067 / 03:53.557, 1Gb)
validate res: StructureDefinition/mii-pr-pro-promis-cognitive-function-sf4a-tscore                   (00:00.058 / 03:53.615, 1Gb)
validate res: StructureDefinition/mii-pr-pro-promis-depression-sf4a-raw-score                        (00:00.052 / 03:53.667, 1Gb)
validate res: StructureDefinition/mii-pr-pro-questionnaire-response                                  (00:00.051 / 03:53.718, 1Gb)
validate res: StructureDefinition/mii-pr-pro-questionnaire                                           (00:00.028 / 03:53.747, 1Gb)
validate res: StructureDefinition/mii-pr-pro-score-blueprint                                         (00:00.057 / 03:53.804, 1Gb)
validate res: StructureDefinition/mii-pr-pro-score-instance                                          (00:00.051 / 03:53.855, 1Gb)
validate res: SearchParameter/mii-sp-pro-observationdefinition-code                                  (00:00.037 / 03:53.893, 1Gb)
validate res: SearchParameter/mii-sp-pro-observationdefinition-health-correlation                    (00:00.004 / 03:53.898, 1Gb)
validate res: SearchParameter/mii-sp-pro-observationdefinition-interval-category                     (00:00.022 / 03:53.920, 1Gb)
validate res: SearchParameter/mii-sp-pro-observationdefinition-permitted-datatype                    (00:00.002 / 03:53.922, 1Gb)
validate res: SearchParameter/mii-sp-pro-observationdefinition-preferred-report-name                 (00:00.001 / 03:53.924, 1Gb)
validate res: SearchParameter/mii-sp-pro-observationdefinition-unit                                  (00:00.002 / 03:53.927, 1Gb)
validate res: SearchParameter/mii-sp-pro-questionnaire-capabilities                                  (00:00.002 / 03:53.929, 1Gb)
validate res: CapabilityStatement/mii-cps-pro-capabilitystatement                                    (00:00.005 / 03:53.935, 1Gb)
validate res: ConceptMap/mii-cm-pro-gad-7-linkids                                                    (00:00.057 / 03:53.992, 1Gb)
validate res: ConceptMap/mii-cm-pro-phq-9-linkid-migration                                           (00:00.000 / 03:53.993, 1Gb)
validate res: ImplementationGuide/mii-ig-pro                                                         (00:00.000 / 03:53.993, 1Gb)
validate res: Questionnaire/mii-qst-pro-bdi-bdi2                                                     (00:07.892 / 04:01.886, 1Gb)
validate res: Questionnaire/mii-qst-pro-ces-d                                                        (00:00.027 / 04:01.913, 1Gb)
validate res: Questionnaire/mii-qst-pro-dass-dass21                                                  (00:00.010 / 04:01.923, 1Gb)
validate res: Questionnaire/mii-qst-pro-eortc-qlq-c30-variant-a                                      (00:00.167 / 04:02.091, 1Gb)
validate res: Questionnaire/mii-qst-pro-eortc-qlq-c30-variant-b                                      (00:00.025 / 04:02.117, 1Gb)
validate res: Questionnaire/mii-qst-pro-eortc-qlq-c30                                                (00:00.046 / 04:02.164, 1Gb)
validate res: Questionnaire/mii-qst-pro-epds                                                         (00:00.041 / 04:02.205, 1Gb)
validate res: Questionnaire/mii-qst-pro-euronet-soma                                                 (00:00.012 / 04:02.218, 1Gb)
validate res: Questionnaire/mii-qst-pro-euroqol-eq5d5l-answer-coding                                 (00:00.021 / 04:02.240, 1Gb)
validate res: Questionnaire/mii-qst-pro-euroqol-eq5d5l-collectable                                   (00:00.035 / 04:02.275, 1Gb)
validate res: Questionnaire/mii-qst-pro-euroqol-eq5d5l-displayable                                   (00:00.071 / 04:02.346, 1Gb)
validate res: Questionnaire/mii-qst-pro-euroqol-eq5d5l-minimal                                       (00:00.057 / 04:02.404, 1Gb)
validate res: Questionnaire/mii-qst-pro-gad-7                                                        (00:00.013 / 04:02.418, 1Gb)
validate res: Questionnaire/mii-qst-pro-hads                                                         (00:00.049 / 04:02.467, 1Gb)
validate res: Questionnaire/mii-qst-pro-isr-z                                                        (00:00.008 / 04:02.476, 1Gb)
validate res: Questionnaire/mii-qst-pro-k6                                                           (00:00.012 / 04:02.489, 1Gb)
validate res: Questionnaire/mii-qst-pro-midos-midos2                                                 (00:00.008 / 04:02.498, 1Gb)
validate res: Questionnaire/mii-qst-pro-pc-ptsd                                                      (00:00.027 / 04:02.526, 1Gb)
validate res: Questionnaire/mii-qst-pro-phq-15                                                       (00:00.013 / 04:02.539, 1Gb)
validate res: Questionnaire/mii-qst-pro-phq-9                                                        (00:00.029 / 04:02.568, 1Gb)
validate res: Questionnaire/mii-qst-pro-pro-ctcae-breast-de                                          (00:00.070 / 04:02.639, 1Gb)
validate res: Questionnaire/mii-qst-pro-pro-ctcae-onkologisches-basisscreening                       (00:00.020 / 04:02.660, 1Gb)
validate res: Questionnaire/mii-qst-pro-promis-16                                                    (00:00.018 / 04:02.679, 1Gb)
validate res: Questionnaire/mii-qst-pro-promis-29-de                                                 (00:00.041 / 04:02.721, 1Gb)
validate res: Questionnaire/mii-qst-pro-promis-29-minimal                                            (00:00.199 / 04:02.920, 1Gb)
validate res: Questionnaire/mii-qst-pro-promis-29                                                    (00:00.029 / 04:02.950, 1Gb)
validate res: Questionnaire/mii-qst-pro-promis-cognitive-function-sf4a                               (00:00.178 / 04:03.128, 1Gb)
validate res: Questionnaire/mii-qst-pro-promis-depression-sf4a                                       (00:00.034 / 04:03.163, 1Gb)
validate res: Questionnaire/mii-qst-pro-scoff                                                        (00:00.033 / 04:03.196, 1Gb)
validate res: Questionnaire/mii-qst-pro-ssd-12                                                       (00:00.018 / 04:03.215, 1Gb)
validate res: Questionnaire/mii-qst-pro-whodas-whodas12                                              (00:00.013 / 04:03.229, 1Gb)
validate res: Questionnaire/mii-qst-pro-wi-7                                                         (00:00.025 / 04:03.254, 1Gb)
validate res: SearchParameter/mii-sp-pro-observationdefinition-code                                  (00:00.022 / 04:03.277, 1Gb)
validate res: SearchParameter/mii-sp-pro-observationdefinition-health-correlation                    (00:00.000 / 04:03.277, 1Gb)
validate res: SearchParameter/mii-sp-pro-observationdefinition-interval-category                     (00:00.000 / 04:03.278, 1Gb)
validate res: SearchParameter/mii-sp-pro-observationdefinition-permitted-datatype                    (00:00.000 / 04:03.278, 1Gb)
validate res: SearchParameter/mii-sp-pro-observationdefinition-preferred-report-name                 (00:00.000 / 04:03.278, 1Gb)
validate res: SearchParameter/mii-sp-pro-observationdefinition-unit                                  (00:00.000 / 04:03.278, 1Gb)
validate res: SearchParameter/mii-sp-pro-questionnaire-capabilities                                  (00:00.000 / 04:03.278, 1Gb)
Check profiles & code systems                                                                        (00:00.000 / 04:03.279, 1Gb)
process CodeSystem: mii-cs-pro-bdi-bdi2                                                              (00:00.000 / 04:03.279, 1Gb)
process CodeSystem: mii-cs-pro-dass-21                                                               (00:00.000 / 04:03.279, 1Gb)
process CodeSystem: mii-cs-pro-eortc-qlq-c30                                                         (00:00.000 / 04:03.280, 1Gb)
process CodeSystem: mii-cs-pro-eq-5d-value-set                                                       (00:00.000 / 04:03.280, 1Gb)
process CodeSystem: mii-cs-pro-isr-z-answers                                                         (00:00.000 / 04:03.280, 1Gb)
process CodeSystem: mii-cs-pro-midos2                                                                (00:00.000 / 04:03.280, 1Gb)
process CodeSystem: mii-cs-pro-phq-15-answers                                                        (00:00.000 / 04:03.280, 1Gb)
process CodeSystem: mii-cs-pro-pro-ctcae                                                             (00:00.000 / 04:03.280, 1Gb)
process CodeSystem: mii-cs-pro-questionnaire-catalogue                                               (00:00.000 / 04:03.280, 1Gb)
process CodeSystem: mii-cs-pro-score-catalogue                                                       (00:00.000 / 04:03.281, 1Gb)
process CodeSystem: mii-cs-pro-ssd-12-answers                                                        (00:00.000 / 04:03.281, 1Gb)
process CodeSystem: mii-cs-pro-whodas-12                                                             (00:00.000 / 04:03.281, 1Gb)
process profile: mii-ex-pro-questionnaire-capabilities                                               (00:00.000 / 04:03.281, 1Gb)
process profile: mii-ex-pro-score-score-health-correlation                                           (00:00.000 / 04:03.281, 1Gb)
process profile: mii-lm-pro                                                                          (00:00.000 / 04:03.281, 1Gb)
process profile: mii-pr-pro-depression-t-score                                                       (00:00.000 / 04:03.282, 1Gb)
process profile: mii-pr-pro-observation-bdi-ii                                                       (00:00.000 / 04:03.282, 1Gb)
process profile: mii-pr-pro-observation-eq5d5l-index                                                 (00:00.000 / 04:03.282, 1Gb)
process profile: mii-pr-pro-observation-eq5d5l-profile                                               (00:00.000 / 04:03.283, 1Gb)
process profile: mii-pr-pro-observation-eq5d5l-vas                                                   (00:00.000 / 04:03.283, 1Gb)
process profile: mii-pr-pro-observation-phq-15                                                       (00:00.000 / 04:03.283, 1Gb)
process profile: mii-pr-pro-observation-phq-9                                                        (00:00.000 / 04:03.283, 1Gb)
process profile: mii-pr-pro-observation-whodas12                                                     (00:00.000 / 04:03.283, 1Gb)
process profile: mii-pr-pro-promis-29-anxiety-tscore                                                 (00:00.000 / 04:03.284, 1Gb)
process profile: mii-pr-pro-promis-29-depression-tscore                                              (00:00.000 / 04:03.284, 1Gb)
process profile: mii-pr-pro-promis-29-fatigue-tscore                                                 (00:00.000 / 04:03.284, 1Gb)
process profile: mii-pr-pro-promis-29-pain-intensity                                                 (00:00.000 / 04:03.284, 1Gb)
process profile: mii-pr-pro-promis-29-pain-interference-tscore                                       (00:00.000 / 04:03.284, 1Gb)
process profile: mii-pr-pro-promis-29-physical-function-tscore                                       (00:00.000 / 04:03.285, 1Gb)
process profile: mii-pr-pro-promis-29-sleep-disturbance-tscore                                       (00:00.000 / 04:03.285, 1Gb)
process profile: mii-pr-pro-promis-29-social-function-tscore                                         (00:00.000 / 04:03.285, 1Gb)
process profile: mii-pr-pro-promis-cognitive-function-sf4a-raw-score                                 (00:00.000 / 04:03.285, 1Gb)
process profile: mii-pr-pro-promis-cognitive-function-sf4a-tscore                                    (00:00.000 / 04:03.285, 1Gb)
process profile: mii-pr-pro-promis-depression-sf4a-raw-score                                         (00:00.000 / 04:03.286, 1Gb)
process profile: mii-pr-pro-questionnaire-response                                                   (00:00.000 / 04:03.286, 1Gb)
process profile: mii-pr-pro-questionnaire                                                            (00:00.000 / 04:03.286, 1Gb)
process profile: mii-pr-pro-score-blueprint                                                          (00:00.000 / 04:03.286, 1Gb)
process profile: mii-pr-pro-score-instance                                                           (00:00.000 / 04:03.286, 1Gb)
Check realm rules                                                                                    (00:00.000 / 04:03.287, 1Gb)
Previous Version Comparison                                                                          (00:00.000 / 04:03.287, 1Gb)
.. loaded. Process                                                                                   (00:00.000 / 04:03.287, 1Gb)
finish previous version comparison                                                                   (00:00.000 / 04:03.287, 1Gb)
finish ipa version                                                                                   (00:00.000 / 04:03.287, 1Gb)
finish ips version                                                                                   (00:00.000 / 04:03.288, 1Gb)
comparisons done                                                                                     (00:00.000 / 04:03.288, 1Gb)
Validate Expressions                                                                                 (00:00.004 / 04:03.292, 1Gb)
scanForUsageStats                                                                                    (00:00.000 / 04:03.292, 1Gb)
Checking for Bundles to sign                                                                         (00:00.015 / 04:03.307, 1Gb)
Validating Resources                                                                                 (00:00.000 / 04:03.308, 1Gb)
 .. validate /workspace/fsh-generated/resources/ImplementationGuide-mii-ig-pro                       (00:00.000 / 04:03.308, 1Gb)
 .. /workspace/fsh-generated/resources/ImplementationGuide-mii-ig-pro                                (00:00.000 / 04:03.308, 1Gb)
 .. validate /workspace/fsh-generated/resources/Bundle-mii-exa-pro-bdi-ii-bundle                     (00:00.000 / 04:03.308, 1Gb)
 .. /workspace/fsh-generated/resources/Bundle-mii-exa-pro-bdi-ii-bundle                              (00:00.000 / 04:03.308, 1Gb)
     validating Bundle/mii-exa-pro-bdi-ii-bundle                                                     (00:00.000 / 04:03.309, 1Gb)
 .. validate /workspace/fsh-generated/resources/Bundle-mii-exa-pro-eortc-qlq-c30-bundle              (00:00.073 / 04:03.382, 1Gb)
 .. /workspace/fsh-generated/resources/Bundle-mii-exa-pro-eortc-qlq-c30-bundle                       (00:00.000 / 04:03.382, 1Gb)
     validating Bundle/mii-exa-pro-eortc-qlq-c30-bundle                                              (00:00.000 / 04:03.383, 1Gb)
 .. validate /workspace/fsh-generated/resources/Bundle-mii-exa-pro-phq-9-bundle                      (00:00.111 / 04:03.494, 1Gb)
 .. /workspace/fsh-generated/resources/Bundle-mii-exa-pro-phq-9-bundle                               (00:00.000 / 04:03.494, 1Gb)
     validating Bundle/mii-exa-pro-phq-9-bundle                                                      (00:00.000 / 04:03.494, 1Gb)
 .. validate /workspace/fsh-generated/resources/Bundle-mii-exa-pro-promis-29-bundle                  (00:00.160 / 04:03.655, 1Gb)
 .. /workspace/fsh-generated/resources/Bundle-mii-exa-pro-promis-29-bundle                           (00:00.000 / 04:03.655, 1Gb)
     validating Bundle/mii-exa-pro-promis-29-bundle                                                  (00:00.000 / 04:03.655, 1Gb)
 .. validate /workspace/fsh-generated/resources/Bundle-mii-exa-pro-promis-depression-sf4a-bundle     (00:00.064 / 04:03.720, 1Gb)
 .. /workspace/fsh-generated/resources/Bundle-mii-exa-pro-promis-depression-sf4a-bundle              (00:00.000 / 04:03.720, 1Gb)
     validating Bundle/mii-exa-pro-promis-depression-sf4a-bundle                                     (00:00.000 / 04:03.721, 1Gb)
 .. validate /workspace/fsh-generated/resources/CapabilityStatement-mii-cps-pro-capabilitystatement  (00:00.009 / 04:03.730, 1Gb)
 .. /workspace/fsh-generated/resources/CapabilityStatement-mii-cps-pro-capabilitystatement           (00:00.000 / 04:03.730, 1Gb)
 .. validate /workspace/fsh-generated/resources/CodeSystem-mii-cs-pro-bdi-bdi2                       (00:00.000 / 04:03.730, 1Gb)
 .. /workspace/fsh-generated/resources/CodeSystem-mii-cs-pro-bdi-bdi2                                (00:00.000 / 04:03.730, 1Gb)
 .. validate /workspace/fsh-generated/resources/CodeSystem-mii-cs-pro-dass-21                        (00:00.000 / 04:03.730, 1Gb)
 .. /workspace/fsh-generated/resources/CodeSystem-mii-cs-pro-dass-21                                 (00:00.000 / 04:03.730, 1Gb)
 .. validate /workspace/fsh-generated/resources/CodeSystem-mii-cs-pro-eortc-qlq-c30                  (00:00.000 / 04:03.731, 1Gb)
 .. /workspace/fsh-generated/resources/CodeSystem-mii-cs-pro-eortc-qlq-c30                           (00:00.000 / 04:03.731, 1Gb)
 .. validate /workspace/fsh-generated/resources/CodeSystem-mii-cs-pro-eq-5d-value-set                (00:00.000 / 04:03.731, 1Gb)
 .. /workspace/fsh-generated/resources/CodeSystem-mii-cs-pro-eq-5d-value-set                         (00:00.000 / 04:03.731, 1Gb)
 .. validate /workspace/fsh-generated/resources/CodeSystem-mii-cs-pro-isr-z-answers                  (00:00.000 / 04:03.731, 1Gb)
 .. /workspace/fsh-generated/resources/CodeSystem-mii-cs-pro-isr-z-answers                           (00:00.000 / 04:03.731, 1Gb)
 .. validate /workspace/fsh-generated/resources/CodeSystem-mii-cs-pro-midos2                         (00:00.000 / 04:03.731, 1Gb)
 .. /workspace/fsh-generated/resources/CodeSystem-mii-cs-pro-midos2                                  (00:00.000 / 04:03.732, 1Gb)
 .. validate /workspace/fsh-generated/resources/CodeSystem-mii-cs-pro-phq-15-answers                 (00:00.000 / 04:03.732, 1Gb)
 .. /workspace/fsh-generated/resources/CodeSystem-mii-cs-pro-phq-15-answers                          (00:00.000 / 04:03.732, 1Gb)
 .. validate /workspace/fsh-generated/resources/CodeSystem-mii-cs-pro-pro-ctcae                      (00:00.000 / 04:03.732, 1Gb)
 .. /workspace/fsh-generated/resources/CodeSystem-mii-cs-pro-pro-ctcae                               (00:00.000 / 04:03.732, 1Gb)
 .. validate /workspace/fsh-generated/resources/CodeSystem-mii-cs-pro-questionnaire-catalogue        (00:00.000 / 04:03.732, 1Gb)
 .. /workspace/fsh-generated/resources/CodeSystem-mii-cs-pro-questionnaire-catalogue                 (00:00.000 / 04:03.732, 1Gb)
 .. validate /workspace/fsh-generated/resources/CodeSystem-mii-cs-pro-score-catalogue                (00:00.000 / 04:03.732, 1Gb)
 .. /workspace/fsh-generated/resources/CodeSystem-mii-cs-pro-score-catalogue                         (00:00.000 / 04:03.733, 1Gb)
 .. validate /workspace/fsh-generated/resources/CodeSystem-mii-cs-pro-ssd-12-answers                 (00:00.000 / 04:03.733, 1Gb)
 .. /workspace/fsh-generated/resources/CodeSystem-mii-cs-pro-ssd-12-answers                          (00:00.000 / 04:03.733, 1Gb)
 .. validate /workspace/fsh-generated/resources/CodeSystem-mii-cs-pro-whodas-12                      (00:00.000 / 04:03.733, 1Gb)
 .. /workspace/fsh-generated/resources/CodeSystem-mii-cs-pro-whodas-12                               (00:00.000 / 04:03.733, 1Gb)
 .. validate /workspace/fsh-generated/resources/ConceptMap-mii-cm-pro-gad-7-linkids                  (00:00.000 / 04:03.733, 1Gb)
 .. /workspace/fsh-generated/resources/ConceptMap-mii-cm-pro-gad-7-linkids                           (00:00.000 / 04:03.733, 1Gb)
 .. validate /workspace/fsh-generated/resources/ConceptMap-mii-cm-pro-phq-9-linkid-migration         (00:00.000 / 04:03.734, 1Gb)
 .. /workspace/fsh-generated/resources/ConceptMap-mii-cm-pro-phq-9-linkid-migration                  (00:00.000 / 04:03.734, 1Gb)
 .. validate /workspace/fsh-generated/resources/Observation-mii-exa-pro-bdi-ii-observation           (00:00.000 / 04:03.734, 1Gb)
 .. /workspace/fsh-generated/resources/Observation-mii-exa-pro-bdi-ii-observation                    (00:00.000 / 04:03.734, 1Gb)
     validating Observation/mii-exa-pro-bdi-ii-observation                                           (00:00.000 / 04:03.734, 1Gb)
 .. validate /workspace/fsh-generated/resources/Observation-mii-exa-pro-dass-dass21-score-anxiety-equiv (00:00.001 / 04:03.736, 1Gb)
 .. /workspace/fsh-generated/resources/Observation-mii-exa-pro-dass-dass21-score-anxiety-equiv       (00:00.000 / 04:03.736, 1Gb)
     validating Observation/mii-exa-pro-dass-dass21-score-anxiety-equiv                              (00:00.000 / 04:03.736, 1Gb)
 .. validate /workspace/fsh-generated/resources/Observation-mii-exa-pro-dass-dass21-score-anxiety-raw (00:00.001 / 04:03.738, 1Gb)
 .. /workspace/fsh-generated/resources/Observation-mii-exa-pro-dass-dass21-score-anxiety-raw         (00:00.000 / 04:03.738, 1Gb)
     validating Observation/mii-exa-pro-dass-dass21-score-anxiety-raw                                (00:00.000 / 04:03.738, 1Gb)
 .. validate /workspace/fsh-generated/resources/Observation-mii-exa-pro-dass-dass21-score-depression-equiv (00:00.001 / 04:03.739, 1Gb)
 .. /workspace/fsh-generated/resources/Observation-mii-exa-pro-dass-dass21-score-depression-equiv    (00:00.000 / 04:03.739, 1Gb)
     validating Observation/mii-exa-pro-dass-dass21-score-depression-equiv                           (00:00.000 / 04:03.740, 1Gb)
 .. validate /workspace/fsh-generated/resources/Observation-mii-exa-pro-dass-dass21-score-depression-raw (00:00.001 / 04:03.741, 1Gb)
 .. /workspace/fsh-generated/resources/Observation-mii-exa-pro-dass-dass21-score-depression-raw      (00:00.000 / 04:03.741, 1Gb)
     validating Observation/mii-exa-pro-dass-dass21-score-depression-raw                             (00:00.000 / 04:03.742, 1Gb)
 .. validate /workspace/fsh-generated/resources/Observation-mii-exa-pro-dass-dass21-score-stress-equiv (00:00.001 / 04:03.743, 1Gb)
 .. /workspace/fsh-generated/resources/Observation-mii-exa-pro-dass-dass21-score-stress-equiv        (00:00.000 / 04:03.743, 1Gb)
     validating Observation/mii-exa-pro-dass-dass21-score-stress-equiv                               (00:00.000 / 04:03.743, 1Gb)
 .. validate /workspace/fsh-generated/resources/Observation-mii-exa-pro-dass-dass21-score-stress-raw (00:00.001 / 04:03.745, 1Gb)
 .. /workspace/fsh-generated/resources/Observation-mii-exa-pro-dass-dass21-score-stress-raw          (00:00.000 / 04:03.745, 1Gb)
     validating Observation/mii-exa-pro-dass-dass21-score-stress-raw                                 (00:00.000 / 04:03.745, 1Gb)
 .. validate /workspace/fsh-generated/resources/Observation-mii-exa-pro-eortc-qlq-c30-observation-ap (00:00.001 / 04:03.747, 1Gb)
 .. /workspace/fsh-generated/resources/Observation-mii-exa-pro-eortc-qlq-c30-observation-ap          (00:00.000 / 04:03.747, 1Gb)
     validating Observation/mii-exa-pro-eortc-qlq-c30-observation-ap                                 (00:00.000 / 04:03.747, 1Gb)
 .. validate /workspace/fsh-generated/resources/Observation-mii-exa-pro-eortc-qlq-c30-observation-cf (00:00.001 / 04:03.749, 1Gb)
 .. /workspace/fsh-generated/resources/Observation-mii-exa-pro-eortc-qlq-c30-observation-cf          (00:00.000 / 04:03.749, 1Gb)
     validating Observation/mii-exa-pro-eortc-qlq-c30-observation-cf                                 (00:00.000 / 04:03.749, 1Gb)
 .. validate /workspace/fsh-generated/resources/Observation-mii-exa-pro-eortc-qlq-c30-observation-co (00:00.001 / 04:03.751, 1Gb)
 .. /workspace/fsh-generated/resources/Observation-mii-exa-pro-eortc-qlq-c30-observation-co          (00:00.000 / 04:03.751, 1Gb)
     validating Observation/mii-exa-pro-eortc-qlq-c30-observation-co                                 (00:00.000 / 04:03.751, 1Gb)
 .. validate /workspace/fsh-generated/resources/Observation-mii-exa-pro-eortc-qlq-c30-observation-di (00:00.001 / 04:03.752, 1Gb)
 .. /workspace/fsh-generated/resources/Observation-mii-exa-pro-eortc-qlq-c30-observation-di          (00:00.000 / 04:03.752, 1Gb)
     validating Observation/mii-exa-pro-eortc-qlq-c30-observation-di                                 (00:00.000 / 04:03.753, 1Gb)
 .. validate /workspace/fsh-generated/resources/Observation-mii-exa-pro-eortc-qlq-c30-observation-dy (00:00.001 / 04:03.754, 1Gb)
 .. /workspace/fsh-generated/resources/Observation-mii-exa-pro-eortc-qlq-c30-observation-dy          (00:00.000 / 04:03.754, 1Gb)
     validating Observation/mii-exa-pro-eortc-qlq-c30-observation-dy                                 (00:00.000 / 04:03.754, 1Gb)
 .. validate /workspace/fsh-generated/resources/Observation-mii-exa-pro-eortc-qlq-c30-observation-ef (00:00.001 / 04:03.756, 1Gb)
 .. /workspace/fsh-generated/resources/Observation-mii-exa-pro-eortc-qlq-c30-observation-ef          (00:00.000 / 04:03.756, 1Gb)
     validating Observation/mii-exa-pro-eortc-qlq-c30-observation-ef                                 (00:00.000 / 04:03.756, 1Gb)
 .. validate /workspace/fsh-generated/resources/Observation-mii-exa-pro-eortc-qlq-c30-observation-fa (00:00.001 / 04:03.758, 1Gb)
 .. /workspace/fsh-generated/resources/Observation-mii-exa-pro-eortc-qlq-c30-observation-fa          (00:00.000 / 04:03.758, 1Gb)
     validating Observation/mii-exa-pro-eortc-qlq-c30-observation-fa                                 (00:00.000 / 04:03.758, 1Gb)
 .. validate /workspace/fsh-generated/resources/Observation-mii-exa-pro-eortc-qlq-c30-observation-fi (00:00.001 / 04:03.760, 1Gb)
 .. /workspace/fsh-generated/resources/Observation-mii-exa-pro-eortc-qlq-c30-observation-fi          (00:00.000 / 04:03.760, 1Gb)
     validating Observation/mii-exa-pro-eortc-qlq-c30-observation-fi                                 (00:00.000 / 04:03.760, 1Gb)
 .. validate /workspace/fsh-generated/resources/Observation-mii-exa-pro-eortc-qlq-c30-observation-nv (00:00.001 / 04:03.762, 1Gb)
 .. /workspace/fsh-generated/resources/Observation-mii-exa-pro-eortc-qlq-c30-observation-nv          (00:00.000 / 04:03.762, 1Gb)
     validating Observation/mii-exa-pro-eortc-qlq-c30-observation-nv                                 (00:00.000 / 04:03.762, 1Gb)
 .. validate /workspace/fsh-generated/resources/Observation-mii-exa-pro-eortc-qlq-c30-observation-pa (00:00.001 / 04:03.764, 1Gb)
 .. /workspace/fsh-generated/resources/Observation-mii-exa-pro-eortc-qlq-c30-observation-pa          (00:00.000 / 04:03.764, 1Gb)
     validating Observation/mii-exa-pro-eortc-qlq-c30-observation-pa                                 (00:00.000 / 04:03.764, 1Gb)
 .. validate /workspace/fsh-generated/resources/Observation-mii-exa-pro-eortc-qlq-c30-observation-pf (00:00.001 / 04:03.766, 1Gb)
 .. /workspace/fsh-generated/resources/Observation-mii-exa-pro-eortc-qlq-c30-observation-pf          (00:00.000 / 04:03.766, 1Gb)
     validating Observation/mii-exa-pro-eortc-qlq-c30-observation-pf                                 (00:00.000 / 04:03.766, 1Gb)
 .. validate /workspace/fsh-generated/resources/Observation-mii-exa-pro-eortc-qlq-c30-observation-ql (00:00.001 / 04:03.768, 1Gb)
 .. /workspace/fsh-generated/resources/Observation-mii-exa-pro-eortc-qlq-c30-observation-ql          (00:00.000 / 04:03.768, 1Gb)
     validating Observation/mii-exa-pro-eortc-qlq-c30-observation-ql                                 (00:00.000 / 04:03.768, 1Gb)
 .. validate /workspace/fsh-generated/resources/Observation-mii-exa-pro-eortc-qlq-c30-observation-rf (00:00.001 / 04:03.769, 1Gb)
 .. /workspace/fsh-generated/resources/Observation-mii-exa-pro-eortc-qlq-c30-observation-rf          (00:00.000 / 04:03.769, 1Gb)
     validating Observation/mii-exa-pro-eortc-qlq-c30-observation-rf                                 (00:00.000 / 04:03.770, 1Gb)
 .. validate /workspace/fsh-generated/resources/Observation-mii-exa-pro-eortc-qlq-c30-observation-sf (00:00.001 / 04:03.771, 1Gb)
 .. /workspace/fsh-generated/resources/Observation-mii-exa-pro-eortc-qlq-c30-observation-sf          (00:00.000 / 04:03.771, 1Gb)
     validating Observation/mii-exa-pro-eortc-qlq-c30-observation-sf                                 (00:00.000 / 04:03.771, 1Gb)
 .. validate /workspace/fsh-generated/resources/Observation-mii-exa-pro-eortc-qlq-c30-observation-sl (00:00.001 / 04:03.773, 1Gb)
 .. /workspace/fsh-generated/resources/Observation-mii-exa-pro-eortc-qlq-c30-observation-sl          (00:00.000 / 04:03.773, 1Gb)
     validating Observation/mii-exa-pro-eortc-qlq-c30-observation-sl                                 (00:00.000 / 04:03.773, 1Gb)
 .. validate /workspace/fsh-generated/resources/Observation-mii-exa-pro-gad-7-score                  (00:00.001 / 04:03.775, 1Gb)
 .. /workspace/fsh-generated/resources/Observation-mii-exa-pro-gad-7-score                           (00:00.000 / 04:03.775, 1Gb)
     validating Observation/mii-exa-pro-gad-7-score                                                  (00:00.000 / 04:03.775, 1Gb)
 .. validate /workspace/fsh-generated/resources/Observation-mii-exa-pro-isr-z-score                  (00:00.001 / 04:03.777, 1Gb)
 .. /workspace/fsh-generated/resources/Observation-mii-exa-pro-isr-z-score                           (00:00.000 / 04:03.777, 1Gb)
     validating Observation/mii-exa-pro-isr-z-score                                                  (00:00.000 / 04:03.777, 1Gb)
 .. validate /workspace/fsh-generated/resources/Observation-mii-exa-pro-pc-ptsd-score                (00:00.001 / 04:03.779, 1Gb)
 .. /workspace/fsh-generated/resources/Observation-mii-exa-pro-pc-ptsd-score                         (00:00.000 / 04:03.779, 1Gb)
     validating Observation/mii-exa-pro-pc-ptsd-score                                                (00:00.000 / 04:03.779, 1Gb)
 .. validate /workspace/fsh-generated/resources/Observation-mii-exa-pro-phq-15-observation           (00:00.001 / 04:03.780, 1Gb)
 .. /workspace/fsh-generated/resources/Observation-mii-exa-pro-phq-15-observation                    (00:00.000 / 04:03.781, 1Gb)
     validating Observation/mii-exa-pro-phq-15-observation                                           (00:00.000 / 04:03.781, 1Gb)
 .. validate /workspace/fsh-generated/resources/Observation-mii-exa-pro-phq-9-observation            (00:00.001 / 04:03.782, 1Gb)
 .. /workspace/fsh-generated/resources/Observation-mii-exa-pro-phq-9-observation                     (00:00.000 / 04:03.783, 1Gb)
     validating Observation/mii-exa-pro-phq-9-observation                                            (00:00.000 / 04:03.783, 1Gb)
 .. validate /workspace/fsh-generated/resources/Observation-mii-exa-pro-promis-depression-sf4a-raw-score (00:00.001 / 04:03.784, 1Gb)
 .. /workspace/fsh-generated/resources/Observation-mii-exa-pro-promis-depression-sf4a-raw-score      (00:00.000 / 04:03.784, 1Gb)
     validating Observation/mii-exa-pro-promis-depression-sf4a-raw-score                             (00:00.000 / 04:03.785, 1Gb)
 .. validate /workspace/fsh-generated/resources/Observation-mii-exa-pro-promis-depression-sf4a-tscore (00:00.001 / 04:03.786, 1Gb)
 .. /workspace/fsh-generated/resources/Observation-mii-exa-pro-promis-depression-sf4a-tscore         (00:00.000 / 04:03.786, 1Gb)
     validating Observation/mii-exa-pro-promis-depression-sf4a-tscore                                (00:00.000 / 04:03.787, 1Gb)
 .. validate /workspace/fsh-generated/resources/Observation-mii-exa-pro-promis-depression-tscore-from-bdi-ii-observation (00:00.001 / 04:03.788, 1Gb)
 .. /workspace/fsh-generated/resources/Observation-mii-exa-pro-promis-depression-tscore-from-bdi-ii-observation (00:00.000 / 04:03.788, 1Gb)
     validating Observation/mii-exa-pro-promis-depression-tscore-from-bdi-ii-observation             (00:00.000 / 04:03.789, 1Gb)
 .. validate /workspace/fsh-generated/resources/Observation-mii-exa-pro-scoff-score                  (00:00.001 / 04:03.790, 1Gb)
 .. /workspace/fsh-generated/resources/Observation-mii-exa-pro-scoff-score                           (00:00.000 / 04:03.790, 1Gb)
     validating Observation/mii-exa-pro-scoff-score                                                  (00:00.000 / 04:03.790, 1Gb)
 .. validate /workspace/fsh-generated/resources/Observation-mii-exa-pro-ssd-12-score                 (00:00.001 / 04:03.792, 1Gb)
 .. /workspace/fsh-generated/resources/Observation-mii-exa-pro-ssd-12-score                          (00:00.000 / 04:03.792, 1Gb)
     validating Observation/mii-exa-pro-ssd-12-score                                                 (00:00.000 / 04:03.792, 1Gb)
 .. validate /workspace/fsh-generated/resources/Observation-mii-exa-pro-whodas12-score-simple-sum    (00:00.001 / 04:03.794, 1Gb)
 .. /workspace/fsh-generated/resources/Observation-mii-exa-pro-whodas12-score-simple-sum             (00:00.000 / 04:03.794, 1Gb)
     validating Observation/mii-exa-pro-whodas12-score-simple-sum                                    (00:00.000 / 04:03.794, 1Gb)
 .. validate /workspace/fsh-generated/resources/Observation-mii-exa-pro-wi-7-score                   (00:00.001 / 04:03.796, 1Gb)
 .. /workspace/fsh-generated/resources/Observation-mii-exa-pro-wi-7-score                            (00:00.000 / 04:03.796, 1Gb)
     validating Observation/mii-exa-pro-wi-7-score                                                   (00:00.000 / 04:03.796, 1Gb)
 .. validate /workspace/fsh-generated/resources/ObservationDefinition-mii-obsdef-pro-depression-t-score (00:00.002 / 04:03.798, 1Gb)
 .. /workspace/fsh-generated/resources/ObservationDefinition-mii-obsdef-pro-depression-t-score       (00:00.000 / 04:03.798, 1Gb)
     validating ObservationDefinition/mii-obsdef-pro-depression-t-score                              (00:00.000 / 04:03.799, 1Gb)
 .. validate /workspace/fsh-generated/resources/ObservationDefinition-mii-obsdef-pro-eortc-qlq-c30-ap (00:00.009 / 04:03.808, 1Gb)
 .. /workspace/fsh-generated/resources/ObservationDefinition-mii-obsdef-pro-eortc-qlq-c30-ap         (00:00.000 / 04:03.808, 1Gb)
     validating ObservationDefinition/mii-obsdef-pro-eortc-qlq-c30-ap                                (00:00.000 / 04:03.808, 1Gb)
 .. validate /workspace/fsh-generated/resources/ObservationDefinition-mii-obsdef-pro-eortc-qlq-c30-cf (00:00.001 / 04:03.809, 1Gb)
 .. /workspace/fsh-generated/resources/ObservationDefinition-mii-obsdef-pro-eortc-qlq-c30-cf         (00:00.000 / 04:03.809, 1Gb)
     validating ObservationDefinition/mii-obsdef-pro-eortc-qlq-c30-cf                                (00:00.000 / 04:03.810, 1Gb)
 .. validate /workspace/fsh-generated/resources/ObservationDefinition-mii-obsdef-pro-eortc-qlq-c30-co (00:00.001 / 04:03.811, 1Gb)
 .. /workspace/fsh-generated/resources/ObservationDefinition-mii-obsdef-pro-eortc-qlq-c30-co         (00:00.000 / 04:03.811, 1Gb)
     validating ObservationDefinition/mii-obsdef-pro-eortc-qlq-c30-co                                (00:00.000 / 04:03.811, 1Gb)
 .. validate /workspace/fsh-generated/resources/ObservationDefinition-mii-obsdef-pro-eortc-qlq-c30-di (00:00.001 / 04:03.812, 1Gb)
 .. /workspace/fsh-generated/resources/ObservationDefinition-mii-obsdef-pro-eortc-qlq-c30-di         (00:00.000 / 04:03.813, 1Gb)
     validating ObservationDefinition/mii-obsdef-pro-eortc-qlq-c30-di                                (00:00.000 / 04:03.813, 1Gb)
 .. validate /workspace/fsh-generated/resources/ObservationDefinition-mii-obsdef-pro-eortc-qlq-c30-dy (00:00.001 / 04:03.814, 1Gb)
 .. /workspace/fsh-generated/resources/ObservationDefinition-mii-obsdef-pro-eortc-qlq-c30-dy         (00:00.000 / 04:03.814, 1Gb)
     validating ObservationDefinition/mii-obsdef-pro-eortc-qlq-c30-dy                                (00:00.000 / 04:03.814, 1Gb)
 .. validate /workspace/fsh-generated/resources/ObservationDefinition-mii-obsdef-pro-eortc-qlq-c30-ef (00:00.001 / 04:03.815, 1Gb)
 .. /workspace/fsh-generated/resources/ObservationDefinition-mii-obsdef-pro-eortc-qlq-c30-ef         (00:00.000 / 04:03.815, 1Gb)
     validating ObservationDefinition/mii-obsdef-pro-eortc-qlq-c30-ef                                (00:00.000 / 04:03.815, 1Gb)
 .. validate /workspace/fsh-generated/resources/ObservationDefinition-mii-obsdef-pro-eortc-qlq-c30-fa (00:00.001 / 04:03.816, 1Gb)
 .. /workspace/fsh-generated/resources/ObservationDefinition-mii-obsdef-pro-eortc-qlq-c30-fa         (00:00.000 / 04:03.816, 1Gb)
     validating ObservationDefinition/mii-obsdef-pro-eortc-qlq-c30-fa                                (00:00.000 / 04:03.816, 1Gb)
 .. validate /workspace/fsh-generated/resources/ObservationDefinition-mii-obsdef-pro-eortc-qlq-c30-fi (00:00.001 / 04:03.818, 1Gb)
 .. /workspace/fsh-generated/resources/ObservationDefinition-mii-obsdef-pro-eortc-qlq-c30-fi         (00:00.000 / 04:03.818, 1Gb)
     validating ObservationDefinition/mii-obsdef-pro-eortc-qlq-c30-fi                                (00:00.000 / 04:03.818, 1Gb)
 .. validate /workspace/fsh-generated/resources/ObservationDefinition-mii-obsdef-pro-eortc-qlq-c30-nv (00:00.001 / 04:03.819, 1Gb)
 .. /workspace/fsh-generated/resources/ObservationDefinition-mii-obsdef-pro-eortc-qlq-c30-nv         (00:00.000 / 04:03.819, 1Gb)
     validating ObservationDefinition/mii-obsdef-pro-eortc-qlq-c30-nv                                (00:00.000 / 04:03.819, 1Gb)
 .. validate /workspace/fsh-generated/resources/ObservationDefinition-mii-obsdef-pro-eortc-qlq-c30-pa (00:00.001 / 04:03.820, 1Gb)
 .. /workspace/fsh-generated/resources/ObservationDefinition-mii-obsdef-pro-eortc-qlq-c30-pa         (00:00.000 / 04:03.820, 1Gb)
     validating ObservationDefinition/mii-obsdef-pro-eortc-qlq-c30-pa                                (00:00.000 / 04:03.821, 1Gb)
 .. validate /workspace/fsh-generated/resources/ObservationDefinition-mii-obsdef-pro-eortc-qlq-c30-pf (00:00.001 / 04:03.822, 1Gb)
 .. /workspace/fsh-generated/resources/ObservationDefinition-mii-obsdef-pro-eortc-qlq-c30-pf         (00:00.000 / 04:03.822, 1Gb)
     validating ObservationDefinition/mii-obsdef-pro-eortc-qlq-c30-pf                                (00:00.000 / 04:03.822, 1Gb)
 .. validate /workspace/fsh-generated/resources/ObservationDefinition-mii-obsdef-pro-eortc-qlq-c30-ql (00:00.001 / 04:03.824, 1Gb)
 .. /workspace/fsh-generated/resources/ObservationDefinition-mii-obsdef-pro-eortc-qlq-c30-ql         (00:00.000 / 04:03.824, 1Gb)
     validating ObservationDefinition/mii-obsdef-pro-eortc-qlq-c30-ql                                (00:00.000 / 04:03.824, 1Gb)
 .. validate /workspace/fsh-generated/resources/ObservationDefinition-mii-obsdef-pro-eortc-qlq-c30-rf (00:00.001 / 04:03.825, 1Gb)
 .. /workspace/fsh-generated/resources/ObservationDefinition-mii-obsdef-pro-eortc-qlq-c30-rf         (00:00.000 / 04:03.825, 1Gb)
     validating ObservationDefinition/mii-obsdef-pro-eortc-qlq-c30-rf                                (00:00.000 / 04:03.825, 1Gb)
 .. validate /workspace/fsh-generated/resources/ObservationDefinition-mii-obsdef-pro-eortc-qlq-c30-sf (00:00.001 / 04:03.826, 1Gb)
 .. /workspace/fsh-generated/resources/ObservationDefinition-mii-obsdef-pro-eortc-qlq-c30-sf         (00:00.000 / 04:03.827, 1Gb)
     validating ObservationDefinition/mii-obsdef-pro-eortc-qlq-c30-sf                                (00:00.000 / 04:03.827, 1Gb)
 .. validate /workspace/fsh-generated/resources/ObservationDefinition-mii-obsdef-pro-eortc-qlq-c30-sl (00:00.001 / 04:03.828, 1Gb)
 .. /workspace/fsh-generated/resources/ObservationDefinition-mii-obsdef-pro-eortc-qlq-c30-sl         (00:00.000 / 04:03.828, 1Gb)
     validating ObservationDefinition/mii-obsdef-pro-eortc-qlq-c30-sl                                (00:00.000 / 04:03.828, 1Gb)
 .. validate /workspace/fsh-generated/resources/ObservationDefinition-mii-obsdef-pro-promis-29-anxiety-tscore (00:00.001 / 04:03.829, 1Gb)
 .. /workspace/fsh-generated/resources/ObservationDefinition-mii-obsdef-pro-promis-29-anxiety-tscore (00:00.000 / 04:03.830, 1Gb)
     validating ObservationDefinition/mii-obsdef-pro-promis-29-anxiety-tscore                        (00:00.000 / 04:03.830, 1Gb)
 .. validate /workspace/fsh-generated/resources/ObservationDefinition-mii-obsdef-pro-promis-29-depression-tscore (00:00.002 / 04:03.833, 1Gb)
 .. /workspace/fsh-generated/resources/ObservationDefinition-mii-obsdef-pro-promis-29-depression-tscore (00:00.000 / 04:03.833, 1Gb)
     validating ObservationDefinition/mii-obsdef-pro-promis-29-depression-tscore                     (00:00.000 / 04:03.833, 1Gb)
 .. validate /workspace/fsh-generated/resources/ObservationDefinition-mii-obsdef-pro-promis-29-fatigue-tscore (00:00.003 / 04:03.837, 1Gb)
 .. /workspace/fsh-generated/resources/ObservationDefinition-mii-obsdef-pro-promis-29-fatigue-tscore (00:00.000 / 04:03.837, 1Gb)
     validating ObservationDefinition/mii-obsdef-pro-promis-29-fatigue-tscore                        (00:00.000 / 04:03.837, 1Gb)
 .. validate /workspace/fsh-generated/resources/ObservationDefinition-mii-obsdef-pro-promis-29-pain-intensity (00:00.003 / 04:03.840, 1Gb)
 .. /workspace/fsh-generated/resources/ObservationDefinition-mii-obsdef-pro-promis-29-pain-intensity (00:00.000 / 04:03.841, 1Gb)
     validating ObservationDefinition/mii-obsdef-pro-promis-29-pain-intensity                        (00:00.000 / 04:03.841, 1Gb)
 .. validate /workspace/fsh-generated/resources/ObservationDefinition-mii-obsdef-pro-promis-29-pain-interference-tscore (00:00.003 / 04:03.844, 1Gb)
 .. /workspace/fsh-generated/resources/ObservationDefinition-mii-obsdef-pro-promis-29-pain-interference-tscore (00:00.000 / 04:03.844, 1Gb)
     validating ObservationDefinition/mii-obsdef-pro-promis-29-pain-interference-tscore              (00:00.000 / 04:03.845, 1Gb)
 .. validate /workspace/fsh-generated/resources/ObservationDefinition-mii-obsdef-pro-promis-29-physical-function-tscore (00:00.003 / 04:03.848, 1Gb)
 .. /workspace/fsh-generated/resources/ObservationDefinition-mii-obsdef-pro-promis-29-physical-function-tscore (00:00.000 / 04:03.848, 1Gb)
     validating ObservationDefinition/mii-obsdef-pro-promis-29-physical-function-tscore              (00:00.000 / 04:03.848, 1Gb)
 .. validate /workspace/fsh-generated/resources/ObservationDefinition-mii-obsdef-pro-promis-29-sleep-disturbance-tscore (00:00.003 / 04:03.851, 1Gb)
 .. /workspace/fsh-generated/resources/ObservationDefinition-mii-obsdef-pro-promis-29-sleep-disturbance-tscore (00:00.000 / 04:03.851, 1Gb)
     validating ObservationDefinition/mii-obsdef-pro-promis-29-sleep-disturbance-tscore              (00:00.000 / 04:03.851, 1Gb)
 .. validate /workspace/fsh-generated/resources/ObservationDefinition-mii-obsdef-pro-promis-29-social-function-tscore (00:00.003 / 04:03.854, 1Gb)
 .. /workspace/fsh-generated/resources/ObservationDefinition-mii-obsdef-pro-promis-29-social-function-tscore (00:00.000 / 04:03.855, 1Gb)
     validating ObservationDefinition/mii-obsdef-pro-promis-29-social-function-tscore                (00:00.000 / 04:03.855, 1Gb)
 .. validate /workspace/fsh-generated/resources/ObservationDefinition-mii-obsdef-pro-promis-cognitive-function-sf4a-raw-score (00:00.002 / 04:03.858, 1Gb)
 .. /workspace/fsh-generated/resources/ObservationDefinition-mii-obsdef-pro-promis-cognitive-function-sf4a-raw-score (00:00.000 / 04:03.858, 1Gb)
     validating ObservationDefinition/mii-obsdef-pro-promis-cognitive-function-sf4a-raw-score        (00:00.000 / 04:03.858, 1Gb)
 .. validate /workspace/fsh-generated/resources/ObservationDefinition-mii-obsdef-pro-promis-cognitive-function-sf4a-tscore (00:00.003 / 04:03.861, 1Gb)
 .. /workspace/fsh-generated/resources/ObservationDefinition-mii-obsdef-pro-promis-cognitive-function-sf4a-tscore (00:00.000 / 04:03.861, 1Gb)
     validating ObservationDefinition/mii-obsdef-pro-promis-cognitive-function-sf4a-tscore           (00:00.000 / 04:03.861, 1Gb)
 .. validate /workspace/fsh-generated/resources/ObservationDefinition-mii-obsdef-pro-score-bdi-ii    (00:00.003 / 04:03.865, 1Gb)
 .. /workspace/fsh-generated/resources/ObservationDefinition-mii-obsdef-pro-score-bdi-ii             (00:00.000 / 04:03.865, 1Gb)
     validating ObservationDefinition/mii-obsdef-pro-score-bdi-ii                                    (00:00.000 / 04:03.865, 1Gb)
 .. validate /workspace/fsh-generated/resources/ObservationDefinition-mii-obsdef-pro-score-dass21-anxiety-equiv (00:00.002 / 04:03.868, 1Gb)
 .. /workspace/fsh-generated/resources/ObservationDefinition-mii-obsdef-pro-score-dass21-anxiety-equiv (00:00.000 / 04:03.868, 1Gb)
     validating ObservationDefinition/mii-obsdef-pro-score-dass21-anxiety-equiv                      (00:00.000 / 04:03.868, 1Gb)
 .. validate /workspace/fsh-generated/resources/ObservationDefinition-mii-obsdef-pro-score-dass21-anxiety-raw (00:00.003 / 04:03.871, 1Gb)
 .. /workspace/fsh-generated/resources/ObservationDefinition-mii-obsdef-pro-score-dass21-anxiety-raw (00:00.000 / 04:03.872, 1Gb)
     validating ObservationDefinition/mii-obsdef-pro-score-dass21-anxiety-raw                        (00:00.000 / 04:03.872, 1Gb)
 .. validate /workspace/fsh-generated/resources/ObservationDefinition-mii-obsdef-pro-score-dass21-depression-equiv (00:00.002 / 04:03.874, 1Gb)
 .. /workspace/fsh-generated/resources/ObservationDefinition-mii-obsdef-pro-score-dass21-depression-equiv (00:00.000 / 04:03.875, 1Gb)
     validating ObservationDefinition/mii-obsdef-pro-score-dass21-depression-equiv                   (00:00.000 / 04:03.875, 1Gb)
 .. validate /workspace/fsh-generated/resources/ObservationDefinition-mii-obsdef-pro-score-dass21-depression-raw (00:00.003 / 04:03.878, 1Gb)
 .. /workspace/fsh-generated/resources/ObservationDefinition-mii-obsdef-pro-score-dass21-depression-raw (00:00.000 / 04:03.878, 1Gb)
     validating ObservationDefinition/mii-obsdef-pro-score-dass21-depression-raw                     (00:00.000 / 04:03.878, 1Gb)
 .. validate /workspace/fsh-generated/resources/ObservationDefinition-mii-obsdef-pro-score-dass21-stress-equiv (00:00.003 / 04:03.881, 1Gb)
 .. /workspace/fsh-generated/resources/ObservationDefinition-mii-obsdef-pro-score-dass21-stress-equiv (00:00.000 / 04:03.882, 1Gb)
     validating ObservationDefinition/mii-obsdef-pro-score-dass21-stress-equiv                       (00:00.000 / 04:03.882, 1Gb)
 .. validate /workspace/fsh-generated/resources/ObservationDefinition-mii-obsdef-pro-score-dass21-stress-raw (00:00.003 / 04:03.885, 1Gb)
 .. /workspace/fsh-generated/resources/ObservationDefinition-mii-obsdef-pro-score-dass21-stress-raw  (00:00.000 / 04:03.885, 1Gb)
     validating ObservationDefinition/mii-obsdef-pro-score-dass21-stress-raw                         (00:00.000 / 04:03.885, 1Gb)
 .. validate /workspace/fsh-generated/resources/ObservationDefinition-mii-obsdef-pro-score-eq5d5l-index (00:00.003 / 04:03.889, 1Gb)
 .. /workspace/fsh-generated/resources/ObservationDefinition-mii-obsdef-pro-score-eq5d5l-index       (00:00.000 / 04:03.889, 1Gb)
     validating ObservationDefinition/mii-obsdef-pro-score-eq5d5l-index                              (00:00.000 / 04:03.889, 1Gb)
 .. validate /workspace/fsh-generated/resources/ObservationDefinition-mii-obsdef-pro-score-eq5d5l-profile (00:00.003 / 04:03.892, 1Gb)
 .. /workspace/fsh-generated/resources/ObservationDefinition-mii-obsdef-pro-score-eq5d5l-profile     (00:00.000 / 04:03.892, 1Gb)
     validating ObservationDefinition/mii-obsdef-pro-score-eq5d5l-profile                            (00:00.000 / 04:03.893, 1Gb)
 .. validate /workspace/fsh-generated/resources/ObservationDefinition-mii-obsdef-pro-score-eq5d5l-vas (00:00.001 / 04:03.894, 1Gb)
 .. /workspace/fsh-generated/resources/ObservationDefinition-mii-obsdef-pro-score-eq5d5l-vas         (00:00.000 / 04:03.894, 1Gb)
     validating ObservationDefinition/mii-obsdef-pro-score-eq5d5l-vas                                (00:00.000 / 04:03.894, 1Gb)
 .. validate /workspace/fsh-generated/resources/ObservationDefinition-mii-obsdef-pro-score-gad-7     (00:00.002 / 04:03.897, 1Gb)
 .. /workspace/fsh-generated/resources/ObservationDefinition-mii-obsdef-pro-score-gad-7              (00:00.000 / 04:03.897, 1Gb)
     validating ObservationDefinition/mii-obsdef-pro-score-gad-7                                     (00:00.000 / 04:03.897, 1Gb)
 .. validate /workspace/fsh-generated/resources/ObservationDefinition-mii-obsdef-pro-score-isr-z     (00:00.003 / 04:03.901, 1Gb)
 .. /workspace/fsh-generated/resources/ObservationDefinition-mii-obsdef-pro-score-isr-z              (00:00.000 / 04:03.901, 1Gb)
     validating ObservationDefinition/mii-obsdef-pro-score-isr-z                                     (00:00.000 / 04:03.901, 1Gb)
 .. validate /workspace/fsh-generated/resources/ObservationDefinition-mii-obsdef-pro-score-pc-ptsd   (00:00.003 / 04:03.904, 1Gb)
 .. /workspace/fsh-generated/resources/ObservationDefinition-mii-obsdef-pro-score-pc-ptsd            (00:00.000 / 04:03.904, 1Gb)
     validating ObservationDefinition/mii-obsdef-pro-score-pc-ptsd                                   (00:00.000 / 04:03.904, 1Gb)
 .. validate /workspace/fsh-generated/resources/ObservationDefinition-mii-obsdef-pro-score-phq-15    (00:00.003 / 04:03.908, 1Gb)
 .. /workspace/fsh-generated/resources/ObservationDefinition-mii-obsdef-pro-score-phq-15             (00:00.000 / 04:03.908, 1Gb)
     validating ObservationDefinition/mii-obsdef-pro-score-phq-15                                    (00:00.000 / 04:03.908, 1Gb)
 .. validate /workspace/fsh-generated/resources/ObservationDefinition-mii-obsdef-pro-score-phq-9     (00:00.003 / 04:03.911, 1Gb)
 .. /workspace/fsh-generated/resources/ObservationDefinition-mii-obsdef-pro-score-phq-9              (00:00.000 / 04:03.911, 1Gb)
     validating ObservationDefinition/mii-obsdef-pro-score-phq-9                                     (00:00.000 / 04:03.912, 1Gb)
 .. validate /workspace/fsh-generated/resources/ObservationDefinition-mii-obsdef-pro-score-proctcae-acs (00:00.002 / 04:03.914, 1Gb)
 .. /workspace/fsh-generated/resources/ObservationDefinition-mii-obsdef-pro-score-proctcae-acs       (00:00.000 / 04:03.914, 1Gb)
     validating ObservationDefinition/mii-obsdef-pro-score-proctcae-acs                              (00:00.000 / 04:03.914, 1Gb)
 .. validate /workspace/fsh-generated/resources/ObservationDefinition-mii-obsdef-pro-score-proctcae-composite-grade (00:00.002 / 04:03.917, 1Gb)
 .. /workspace/fsh-generated/resources/ObservationDefinition-mii-obsdef-pro-score-proctcae-composite-grade (00:00.000 / 04:03.917, 1Gb)
     validating ObservationDefinition/mii-obsdef-pro-score-proctcae-composite-grade                  (00:00.000 / 04:03.917, 1Gb)
 .. validate /workspace/fsh-generated/resources/ObservationDefinition-mii-obsdef-pro-score-scoff     (00:00.002 / 04:03.920, 1Gb)
 .. /workspace/fsh-generated/resources/ObservationDefinition-mii-obsdef-pro-score-scoff              (00:00.000 / 04:03.920, 1Gb)
     validating ObservationDefinition/mii-obsdef-pro-score-scoff                                     (00:00.000 / 04:03.920, 1Gb)
 .. validate /workspace/fsh-generated/resources/ObservationDefinition-mii-obsdef-pro-score-ssd-12    (00:00.002 / 04:03.922, 1Gb)
 .. /workspace/fsh-generated/resources/ObservationDefinition-mii-obsdef-pro-score-ssd-12             (00:00.000 / 04:03.923, 1Gb)
     validating ObservationDefinition/mii-obsdef-pro-score-ssd-12                                    (00:00.000 / 04:03.923, 1Gb)
 .. validate /workspace/fsh-generated/resources/ObservationDefinition-mii-obsdef-pro-score-whodas12-simple-sum (00:00.002 / 04:03.926, 1Gb)
 .. /workspace/fsh-generated/resources/ObservationDefinition-mii-obsdef-pro-score-whodas12-simple-sum (00:00.000 / 04:03.926, 1Gb)
     validating ObservationDefinition/mii-obsdef-pro-score-whodas12-simple-sum                       (00:00.000 / 04:03.926, 1Gb)
 .. validate /workspace/fsh-generated/resources/ObservationDefinition-mii-obsdef-pro-score-wi-7      (00:00.003 / 04:03.929, 1Gb)
 .. /workspace/fsh-generated/resources/ObservationDefinition-mii-obsdef-pro-score-wi-7               (00:00.000 / 04:03.929, 1Gb)
     validating ObservationDefinition/mii-obsdef-pro-score-wi-7                                      (00:00.000 / 04:03.929, 1Gb)
 .. validate /workspace/fsh-generated/resources/Patient-mii-exa-pro-patient                          (00:00.003 / 04:03.933, 1Gb)
 .. /workspace/fsh-generated/resources/Patient-mii-exa-pro-patient                                   (00:00.000 / 04:03.933, 1Gb)
     validating Patient/mii-exa-pro-patient                                                          (00:00.000 / 04:03.933, 1Gb)
 .. validate /workspace/fsh-generated/resources/Questionnaire-mii-qst-pro-bdi-bdi2                   (00:00.001 / 04:03.934, 1Gb)
 .. /workspace/fsh-generated/resources/Questionnaire-mii-qst-pro-bdi-bdi2                            (00:00.000 / 04:03.934, 1Gb)
 .. validate /workspace/fsh-generated/resources/Questionnaire-mii-qst-pro-ces-d                      (00:00.000 / 04:03.934, 1Gb)
 .. /workspace/fsh-generated/resources/Questionnaire-mii-qst-pro-ces-d                               (00:00.000 / 04:03.934, 1Gb)
 .. validate /workspace/fsh-generated/resources/Questionnaire-mii-qst-pro-dass-dass21                (00:00.000 / 04:03.935, 1Gb)
 .. /workspace/fsh-generated/resources/Questionnaire-mii-qst-pro-dass-dass21                         (00:00.000 / 04:03.935, 1Gb)
 .. validate /workspace/fsh-generated/resources/Questionnaire-mii-qst-pro-eortc-qlq-c30-variant-a    (00:00.000 / 04:03.935, 1Gb)
 .. /workspace/fsh-generated/resources/Questionnaire-mii-qst-pro-eortc-qlq-c30-variant-a             (00:00.000 / 04:03.935, 1Gb)
 .. validate /workspace/fsh-generated/resources/Questionnaire-mii-qst-pro-eortc-qlq-c30-variant-b    (00:00.000 / 04:03.935, 1Gb)
 .. /workspace/fsh-generated/resources/Questionnaire-mii-qst-pro-eortc-qlq-c30-variant-b             (00:00.000 / 04:03.935, 1Gb)
 .. validate /workspace/fsh-generated/resources/Questionnaire-mii-qst-pro-eortc-qlq-c30              (00:00.000 / 04:03.935, 1Gb)
 .. /workspace/fsh-generated/resources/Questionnaire-mii-qst-pro-eortc-qlq-c30                       (00:00.000 / 04:03.935, 1Gb)
 .. validate /workspace/fsh-generated/resources/Questionnaire-mii-qst-pro-epds                       (00:00.000 / 04:03.936, 1Gb)
 .. /workspace/fsh-generated/resources/Questionnaire-mii-qst-pro-epds                                (00:00.000 / 04:03.936, 1Gb)
 .. validate /workspace/fsh-generated/resources/Questionnaire-mii-qst-pro-euronet-soma               (00:00.000 / 04:03.936, 1Gb)
 .. /workspace/fsh-generated/resources/Questionnaire-mii-qst-pro-euronet-soma                        (00:00.000 / 04:03.936, 1Gb)
 .. validate /workspace/fsh-generated/resources/Questionnaire-mii-qst-pro-euroqol-eq5d5l-answer-coding (00:00.000 / 04:03.936, 1Gb)
 .. /workspace/fsh-generated/resources/Questionnaire-mii-qst-pro-euroqol-eq5d5l-answer-coding        (00:00.000 / 04:03.936, 1Gb)
 .. validate /workspace/fsh-generated/resources/Questionnaire-mii-qst-pro-euroqol-eq5d5l-collectable (00:00.000 / 04:03.936, 1Gb)
 .. /workspace/fsh-generated/resources/Questionnaire-mii-qst-pro-euroqol-eq5d5l-collectable          (00:00.000 / 04:03.936, 1Gb)
 .. validate /workspace/fsh-generated/resources/Questionnaire-mii-qst-pro-euroqol-eq5d5l-displayable (00:00.000 / 04:03.937, 1Gb)
 .. /workspace/fsh-generated/resources/Questionnaire-mii-qst-pro-euroqol-eq5d5l-displayable          (00:00.000 / 04:03.937, 1Gb)
 .. validate /workspace/fsh-generated/resources/Questionnaire-mii-qst-pro-euroqol-eq5d5l-minimal     (00:00.000 / 04:03.937, 1Gb)
 .. /workspace/fsh-generated/resources/Questionnaire-mii-qst-pro-euroqol-eq5d5l-minimal              (00:00.000 / 04:03.937, 1Gb)
 .. validate /workspace/fsh-generated/resources/Questionnaire-mii-qst-pro-gad-7                      (00:00.000 / 04:03.937, 1Gb)
 .. /workspace/fsh-generated/resources/Questionnaire-mii-qst-pro-gad-7                               (00:00.000 / 04:03.937, 1Gb)
 .. validate /workspace/fsh-generated/resources/Questionnaire-mii-qst-pro-hads                       (00:00.000 / 04:03.937, 1Gb)
 .. /workspace/fsh-generated/resources/Questionnaire-mii-qst-pro-hads                                (00:00.000 / 04:03.937, 1Gb)
 .. validate /workspace/fsh-generated/resources/Questionnaire-mii-qst-pro-isr-z                      (00:00.000 / 04:03.937, 1Gb)
 .. /workspace/fsh-generated/resources/Questionnaire-mii-qst-pro-isr-z                               (00:00.000 / 04:03.938, 1Gb)
 .. validate /workspace/fsh-generated/resources/Questionnaire-mii-qst-pro-k6                         (00:00.000 / 04:03.938, 1Gb)
 .. /workspace/fsh-generated/resources/Questionnaire-mii-qst-pro-k6                                  (00:00.000 / 04:03.938, 1Gb)
 .. validate /workspace/fsh-generated/resources/Questionnaire-mii-qst-pro-midos-midos2               (00:00.000 / 04:03.938, 1Gb)
 .. /workspace/fsh-generated/resources/Questionnaire-mii-qst-pro-midos-midos2                        (00:00.000 / 04:03.938, 1Gb)
 .. validate /workspace/fsh-generated/resources/Questionnaire-mii-qst-pro-pc-ptsd                    (00:00.000 / 04:03.938, 1Gb)
 .. /workspace/fsh-generated/resources/Questionnaire-mii-qst-pro-pc-ptsd                             (00:00.000 / 04:03.938, 1Gb)
 .. validate /workspace/fsh-generated/resources/Questionnaire-mii-qst-pro-phq-15                     (00:00.000 / 04:03.938, 1Gb)
 .. /workspace/fsh-generated/resources/Questionnaire-mii-qst-pro-phq-15                              (00:00.000 / 04:03.939, 1Gb)
 .. validate /workspace/fsh-generated/resources/Questionnaire-mii-qst-pro-phq-9                      (00:00.000 / 04:03.939, 1Gb)
 .. /workspace/fsh-generated/resources/Questionnaire-mii-qst-pro-phq-9                               (00:00.000 / 04:03.939, 1Gb)
 .. validate /workspace/fsh-generated/resources/Questionnaire-mii-qst-pro-pro-ctcae-breast-de        (00:00.000 / 04:03.939, 1Gb)
 .. /workspace/fsh-generated/resources/Questionnaire-mii-qst-pro-pro-ctcae-breast-de                 (00:00.000 / 04:03.939, 1Gb)
 .. validate /workspace/fsh-generated/resources/Questionnaire-mii-qst-pro-pro-ctcae-onkologisches-basisscreening (00:00.000 / 04:03.939, 1Gb)
 .. /workspace/fsh-generated/resources/Questionnaire-mii-qst-pro-pro-ctcae-onkologisches-basisscreening (00:00.000 / 04:03.939, 1Gb)
 .. validate /workspace/fsh-generated/resources/Questionnaire-mii-qst-pro-promis-16                  (00:00.000 / 04:03.939, 1Gb)
 .. /workspace/fsh-generated/resources/Questionnaire-mii-qst-pro-promis-16                           (00:00.000 / 04:03.940, 1Gb)
 .. validate /workspace/fsh-generated/resources/Questionnaire-mii-qst-pro-promis-29-de               (00:00.000 / 04:03.940, 1Gb)
 .. /workspace/fsh-generated/resources/Questionnaire-mii-qst-pro-promis-29-de                        (00:00.000 / 04:03.940, 1Gb)
 .. validate /workspace/fsh-generated/resources/Questionnaire-mii-qst-pro-promis-29-minimal          (00:00.000 / 04:03.940, 1Gb)
 .. /workspace/fsh-generated/resources/Questionnaire-mii-qst-pro-promis-29-minimal                   (00:00.000 / 04:03.940, 1Gb)
 .. validate /workspace/fsh-generated/resources/Questionnaire-mii-qst-pro-promis-29                  (00:00.000 / 04:03.940, 1Gb)
 .. /workspace/fsh-generated/resources/Questionnaire-mii-qst-pro-promis-29                           (00:00.000 / 04:03.940, 1Gb)
 .. validate /workspace/fsh-generated/resources/Questionnaire-mii-qst-pro-promis-cognitive-function-sf4a (00:00.000 / 04:03.940, 1Gb)
 .. /workspace/fsh-generated/resources/Questionnaire-mii-qst-pro-promis-cognitive-function-sf4a      (00:00.000 / 04:03.940, 1Gb)
 .. validate /workspace/fsh-generated/resources/Questionnaire-mii-qst-pro-promis-depression-sf4a     (00:00.000 / 04:03.941, 1Gb)
 .. /workspace/fsh-generated/resources/Questionnaire-mii-qst-pro-promis-depression-sf4a              (00:00.000 / 04:03.941, 1Gb)
 .. validate /workspace/fsh-generated/resources/Questionnaire-mii-qst-pro-scoff                      (00:00.000 / 04:03.941, 1Gb)
 .. /workspace/fsh-generated/resources/Questionnaire-mii-qst-pro-scoff                               (00:00.000 / 04:03.941, 1Gb)
 .. validate /workspace/fsh-generated/resources/Questionnaire-mii-qst-pro-ssd-12                     (00:00.000 / 04:03.941, 1Gb)
 .. /workspace/fsh-generated/resources/Questionnaire-mii-qst-pro-ssd-12                              (00:00.000 / 04:03.941, 1Gb)
 .. validate /workspace/fsh-generated/resources/Questionnaire-mii-qst-pro-whodas-whodas12            (00:00.000 / 04:03.941, 1Gb)
 .. /workspace/fsh-generated/resources/Questionnaire-mii-qst-pro-whodas-whodas12                     (00:00.000 / 04:03.942, 1Gb)
 .. validate /workspace/fsh-generated/resources/Questionnaire-mii-qst-pro-wi-7                       (00:00.000 / 04:03.942, 1Gb)
 .. /workspace/fsh-generated/resources/Questionnaire-mii-qst-pro-wi-7                                (00:00.000 / 04:03.942, 1Gb)
 .. validate /workspace/fsh-generated/resources/QuestionnaireResponse-mii-exa-pro-bdi-bdi2           (00:00.000 / 04:03.942, 1Gb)
 .. /workspace/fsh-generated/resources/QuestionnaireResponse-mii-exa-pro-bdi-bdi2                    (00:00.000 / 04:03.942, 1Gb)
     validating QuestionnaireResponse/mii-exa-pro-bdi-bdi2                                           (00:00.000 / 04:03.942, 1Gb)
 .. validate /workspace/fsh-generated/resources/QuestionnaireResponse-mii-exa-pro-dass-dass21-response-01 (00:00.007 / 04:03.950, 1Gb)
 .. /workspace/fsh-generated/resources/QuestionnaireResponse-mii-exa-pro-dass-dass21-response-01     (00:00.000 / 04:03.950, 1Gb)
     validating QuestionnaireResponse/mii-exa-pro-dass-dass21-response-01                            (00:00.000 / 04:03.950, 1Gb)
 .. validate /workspace/fsh-generated/resources/QuestionnaireResponse-mii-exa-pro-eortc-qlq-c30-response (00:00.008 / 04:03.959, 1Gb)
 .. /workspace/fsh-generated/resources/QuestionnaireResponse-mii-exa-pro-eortc-qlq-c30-response      (00:00.000 / 04:03.959, 1Gb)
     validating QuestionnaireResponse/mii-exa-pro-eortc-qlq-c30-response                             (00:00.000 / 04:03.959, 1Gb)
 .. validate /workspace/fsh-generated/resources/QuestionnaireResponse-mii-exa-pro-euronet-soma-response (00:00.010 / 04:03.969, 1Gb)
 .. /workspace/fsh-generated/resources/QuestionnaireResponse-mii-exa-pro-euronet-soma-response       (00:00.000 / 04:03.970, 1Gb)
     validating QuestionnaireResponse/mii-exa-pro-euronet-soma-response                              (00:00.000 / 04:03.970, 1Gb)
 .. validate /workspace/fsh-generated/resources/QuestionnaireResponse-mii-exa-pro-euroqol-eq5d5l-coded-response (00:00.002 / 04:03.972, 1Gb)
 .. /workspace/fsh-generated/resources/QuestionnaireResponse-mii-exa-pro-euroqol-eq5d5l-coded-response (00:00.000 / 04:03.972, 1Gb)
     validating QuestionnaireResponse/mii-exa-pro-euroqol-eq5d5l-coded-response                      (00:00.000 / 04:03.972, 1Gb)
 .. validate /workspace/fsh-generated/resources/QuestionnaireResponse-mii-exa-pro-euroqol-eq5d5l-response (00:00.003 / 04:03.975, 1Gb)
 .. /workspace/fsh-generated/resources/QuestionnaireResponse-mii-exa-pro-euroqol-eq5d5l-response     (00:00.000 / 04:03.976, 1Gb)
     validating QuestionnaireResponse/mii-exa-pro-euroqol-eq5d5l-response                            (00:00.000 / 04:03.976, 1Gb)
 .. validate /workspace/fsh-generated/resources/QuestionnaireResponse-mii-exa-pro-gad-7-response     (00:00.002 / 04:03.979, 1Gb)
 .. /workspace/fsh-generated/resources/QuestionnaireResponse-mii-exa-pro-gad-7-response              (00:00.000 / 04:03.979, 1Gb)
     validating QuestionnaireResponse/mii-exa-pro-gad-7-response                                     (00:00.000 / 04:03.979, 1Gb)
 .. validate /workspace/fsh-generated/resources/QuestionnaireResponse-mii-exa-pro-isr-z-response     (00:00.003 / 04:03.982, 1Gb)
 .. /workspace/fsh-generated/resources/QuestionnaireResponse-mii-exa-pro-isr-z-response              (00:00.000 / 04:03.982, 1Gb)
     validating QuestionnaireResponse/mii-exa-pro-isr-z-response                                     (00:00.000 / 04:03.982, 1Gb)
 .. validate /workspace/fsh-generated/resources/QuestionnaireResponse-mii-exa-pro-midos2-response-01 (00:00.003 / 04:03.986, 1Gb)
 .. /workspace/fsh-generated/resources/QuestionnaireResponse-mii-exa-pro-midos2-response-01          (00:00.000 / 04:03.986, 1Gb)
     validating QuestionnaireResponse/mii-exa-pro-midos2-response-01                                 (00:00.000 / 04:03.986, 1Gb)
 .. validate /workspace/fsh-generated/resources/QuestionnaireResponse-mii-exa-pro-pc-ptsd-response   (00:00.004 / 04:03.991, 1Gb)
 .. /workspace/fsh-generated/resources/QuestionnaireResponse-mii-exa-pro-pc-ptsd-response            (00:00.000 / 04:03.991, 1Gb)
     validating QuestionnaireResponse/mii-exa-pro-pc-ptsd-response                                   (00:00.000 / 04:03.991, 1Gb)
 .. validate /workspace/fsh-generated/resources/QuestionnaireResponse-mii-exa-pro-phq-15-response    (00:00.002 / 04:03.994, 1Gb)
 .. /workspace/fsh-generated/resources/QuestionnaireResponse-mii-exa-pro-phq-15-response             (00:00.000 / 04:03.994, 1Gb)
     validating QuestionnaireResponse/mii-exa-pro-phq-15-response                                    (00:00.000 / 04:03.994, 1Gb)
 .. validate /workspace/fsh-generated/resources/QuestionnaireResponse-mii-exa-pro-phq-9-response     (00:00.005 / 04:03.999, 1Gb)
 .. /workspace/fsh-generated/resources/QuestionnaireResponse-mii-exa-pro-phq-9-response              (00:00.000 / 04:04.000, 1Gb)
     validating QuestionnaireResponse/mii-exa-pro-phq-9-response                                     (00:00.000 / 04:04.000, 1Gb)
 .. validate /workspace/fsh-generated/resources/QuestionnaireResponse-mii-exa-pro-pro-ctcae-onkologisches-basisscreening-response-01 (00:00.003 / 04:04.004, 1Gb)
 .. /workspace/fsh-generated/resources/QuestionnaireResponse-mii-exa-pro-pro-ctcae-onkologisches-basisscreening-response-01 (00:00.000 / 04:04.004, 1Gb)
     validating QuestionnaireResponse/mii-exa-pro-pro-ctcae-onkologisches-basisscreening-response-01 (00:00.000 / 04:04.004, 1Gb)
 .. validate /workspace/fsh-generated/resources/QuestionnaireResponse-mii-exa-pro-promis-29-de-response (00:00.011 / 04:04.016, 1Gb)
 .. /workspace/fsh-generated/resources/QuestionnaireResponse-mii-exa-pro-promis-29-de-response       (00:00.000 / 04:04.016, 1Gb)
     validating QuestionnaireResponse/mii-exa-pro-promis-29-de-response                              (00:00.000 / 04:04.016, 1Gb)
 .. validate /workspace/fsh-generated/resources/QuestionnaireResponse-mii-exa-pro-promis-29-response (00:00.021 / 04:04.038, 1Gb)
 .. /workspace/fsh-generated/resources/QuestionnaireResponse-mii-exa-pro-promis-29-response          (00:00.000 / 04:04.038, 1Gb)
     validating QuestionnaireResponse/mii-exa-pro-promis-29-response                                 (00:00.000 / 04:04.038, 1Gb)
 .. validate /workspace/fsh-generated/resources/QuestionnaireResponse-mii-exa-pro-promis-depression-sf4a-response (00:00.030 / 04:04.069, 1Gb)
 .. /workspace/fsh-generated/resources/QuestionnaireResponse-mii-exa-pro-promis-depression-sf4a-response (00:00.000 / 04:04.069, 1Gb)
     validating QuestionnaireResponse/mii-exa-pro-promis-depression-sf4a-response                    (00:00.000 / 04:04.070, 1Gb)
 .. validate /workspace/fsh-generated/resources/QuestionnaireResponse-mii-exa-pro-scoff-response     (00:00.002 / 04:04.072, 1Gb)
 .. /workspace/fsh-generated/resources/QuestionnaireResponse-mii-exa-pro-scoff-response              (00:00.000 / 04:04.072, 1Gb)
     validating QuestionnaireResponse/mii-exa-pro-scoff-response                                     (00:00.000 / 04:04.073, 1Gb)
 .. validate /workspace/fsh-generated/resources/QuestionnaireResponse-mii-exa-pro-ssd-12-response    (00:00.002 / 04:04.075, 1Gb)
 .. /workspace/fsh-generated/resources/QuestionnaireResponse-mii-exa-pro-ssd-12-response             (00:00.000 / 04:04.075, 1Gb)
     validating QuestionnaireResponse/mii-exa-pro-ssd-12-response                                    (00:00.000 / 04:04.076, 1Gb)
 .. validate /workspace/fsh-generated/resources/QuestionnaireResponse-mii-exa-pro-whodas12-response-01 (00:00.004 / 04:04.080, 1Gb)
 .. /workspace/fsh-generated/resources/QuestionnaireResponse-mii-exa-pro-whodas12-response-01        (00:00.000 / 04:04.080, 1Gb)
     validating QuestionnaireResponse/mii-exa-pro-whodas12-response-01                               (00:00.000 / 04:04.081, 1Gb)
 .. validate /workspace/fsh-generated/resources/QuestionnaireResponse-mii-exa-pro-wi-7-response      (00:00.004 / 04:04.085, 1Gb)
 .. /workspace/fsh-generated/resources/QuestionnaireResponse-mii-exa-pro-wi-7-response               (00:00.000 / 04:04.085, 1Gb)
     validating QuestionnaireResponse/mii-exa-pro-wi-7-response                                      (00:00.000 / 04:04.085, 1Gb)
 .. validate /workspace/fsh-generated/resources/SearchParameter-mii-sp-pro-observationdefinition-code (00:00.003 / 04:04.089, 1Gb)
 .. /workspace/fsh-generated/resources/SearchParameter-mii-sp-pro-observationdefinition-code         (00:00.000 / 04:04.089, 1Gb)
 .. validate /workspace/fsh-generated/resources/SearchParameter-mii-sp-pro-observationdefinition-health-correlation (00:00.000 / 04:04.089, 1Gb)
 .. /workspace/fsh-generated/resources/SearchParameter-mii-sp-pro-observationdefinition-health-correlation (00:00.000 / 04:04.089, 1Gb)
 .. validate /workspace/fsh-generated/resources/SearchParameter-mii-sp-pro-observationdefinition-interval-category (00:00.000 / 04:04.089, 1Gb)
 .. /workspace/fsh-generated/resources/SearchParameter-mii-sp-pro-observationdefinition-interval-category (00:00.000 / 04:04.089, 1Gb)
 .. validate /workspace/fsh-generated/resources/SearchParameter-mii-sp-pro-observationdefinition-permitted-datatype (00:00.000 / 04:04.089, 1Gb)
 .. /workspace/fsh-generated/resources/SearchParameter-mii-sp-pro-observationdefinition-permitted-datatype (00:00.000 / 04:04.090, 1Gb)
 .. validate /workspace/fsh-generated/resources/SearchParameter-mii-sp-pro-observationdefinition-preferred-report-name (00:00.000 / 04:04.090, 1Gb)
 .. /workspace/fsh-generated/resources/SearchParameter-mii-sp-pro-observationdefinition-preferred-report-name (00:00.000 / 04:04.090, 1Gb)
 .. validate /workspace/fsh-generated/resources/SearchParameter-mii-sp-pro-observationdefinition-unit (00:00.000 / 04:04.090, 1Gb)
 .. /workspace/fsh-generated/resources/SearchParameter-mii-sp-pro-observationdefinition-unit         (00:00.000 / 04:04.090, 1Gb)
 .. validate /workspace/fsh-generated/resources/SearchParameter-mii-sp-pro-questionnaire-capabilities (00:00.000 / 04:04.090, 1Gb)
 .. /workspace/fsh-generated/resources/SearchParameter-mii-sp-pro-questionnaire-capabilities         (00:00.000 / 04:04.090, 1Gb)
 .. validate /workspace/fsh-generated/resources/StructureDefinition-mii-ex-pro-questionnaire-capabilities (00:00.000 / 04:04.090, 1Gb)
 .. /workspace/fsh-generated/resources/StructureDefinition-mii-ex-pro-questionnaire-capabilities     (00:00.000 / 04:04.090, 1Gb)
 .. validate /workspace/fsh-generated/resources/StructureDefinition-mii-ex-pro-score-score-health-correlation (00:00.000 / 04:04.091, 1Gb)
 .. /workspace/fsh-generated/resources/StructureDefinition-mii-ex-pro-score-score-health-correlation (00:00.000 / 04:04.091, 1Gb)
 .. validate /workspace/fsh-generated/resources/StructureDefinition-mii-lm-pro                       (00:00.000 / 04:04.091, 1Gb)
 .. /workspace/fsh-generated/resources/StructureDefinition-mii-lm-pro                                (00:00.000 / 04:04.091, 1Gb)
 .. validate /workspace/fsh-generated/resources/StructureDefinition-mii-pr-pro-depression-t-score    (00:00.000 / 04:04.091, 1Gb)
 .. /workspace/fsh-generated/resources/StructureDefinition-mii-pr-pro-depression-t-score             (00:00.000 / 04:04.091, 1Gb)
 .. validate /workspace/fsh-generated/resources/StructureDefinition-mii-pr-pro-observation-bdi-ii    (00:00.000 / 04:04.091, 1Gb)
 .. /workspace/fsh-generated/resources/StructureDefinition-mii-pr-pro-observation-bdi-ii             (00:00.000 / 04:04.091, 1Gb)
 .. validate /workspace/fsh-generated/resources/StructureDefinition-mii-pr-pro-observation-eq5d5l-index (00:00.000 / 04:04.092, 1Gb)
 .. /workspace/fsh-generated/resources/StructureDefinition-mii-pr-pro-observation-eq5d5l-index       (00:00.000 / 04:04.092, 1Gb)
 .. validate /workspace/fsh-generated/resources/StructureDefinition-mii-pr-pro-observation-eq5d5l-profile (00:00.000 / 04:04.092, 1Gb)
 .. /workspace/fsh-generated/resources/StructureDefinition-mii-pr-pro-observation-eq5d5l-profile     (00:00.000 / 04:04.092, 1Gb)
 .. validate /workspace/fsh-generated/resources/StructureDefinition-mii-pr-pro-observation-eq5d5l-vas (00:00.000 / 04:04.092, 1Gb)
 .. /workspace/fsh-generated/resources/StructureDefinition-mii-pr-pro-observation-eq5d5l-vas         (00:00.000 / 04:04.092, 1Gb)
 .. validate /workspace/fsh-generated/resources/StructureDefinition-mii-pr-pro-observation-phq-15    (00:00.000 / 04:04.092, 1Gb)
 .. /workspace/fsh-generated/resources/StructureDefinition-mii-pr-pro-observation-phq-15             (00:00.000 / 04:04.092, 1Gb)
 .. validate /workspace/fsh-generated/resources/StructureDefinition-mii-pr-pro-observation-phq-9     (00:00.000 / 04:04.093, 1Gb)
 .. /workspace/fsh-generated/resources/StructureDefinition-mii-pr-pro-observation-phq-9              (00:00.000 / 04:04.093, 1Gb)
 .. validate /workspace/fsh-generated/resources/StructureDefinition-mii-pr-pro-observation-whodas12  (00:00.000 / 04:04.093, 1Gb)
 .. /workspace/fsh-generated/resources/StructureDefinition-mii-pr-pro-observation-whodas12           (00:00.000 / 04:04.093, 1Gb)
 .. validate /workspace/fsh-generated/resources/StructureDefinition-mii-pr-pro-promis-29-anxiety-tscore (00:00.000 / 04:04.093, 1Gb)
 .. /workspace/fsh-generated/resources/StructureDefinition-mii-pr-pro-promis-29-anxiety-tscore       (00:00.000 / 04:04.093, 1Gb)
 .. validate /workspace/fsh-generated/resources/StructureDefinition-mii-pr-pro-promis-29-depression-tscore (00:00.000 / 04:04.093, 1Gb)
 .. /workspace/fsh-generated/resources/StructureDefinition-mii-pr-pro-promis-29-depression-tscore    (00:00.000 / 04:04.094, 1Gb)
 .. validate /workspace/fsh-generated/resources/StructureDefinition-mii-pr-pro-promis-29-fatigue-tscore (00:00.000 / 04:04.094, 1Gb)
 .. /workspace/fsh-generated/resources/StructureDefinition-mii-pr-pro-promis-29-fatigue-tscore       (00:00.000 / 04:04.094, 1Gb)
 .. validate /workspace/fsh-generated/resources/StructureDefinition-mii-pr-pro-promis-29-pain-intensity (00:00.000 / 04:04.094, 1Gb)
 .. /workspace/fsh-generated/resources/StructureDefinition-mii-pr-pro-promis-29-pain-intensity       (00:00.000 / 04:04.094, 1Gb)
 .. validate /workspace/fsh-generated/resources/StructureDefinition-mii-pr-pro-promis-29-pain-interference-tscore (00:00.000 / 04:04.094, 1Gb)
 .. /workspace/fsh-generated/resources/StructureDefinition-mii-pr-pro-promis-29-pain-interference-tscore (00:00.000 / 04:04.094, 1Gb)
 .. validate /workspace/fsh-generated/resources/StructureDefinition-mii-pr-pro-promis-29-physical-function-tscore (00:00.000 / 04:04.095, 1Gb)
 .. /workspace/fsh-generated/resources/StructureDefinition-mii-pr-pro-promis-29-physical-function-tscore (00:00.000 / 04:04.095, 1Gb)
 .. validate /workspace/fsh-generated/resources/StructureDefinition-mii-pr-pro-promis-29-sleep-disturbance-tscore (00:00.000 / 04:04.095, 1Gb)
 .. /workspace/fsh-generated/resources/StructureDefinition-mii-pr-pro-promis-29-sleep-disturbance-tscore (00:00.000 / 04:04.095, 1Gb)
 .. validate /workspace/fsh-generated/resources/StructureDefinition-mii-pr-pro-promis-29-social-function-tscore (00:00.000 / 04:04.095, 1Gb)
 .. /workspace/fsh-generated/resources/StructureDefinition-mii-pr-pro-promis-29-social-function-tscore (00:00.000 / 04:04.095, 1Gb)
 .. validate /workspace/fsh-generated/resources/StructureDefinition-mii-pr-pro-promis-cognitive-function-sf4a-raw-score (00:00.000 / 04:04.095, 1Gb)
 .. /workspace/fsh-generated/resources/StructureDefinition-mii-pr-pro-promis-cognitive-function-sf4a-raw-score (00:00.000 / 04:04.095, 1Gb)
 .. validate /workspace/fsh-generated/resources/StructureDefinition-mii-pr-pro-promis-cognitive-function-sf4a-tscore (00:00.000 / 04:04.096, 1Gb)
 .. /workspace/fsh-generated/resources/StructureDefinition-mii-pr-pro-promis-cognitive-function-sf4a-tscore (00:00.000 / 04:04.096, 1Gb)
 .. validate /workspace/fsh-generated/resources/StructureDefinition-mii-pr-pro-promis-depression-sf4a-raw-score (00:00.000 / 04:04.096, 1Gb)
 .. /workspace/fsh-generated/resources/StructureDefinition-mii-pr-pro-promis-depression-sf4a-raw-score (00:00.000 / 04:04.096, 1Gb)
 .. validate /workspace/fsh-generated/resources/StructureDefinition-mii-pr-pro-questionnaire-response (00:00.000 / 04:04.096, 1Gb)
 .. /workspace/fsh-generated/resources/StructureDefinition-mii-pr-pro-questionnaire-response         (00:00.000 / 04:04.096, 1Gb)
 .. validate /workspace/fsh-generated/resources/StructureDefinition-mii-pr-pro-questionnaire         (00:00.000 / 04:04.096, 1Gb)
 .. /workspace/fsh-generated/resources/StructureDefinition-mii-pr-pro-questionnaire                  (00:00.000 / 04:04.097, 1Gb)
 .. validate /workspace/fsh-generated/resources/StructureDefinition-mii-pr-pro-score-blueprint       (00:00.000 / 04:04.097, 1Gb)
 .. /workspace/fsh-generated/resources/StructureDefinition-mii-pr-pro-score-blueprint                (00:00.000 / 04:04.097, 1Gb)
 .. validate /workspace/fsh-generated/resources/StructureDefinition-mii-pr-pro-score-instance        (00:00.000 / 04:04.097, 1Gb)
 .. /workspace/fsh-generated/resources/StructureDefinition-mii-pr-pro-score-instance                 (00:00.000 / 04:04.097, 1Gb)
 .. validate /workspace/fsh-generated/resources/ValueSet-mii-vs-pro-bdi-bdi2-long                    (00:00.000 / 04:04.097, 1Gb)
 .. /workspace/fsh-generated/resources/ValueSet-mii-vs-pro-bdi-bdi2-long                             (00:00.000 / 04:04.097, 1Gb)
 .. validate /workspace/fsh-generated/resources/ValueSet-mii-vs-pro-bdi-bdi2-short                   (00:00.000 / 04:04.097, 1Gb)
 .. /workspace/fsh-generated/resources/ValueSet-mii-vs-pro-bdi-bdi2-short                            (00:00.000 / 04:04.097, 1Gb)
 .. validate /workspace/fsh-generated/resources/ValueSet-mii-vs-pro-dass-21-answer-list              (00:00.000 / 04:04.098, 1Gb)
 .. /workspace/fsh-generated/resources/ValueSet-mii-vs-pro-dass-21-answer-list                       (00:00.000 / 04:04.098, 1Gb)
 .. validate /workspace/fsh-generated/resources/ValueSet-mii-vs-pro-eortc-qlq-c30-scale-4pt          (00:00.000 / 04:04.098, 1Gb)
 .. /workspace/fsh-generated/resources/ValueSet-mii-vs-pro-eortc-qlq-c30-scale-4pt                   (00:00.000 / 04:04.098, 1Gb)
 .. validate /workspace/fsh-generated/resources/ValueSet-mii-vs-pro-eortc-qlq-c30-scale-7pt          (00:00.000 / 04:04.098, 1Gb)
 .. /workspace/fsh-generated/resources/ValueSet-mii-vs-pro-eortc-qlq-c30-scale-7pt                   (00:00.000 / 04:04.098, 1Gb)
 .. validate /workspace/fsh-generated/resources/ValueSet-mii-vs-pro-eortc-qlq-c30-scale-role         (00:00.000 / 04:04.098, 1Gb)
 .. /workspace/fsh-generated/resources/ValueSet-mii-vs-pro-eortc-qlq-c30-scale-role                  (00:00.000 / 04:04.098, 1Gb)
 .. validate /workspace/fsh-generated/resources/ValueSet-mii-vs-pro-isr-z-answers                    (00:00.000 / 04:04.099, 1Gb)
 .. /workspace/fsh-generated/resources/ValueSet-mii-vs-pro-isr-z-answers                             (00:00.000 / 04:04.099, 1Gb)
 .. validate /workspace/fsh-generated/resources/ValueSet-mii-vs-pro-midos2-severity                  (00:00.000 / 04:04.099, 1Gb)
 .. /workspace/fsh-generated/resources/ValueSet-mii-vs-pro-midos2-severity                           (00:00.000 / 04:04.099, 1Gb)
 .. validate /workspace/fsh-generated/resources/ValueSet-mii-vs-pro-midos2-wellbeing                 (00:00.000 / 04:04.099, 1Gb)
 .. /workspace/fsh-generated/resources/ValueSet-mii-vs-pro-midos2-wellbeing                          (00:00.000 / 04:04.099, 1Gb)
 .. validate /workspace/fsh-generated/resources/ValueSet-mii-vs-pro-phq-15-answers                   (00:00.000 / 04:04.099, 1Gb)
 .. /workspace/fsh-generated/resources/ValueSet-mii-vs-pro-phq-15-answers                            (00:00.000 / 04:04.099, 1Gb)
 .. validate /workspace/fsh-generated/resources/ValueSet-mii-vs-pro-phq-9-answer-list-ll358-3        (00:00.000 / 04:04.099, 1Gb)
 .. /workspace/fsh-generated/resources/ValueSet-mii-vs-pro-phq-9-answer-list-ll358-3                 (00:00.000 / 04:04.100, 1Gb)
 .. validate /workspace/fsh-generated/resources/ValueSet-mii-vs-pro-phq-9-answer-list-ll359-1        (00:00.000 / 04:04.100, 1Gb)
 .. /workspace/fsh-generated/resources/ValueSet-mii-vs-pro-phq-9-answer-list-ll359-1                 (00:00.000 / 04:04.100, 1Gb)
 .. validate /workspace/fsh-generated/resources/ValueSet-mii-vs-pro-pro-ctcae-frequency-sexual       (00:00.000 / 04:04.100, 1Gb)
 .. /workspace/fsh-generated/resources/ValueSet-mii-vs-pro-pro-ctcae-frequency-sexual                (00:00.000 / 04:04.100, 1Gb)
 .. validate /workspace/fsh-generated/resources/ValueSet-mii-vs-pro-pro-ctcae-frequency              (00:00.000 / 04:04.100, 1Gb)
 .. /workspace/fsh-generated/resources/ValueSet-mii-vs-pro-pro-ctcae-frequency                       (00:00.000 / 04:04.100, 1Gb)
 .. validate /workspace/fsh-generated/resources/ValueSet-mii-vs-pro-pro-ctcae-interference           (00:00.000 / 04:04.100, 1Gb)
 .. /workspace/fsh-generated/resources/ValueSet-mii-vs-pro-pro-ctcae-interference                    (00:00.000 / 04:04.100, 1Gb)
 .. validate /workspace/fsh-generated/resources/ValueSet-mii-vs-pro-pro-ctcae-presence-na            (00:00.000 / 04:04.101, 1Gb)
 .. /workspace/fsh-generated/resources/ValueSet-mii-vs-pro-pro-ctcae-presence-na                     (00:00.000 / 04:04.101, 1Gb)
 .. validate /workspace/fsh-generated/resources/ValueSet-mii-vs-pro-pro-ctcae-presence-sexual        (00:00.000 / 04:04.101, 1Gb)
 .. /workspace/fsh-generated/resources/ValueSet-mii-vs-pro-pro-ctcae-presence-sexual                 (00:00.000 / 04:04.101, 1Gb)
 .. validate /workspace/fsh-generated/resources/ValueSet-mii-vs-pro-pro-ctcae-presence               (00:00.000 / 04:04.101, 1Gb)
 .. /workspace/fsh-generated/resources/ValueSet-mii-vs-pro-pro-ctcae-presence                        (00:00.000 / 04:04.101, 1Gb)
 .. validate /workspace/fsh-generated/resources/ValueSet-mii-vs-pro-pro-ctcae-severity-radiation     (00:00.000 / 04:04.101, 1Gb)
 .. /workspace/fsh-generated/resources/ValueSet-mii-vs-pro-pro-ctcae-severity-radiation              (00:00.000 / 04:04.101, 1Gb)
 .. validate /workspace/fsh-generated/resources/ValueSet-mii-vs-pro-pro-ctcae-severity-sexual        (00:00.000 / 04:04.102, 1Gb)
 .. /workspace/fsh-generated/resources/ValueSet-mii-vs-pro-pro-ctcae-severity-sexual                 (00:00.000 / 04:04.102, 1Gb)
 .. validate /workspace/fsh-generated/resources/ValueSet-mii-vs-pro-pro-ctcae-severity               (00:00.000 / 04:04.102, 1Gb)
 .. /workspace/fsh-generated/resources/ValueSet-mii-vs-pro-pro-ctcae-severity                        (00:00.000 / 04:04.102, 1Gb)
 .. validate /workspace/fsh-generated/resources/ValueSet-mii-vs-pro-promis-frequency-response-scale  (00:00.000 / 04:04.102, 1Gb)
 .. /workspace/fsh-generated/resources/ValueSet-mii-vs-pro-promis-frequency-response-scale           (00:00.000 / 04:04.102, 1Gb)
 .. validate /workspace/fsh-generated/resources/ValueSet-mii-vs-pro-promis-intensity-response-scale  (00:00.000 / 04:04.102, 1Gb)
 .. /workspace/fsh-generated/resources/ValueSet-mii-vs-pro-promis-intensity-response-scale           (00:00.000 / 04:04.102, 1Gb)
 .. validate /workspace/fsh-generated/resources/ValueSet-mii-vs-pro-promis-physical-function-response-scale (00:00.000 / 04:04.103, 1Gb)
 .. /workspace/fsh-generated/resources/ValueSet-mii-vs-pro-promis-physical-function-response-scale   (00:00.000 / 04:04.103, 1Gb)
 .. validate /workspace/fsh-generated/resources/ValueSet-mii-vs-pro-ssd-12-answers                   (00:00.000 / 04:04.103, 1Gb)
 .. /workspace/fsh-generated/resources/ValueSet-mii-vs-pro-ssd-12-answers                            (00:00.000 / 04:04.103, 1Gb)
 .. validate /workspace/fsh-generated/resources/ValueSet-mii-vs-pro-whodas-12-answer-list            (00:00.000 / 04:04.103, 1Gb)
 .. /workspace/fsh-generated/resources/ValueSet-mii-vs-pro-whodas-12-answer-list                     (00:00.000 / 04:04.103, 1Gb)
 .. validate /workspace/input/resources/Parameters-expansion-manifest                                (00:00.000 / 04:04.103, 1Gb)
 .. /workspace/input/resources/Parameters-expansion-manifest                                         (00:00.000 / 04:04.103, 1Gb)
     validating Parameters/mii-param-pro-manifest                                                    (00:00.000 / 04:04.103, 1Gb)
 .. validate /workspace/input/includes                                                               (00:00.012 / 04:04.116, 1Gb)
 .. /workspace/input/includes                                                                        (00:00.000 / 04:04.116, 1Gb)
 .. validate /workspace/input/includes/menu                                                          (00:00.000 / 04:04.117, 1Gb)
 .. /workspace/input/includes/menu                                                                   (00:00.000 / 04:04.117, 1Gb)
 .. validate /workspace/fsh-generated/includes                                                       (00:00.000 / 04:04.117, 1Gb)
 .. /workspace/fsh-generated/includes                                                                (00:00.000 / 04:04.117, 1Gb)
 .. validate /workspace/fsh-generated/includes/fsh-link-references                                   (00:00.000 / 04:04.117, 1Gb)
 .. /workspace/fsh-generated/includes/fsh-link-references                                            (00:00.000 / 04:04.117, 1Gb)
 .. validate /workspace/input/intro-notes                                                            (00:00.000 / 04:04.118, 1Gb)
 .. /workspace/input/intro-notes                                                                     (00:00.000 / 04:04.118, 1Gb)
 .. validate /workspace/input/intro-notes/StructureDefinition-mii-pr-pro-score-instance-intro        (00:00.000 / 04:04.118, 1Gb)
 .. /workspace/input/intro-notes/StructureDefinition-mii-pr-pro-score-instance-intro                 (00:00.000 / 04:04.118, 1Gb)
 .. validate /workspace/input/intro-notes/StructureDefinition-mii-pr-pro-questionnaire-response-intro (00:00.000 / 04:04.118, 1Gb)
 .. /workspace/input/intro-notes/StructureDefinition-mii-pr-pro-questionnaire-response-intro         (00:00.000 / 04:04.118, 1Gb)
 .. validate /workspace/input/intro-notes/StructureDefinition-mii-pr-pro-questionnaire-intro         (00:00.000 / 04:04.118, 1Gb)
 .. /workspace/input/intro-notes/StructureDefinition-mii-pr-pro-questionnaire-intro                  (00:00.000 / 04:04.118, 1Gb)
 .. validate /workspace/input/intro-notes/StructureDefinition-mii-ex-pro-questionnaire-capabilities-intro (00:00.000 / 04:04.119, 1Gb)
 .. /workspace/input/intro-notes/StructureDefinition-mii-ex-pro-questionnaire-capabilities-intro     (00:00.000 / 04:04.119, 1Gb)
 .. validate /workspace/input/intro-notes/StructureDefinition-mii-pr-pro-score-blueprint-intro       (00:00.000 / 04:04.119, 1Gb)
 .. /workspace/input/intro-notes/StructureDefinition-mii-pr-pro-score-blueprint-intro                (00:00.000 / 04:04.119, 1Gb)
 .. validate /workspace/input/intro-notes/StructureDefinition-mii-ex-pro-score-score-health-correlation-intro (00:00.000 / 04:04.119, 1Gb)
 .. /workspace/input/intro-notes/StructureDefinition-mii-ex-pro-score-score-health-correlation-intro (00:00.000 / 04:04.119, 1Gb)
 .. validate /workspace/input/pagecontent                                                            (00:00.000 / 04:04.119, 1Gb)
 .. /workspace/input/pagecontent                                                                     (00:00.000 / 04:04.120, 1Gb)
 .. validate /workspace/input/pagecontent/project-context                                            (00:00.000 / 04:04.120, 1Gb)
 .. /workspace/input/pagecontent/project-context                                                     (00:00.000 / 04:04.120, 1Gb)
 .. validate /workspace/input/pagecontent/logical-models                                             (00:00.000 / 04:04.120, 1Gb)
 .. /workspace/input/pagecontent/logical-models                                                      (00:00.000 / 04:04.120, 1Gb)
 .. validate /workspace/input/pagecontent/domain-based-scoring                                       (00:00.000 / 04:04.120, 1Gb)
 .. /workspace/input/pagecontent/domain-based-scoring                                                (00:00.000 / 04:04.120, 1Gb)
 .. validate /workspace/input/pagecontent/examples                                                   (00:00.000 / 04:04.121, 1Gb)
 .. /workspace/input/pagecontent/examples                                                            (00:00.000 / 04:04.121, 1Gb)
 .. validate /workspace/input/pagecontent/workflows                                                  (00:00.000 / 04:04.121, 1Gb)
 .. /workspace/input/pagecontent/workflows                                                           (00:00.000 / 04:04.121, 1Gb)
 .. validate /workspace/input/pagecontent/value-sets                                                 (00:00.000 / 04:04.121, 1Gb)
 .. /workspace/input/pagecontent/value-sets                                                          (00:00.000 / 04:04.121, 1Gb)
 .. validate /workspace/input/pagecontent/midos2                                                     (00:00.000 / 04:04.121, 1Gb)
 .. /workspace/input/pagecontent/midos2                                                              (00:00.000 / 04:04.121, 1Gb)
 .. validate /workspace/input/pagecontent/eortc-qlq-c30-scoring                                      (00:00.000 / 04:04.122, 1Gb)
 .. /workspace/input/pagecontent/eortc-qlq-c30-scoring                                               (00:00.000 / 04:04.122, 1Gb)
 .. validate /workspace/input/pagecontent/uml-diagrams                                               (00:00.000 / 04:04.122, 1Gb)
 .. /workspace/input/pagecontent/uml-diagrams                                                        (00:00.000 / 04:04.122, 1Gb)
 .. validate /workspace/input/pagecontent/promis-29                                                  (00:00.000 / 04:04.122, 1Gb)
 .. /workspace/input/pagecontent/promis-29                                                           (00:00.000 / 04:04.122, 1Gb)
 .. validate /workspace/input/pagecontent/extensions                                                 (00:00.000 / 04:04.122, 1Gb)
 .. /workspace/input/pagecontent/extensions                                                          (00:00.000 / 04:04.122, 1Gb)
 .. validate /workspace/input/pagecontent/id-systematics                                             (00:00.000 / 04:04.123, 1Gb)
 .. /workspace/input/pagecontent/id-systematics                                                      (00:00.000 / 04:04.123, 1Gb)
 .. validate /workspace/input/pagecontent/terminology-strategies                                     (00:00.000 / 04:04.123, 1Gb)
 .. /workspace/input/pagecontent/terminology-strategies                                              (00:00.000 / 04:04.123, 1Gb)
 .. validate /workspace/input/pagecontent/promis-depression                                          (00:00.000 / 04:04.123, 1Gb)
 .. /workspace/input/pagecontent/promis-depression                                                   (00:00.000 / 04:04.123, 1Gb)
 .. validate /workspace/input/pagecontent/pro-library                                                (00:00.000 / 04:04.123, 1Gb)
 .. /workspace/input/pagecontent/pro-library                                                         (00:00.000 / 04:04.123, 1Gb)
 .. validate /workspace/input/pagecontent/cross-instrument-mappings                                  (00:00.000 / 04:04.124, 1Gb)
 .. /workspace/input/pagecontent/cross-instrument-mappings                                           (00:00.000 / 04:04.124, 1Gb)
 .. validate /workspace/input/pagecontent/profiles                                                   (00:00.000 / 04:04.124, 1Gb)
 .. /workspace/input/pagecontent/profiles                                                            (00:00.000 / 04:04.124, 1Gb)
 .. validate /workspace/input/pagecontent/derived-metrics                                            (00:00.000 / 04:04.124, 1Gb)
 .. /workspace/input/pagecontent/derived-metrics                                                     (00:00.000 / 04:04.124, 1Gb)
 .. validate /workspace/input/pagecontent/guidance                                                   (00:00.000 / 04:04.124, 1Gb)
 .. /workspace/input/pagecontent/guidance                                                            (00:00.000 / 04:04.124, 1Gb)
 .. validate /workspace/input/pagecontent/implementer-guidance                                       (00:00.000 / 04:04.125, 1Gb)
 .. /workspace/input/pagecontent/implementer-guidance                                                (00:00.000 / 04:04.125, 1Gb)
 .. validate /workspace/input/pagecontent/validation                                                 (00:00.000 / 04:04.125, 1Gb)
 .. /workspace/input/pagecontent/validation                                                          (00:00.000 / 04:04.125, 1Gb)
 .. validate /workspace/input/pagecontent/eq-5d-5l-scores                                            (00:00.000 / 04:04.125, 1Gb)
 .. /workspace/input/pagecontent/eq-5d-5l-scores                                                     (00:00.000 / 04:04.125, 1Gb)
 .. validate /workspace/input/pagecontent/promis-16                                                  (00:00.000 / 04:04.125, 1Gb)
 .. /workspace/input/pagecontent/promis-16                                                           (00:00.000 / 04:04.125, 1Gb)
 .. validate /workspace/input/pagecontent/isr-z                                                      (00:00.000 / 04:04.126, 1Gb)
 .. /workspace/input/pagecontent/isr-z                                                               (00:00.000 / 04:04.126, 1Gb)
 .. validate /workspace/input/pagecontent/ssd-12                                                     (00:00.000 / 04:04.126, 1Gb)
 .. /workspace/input/pagecontent/ssd-12                                                              (00:00.000 / 04:04.126, 1Gb)
 .. validate /workspace/input/pagecontent/security-and-privacy                                       (00:00.000 / 04:04.126, 1Gb)
 .. /workspace/input/pagecontent/security-and-privacy                                                (00:00.000 / 04:04.126, 1Gb)
 .. validate /workspace/input/pagecontent/module-description                                         (00:00.000 / 04:04.126, 1Gb)
 .. /workspace/input/pagecontent/module-description                                                  (00:00.000 / 04:04.126, 1Gb)
 .. validate /workspace/input/pagecontent/proms-onkologisches-basisscreening                         (00:00.000 / 04:04.127, 1Gb)
 .. /workspace/input/pagecontent/proms-onkologisches-basisscreening                                  (00:00.000 / 04:04.127, 1Gb)
 .. validate /workspace/input/pagecontent/search-parameters                                          (00:00.000 / 04:04.127, 1Gb)
 .. /workspace/input/pagecontent/search-parameters                                                   (00:00.000 / 04:04.127, 1Gb)
 .. validate /workspace/input/pagecontent/eq-5d-5l                                                   (00:00.000 / 04:04.127, 1Gb)
 .. /workspace/input/pagecontent/eq-5d-5l                                                            (00:00.000 / 04:04.127, 1Gb)
 .. validate /workspace/input/pagecontent/capability-statements                                      (00:00.000 / 04:04.127, 1Gb)
 .. /workspace/input/pagecontent/capability-statements                                               (00:00.000 / 04:04.127, 1Gb)
 .. validate /workspace/input/pagecontent/promis                                                     (00:00.000 / 04:04.128, 1Gb)
 .. /workspace/input/pagecontent/promis                                                              (00:00.000 / 04:04.128, 1Gb)
 .. validate /workspace/input/pagecontent/minimal-reference-questionnaires                           (00:00.000 / 04:04.128, 1Gb)
 .. /workspace/input/pagecontent/minimal-reference-questionnaires                                    (00:00.000 / 04:04.128, 1Gb)
 .. validate /workspace/input/pagecontent/metadata                                                   (00:00.000 / 04:04.128, 1Gb)
 .. /workspace/input/pagecontent/metadata                                                            (00:00.000 / 04:04.128, 1Gb)
 .. validate /workspace/input/pagecontent/researcher-guidance                                        (00:00.000 / 04:04.128, 1Gb)
 .. /workspace/input/pagecontent/researcher-guidance                                                 (00:00.000 / 04:04.128, 1Gb)
 .. validate /workspace/input/pagecontent/datasets-and-descriptions                                  (00:00.000 / 04:04.128, 1Gb)
 .. /workspace/input/pagecontent/datasets-and-descriptions                                           (00:00.000 / 04:04.129, 1Gb)
 .. validate /workspace/input/pagecontent/references                                                 (00:00.000 / 04:04.129, 1Gb)
 .. /workspace/input/pagecontent/references                                                          (00:00.000 / 04:04.129, 1Gb)
 .. validate /workspace/input/pagecontent/dass-21                                                    (00:00.000 / 04:04.129, 1Gb)
 .. /workspace/input/pagecontent/dass-21                                                             (00:00.000 / 04:04.129, 1Gb)
 .. validate /workspace/input/pagecontent/index                                                      (00:00.000 / 04:04.129, 1Gb)
 .. /workspace/input/pagecontent/index                                                               (00:00.000 / 04:04.129, 1Gb)
 .. validate /workspace/input/pagecontent/pc-ptsd                                                    (00:00.000 / 04:04.130, 1Gb)
 .. /workspace/input/pagecontent/pc-ptsd                                                             (00:00.000 / 04:04.130, 1Gb)
 .. validate /workspace/input/pagecontent/version-history                                            (00:00.000 / 04:04.130, 1Gb)
 .. /workspace/input/pagecontent/version-history                                                     (00:00.000 / 04:04.130, 1Gb)
 .. validate /workspace/input/pagecontent/translationinfo                                            (00:00.000 / 04:04.130, 1Gb)
 .. /workspace/input/pagecontent/translationinfo                                                     (00:00.000 / 04:04.130, 1Gb)
 .. validate /workspace/input/pagecontent/scoff                                                      (00:00.000 / 04:04.130, 1Gb)
 .. /workspace/input/pagecontent/scoff                                                               (00:00.000 / 04:04.130, 1Gb)
 .. validate /workspace/input/pagecontent/whodas                                                     (00:00.000 / 04:04.131, 1Gb)
 .. /workspace/input/pagecontent/whodas                                                              (00:00.000 / 04:04.131, 1Gb)
 .. validate /workspace/input/pagecontent/phq-9                                                      (00:00.000 / 04:04.131, 1Gb)
 .. /workspace/input/pagecontent/phq-9                                                               (00:00.000 / 04:04.131, 1Gb)
 .. validate /workspace/input/pagecontent/changes                                                    (00:00.000 / 04:04.131, 1Gb)
 .. /workspace/input/pagecontent/changes                                                             (00:00.000 / 04:04.131, 1Gb)
 .. validate /workspace/input/pagecontent/eortc-qlq-c30                                              (00:00.000 / 04:04.131, 1Gb)
 .. /workspace/input/pagecontent/eortc-qlq-c30                                                       (00:00.000 / 04:04.131, 1Gb)
 .. validate /workspace/input/pagecontent/pro-ctcae                                                  (00:00.000 / 04:04.131, 1Gb)
 .. /workspace/input/pagecontent/pro-ctcae                                                           (00:00.000 / 04:04.132, 1Gb)
 .. validate /workspace/input/pagecontent/phq-15                                                     (00:00.000 / 04:04.132, 1Gb)
 .. /workspace/input/pagecontent/phq-15                                                              (00:00.000 / 04:04.132, 1Gb)
 .. validate /workspace/input/pagecontent/questionnaire-capabilities                                 (00:00.000 / 04:04.132, 1Gb)
 .. /workspace/input/pagecontent/questionnaire-capabilities                                          (00:00.000 / 04:04.132, 1Gb)
 .. validate /workspace/input/pagecontent/ImplementationGuide-mii-ig-pro                             (00:00.000 / 04:04.132, 1Gb)
 .. /workspace/input/pagecontent/ImplementationGuide-mii-ig-pro                                      (00:00.000 / 04:04.132, 1Gb)
 .. validate /workspace/input/pagecontent/wi-7                                                       (00:00.000 / 04:04.132, 1Gb)
 .. /workspace/input/pagecontent/wi-7                                                                (00:00.000 / 04:04.132, 1Gb)
 .. validate /workspace/input/pagecontent/downloads                                                  (00:00.000 / 04:04.133, 1Gb)
 .. /workspace/input/pagecontent/downloads                                                           (00:00.000 / 04:04.133, 1Gb)
 .. validate /workspace/input/pagecontent/technical-implementation                                   (00:00.000 / 04:04.133, 1Gb)
 .. /workspace/input/pagecontent/technical-implementation                                            (00:00.000 / 04:04.133, 1Gb)
 .. validate /workspace/input/pagecontent/gad-7                                                      (00:00.000 / 04:04.133, 1Gb)
 .. /workspace/input/pagecontent/gad-7                                                               (00:00.000 / 04:04.133, 1Gb)
 .. validate /workspace/input/pagecontent/euronet-soma                                               (00:00.000 / 04:04.133, 1Gb)
 .. /workspace/input/pagecontent/euronet-soma                                                        (00:00.000 / 04:04.133, 1Gb)
 .. validate /workspace/input/pagecontent/cat                                                        (00:00.000 / 04:04.133, 1Gb)
 .. /workspace/input/pagecontent/cat                                                                 (00:00.000 / 04:04.134, 1Gb)
 .. validate /workspace/input/pagecontent/code-systems                                               (00:00.000 / 04:04.134, 1Gb)
 .. /workspace/input/pagecontent/code-systems                                                        (00:00.000 / 04:04.134, 1Gb)
 .. validate /workspace/input/pagecontent/use-cases                                                  (00:00.000 / 04:04.134, 1Gb)
 .. /workspace/input/pagecontent/use-cases                                                           (00:00.000 / 04:04.134, 1Gb)
 .. validate /workspace/input/pagecontent/domains                                                    (00:00.000 / 04:04.134, 1Gb)
 .. /workspace/input/pagecontent/domains                                                             (00:00.000 / 04:04.134, 1Gb)
 .. validate /workspace/input/pagecontent/bdi-ii                                                     (00:00.000 / 04:04.134, 1Gb)
 .. /workspace/input/pagecontent/bdi-ii                                                              (00:00.000 / 04:04.135, 1Gb)
 .. validate /workspace/input/pagecontent/scoring                                                    (00:00.000 / 04:04.135, 1Gb)
 .. /workspace/input/pagecontent/scoring                                                             (00:00.000 / 04:04.135, 1Gb)
 .. validate /workspace/input/intro-notes                                                            (00:00.000 / 04:04.135, 1Gb)
 .. /workspace/input/intro-notes                                                                     (00:00.000 / 04:04.135, 1Gb)
 .. validate /workspace/template/config                                                              (00:00.000 / 04:04.135, 1Gb)
 .. /workspace/template/config                                                                       (00:00.000 / 04:04.135, 1Gb)
 .. validate /workspace/template/config/_config                                                      (00:00.000 / 04:04.135, 1Gb)
 .. /workspace/template/config/_config                                                               (00:00.000 / 04:04.136, 1Gb)
 .. validate /workspace/input/images                                                                 (00:00.000 / 04:04.136, 1Gb)
 .. /workspace/input/images                                                                          (00:00.000 / 04:04.136, 1Gb)
 .. validate /workspace/input/images/Workflow_Capability-Echtzeit                                    (00:00.000 / 04:04.136, 1Gb)
 .. /workspace/input/images/Workflow_Capability-Echtzeit                                             (00:00.000 / 04:04.136, 1Gb)
 .. validate /workspace/input/images/Workflow_Score_Repraesentation                                  (00:00.000 / 04:04.136, 1Gb)
 .. /workspace/input/images/Workflow_Score_Repraesentation                                           (00:00.000 / 04:04.136, 1Gb)
 .. validate /workspace/input/images/PRO-Spannungsfeld                                               (00:00.000 / 04:04.136, 1Gb)
 .. /workspace/input/images/PRO-Spannungsfeld                                                        (00:00.000 / 04:04.137, 1Gb)
 .. validate /workspace/input/images/Workflow_Capability-Historisch                                  (00:00.000 / 04:04.137, 1Gb)
 .. /workspace/input/images/Workflow_Capability-Historisch                                           (00:00.000 / 04:04.137, 1Gb)
 .. validate /workspace/input/images/Mapping-depression-scales                                       (00:00.000 / 04:04.137, 1Gb)
 .. /workspace/input/images/Mapping-depression-scales                                                (00:00.000 / 04:04.137, 1Gb)
 .. validate /workspace/input/images/UseCase 1  ePRO Collection                                      (00:00.000 / 04:04.137, 1Gb)
 .. /workspace/input/images/UseCase 1  ePRO Collection                                               (00:00.000 / 04:04.137, 1Gb)
 .. validate /workspace/input/images/Workflow_Standard                                               (00:00.000 / 04:04.137, 1Gb)
 .. /workspace/input/images/Workflow_Standard                                                        (00:00.000 / 04:04.137, 1Gb)
 .. validate /workspace/input/images/out                                                             (00:00.000 / 04:04.138, 1Gb)
 .. /workspace/input/images/out                                                                      (00:00.000 / 04:04.138, 1Gb)
 .. validate /workspace/input/images/out/Logical_Model_UML_q-based copy                              (00:00.000 / 04:04.138, 1Gb)
 .. /workspace/input/images/out/Logical_Model_UML_q-based copy                                       (00:00.000 / 04:04.138, 1Gb)
 .. validate /workspace/input/images/out/Logical_Model_UML_q-based copy/MII_PROMs_Fragebögen         (00:00.000 / 04:04.138, 1Gb)
 .. /workspace/input/images/out/Logical_Model_UML_q-based copy/MII_PROMs_Fragebögen                  (00:00.000 / 04:04.138, 1Gb)
 .. validate /workspace/input/images/out/simple_process                                              (00:00.000 / 04:04.138, 1Gb)
 .. /workspace/input/images/out/simple_process                                                       (00:00.000 / 04:04.138, 1Gb)
 .. validate /workspace/input/images/out/simple_process/simple_process                               (00:00.000 / 04:04.138, 1Gb)
 .. /workspace/input/images/out/simple_process/simple_process                                        (00:00.000 / 04:04.139, 1Gb)
 .. validate /workspace/input/images/out/input                                                       (00:00.000 / 04:04.139, 1Gb)
 .. /workspace/input/images/out/input                                                                (00:00.000 / 04:04.139, 1Gb)
 .. validate /workspace/input/images/out/input/Images                                                (00:00.000 / 04:04.139, 1Gb)
 .. /workspace/input/images/out/input/Images                                                         (00:00.000 / 04:04.139, 1Gb)
 .. validate /workspace/input/images/out/input/Images/Logical_Model_UML_Score                        (00:00.000 / 04:04.139, 1Gb)
 .. /workspace/input/images/out/input/Images/Logical_Model_UML_Score                                 (00:00.000 / 04:04.139, 1Gb)
 .. validate /workspace/input/images/out/input/Images/Logical_Model_UML_Score/MII_PRO_Scores         (00:00.000 / 04:04.139, 1Gb)
 .. /workspace/input/images/out/input/Images/Logical_Model_UML_Score/MII_PRO_Scores                  (00:00.000 / 04:04.140, 1Gb)
 .. validate /workspace/input/images/out/input/Images/Logical_Model_UML_Score/MII_PROMs_Scores       (00:00.000 / 04:04.140, 1Gb)
 .. /workspace/input/images/out/input/Images/Logical_Model_UML_Score/MII_PROMs_Scores                (00:00.000 / 04:04.140, 1Gb)
 .. validate /workspace/input/images/out/input/Images/Logical_Model_UML_Score/MII_PROMs_Scores       (00:00.000 / 04:04.140, 1Gb)
 .. /workspace/input/images/out/input/Images/Logical_Model_UML_Score/MII_PROMs_Scores                (00:00.000 / 04:04.140, 1Gb)
 .. validate /workspace/input/images/out/input/Images/Logical_Model_UML_Score/MII_PRO_Scores         (00:00.000 / 04:04.140, 1Gb)
 .. /workspace/input/images/out/input/Images/Logical_Model_UML_Score/MII_PRO_Scores                  (00:00.000 / 04:04.140, 1Gb)
 .. validate /workspace/input/images/out/input/Images/Workflow_Capability-Echtzeit                   (00:00.000 / 04:04.140, 1Gb)
 .. /workspace/input/images/out/input/Images/Workflow_Capability-Echtzeit                            (00:00.000 / 04:04.141, 1Gb)
 .. validate /workspace/input/images/out/input/Images/Workflow_Capability-Echtzeit/Workflow_Capability-Echtzeit (00:00.000 / 04:04.141, 1Gb)
 .. /workspace/input/images/out/input/Images/Workflow_Capability-Echtzeit/Workflow_Capability-Echtzeit (00:00.000 / 04:04.141, 1Gb)
 .. validate /workspace/input/images/out/input/Images/Workflow_Capability-Echtzeit/Workflow_Capability-Echtzeit (00:00.000 / 04:04.141, 1Gb)
 .. /workspace/input/images/out/input/Images/Workflow_Capability-Echtzeit/Workflow_Capability-Echtzeit (00:00.000 / 04:04.141, 1Gb)
 .. validate /workspace/input/images/out/input/Images/Workflow_Score_Repraesentation                 (00:00.000 / 04:04.141, 1Gb)
 .. /workspace/input/images/out/input/Images/Workflow_Score_Repraesentation                          (00:00.000 / 04:04.141, 1Gb)
 .. validate /workspace/input/images/out/input/Images/Workflow_Score_Repraesentation/Workflow_Score_Repraesentation (00:00.000 / 04:04.142, 1Gb)
 .. /workspace/input/images/out/input/Images/Workflow_Score_Repraesentation/Workflow_Score_Repraesentation (00:00.000 / 04:04.142, 1Gb)
 .. validate /workspace/input/images/out/input/Images/Workflow_Score_Repraesentation/Workflow_Score_Repraesentation (00:00.000 / 04:04.142, 1Gb)
 .. /workspace/input/images/out/input/Images/Workflow_Score_Repraesentation/Workflow_Score_Repraesentation (00:00.000 / 04:04.142, 1Gb)
 .. validate /workspace/input/images/out/input/Images/Workflow_Domain_Mapping                        (00:00.000 / 04:04.142, 1Gb)
 .. /workspace/input/images/out/input/Images/Workflow_Domain_Mapping                                 (00:00.000 / 04:04.142, 1Gb)
 .. validate /workspace/input/images/out/input/Images/Workflow_Domain_Mapping/Workflow_Domain_Mapping (00:00.000 / 04:04.142, 1Gb)
 .. /workspace/input/images/out/input/Images/Workflow_Domain_Mapping/Workflow_Domain_Mapping         (00:00.000 / 04:04.142, 1Gb)
 .. validate /workspace/input/images/out/input/Images/Workflow_Domain_Mapping/Workflow_Domain_Mapping (00:00.000 / 04:04.143, 1Gb)
 .. /workspace/input/images/out/input/Images/Workflow_Domain_Mapping/Workflow_Domain_Mapping         (00:00.000 / 04:04.143, 1Gb)
 .. validate /workspace/input/images/out/input/Images/Logical_Model_UML_Questionnaire                (00:00.000 / 04:04.143, 1Gb)
 .. /workspace/input/images/out/input/Images/Logical_Model_UML_Questionnaire                         (00:00.000 / 04:04.143, 1Gb)
 .. validate /workspace/input/images/out/input/Images/Logical_Model_UML_Questionnaire/MII_PRO_Fragebögen (00:00.000 / 04:04.143, 1Gb)
 .. /workspace/input/images/out/input/Images/Logical_Model_UML_Questionnaire/MII_PRO_Fragebögen      (00:00.000 / 04:04.143, 1Gb)
 .. validate /workspace/input/images/out/input/Images/Logical_Model_UML_Questionnaire/MII_PRO_Fragebögen (00:00.000 / 04:04.143, 1Gb)
 .. /workspace/input/images/out/input/Images/Logical_Model_UML_Questionnaire/MII_PRO_Fragebögen      (00:00.000 / 04:04.144, 1Gb)
 .. validate /workspace/input/images/out/input/Images/Workflow_Standard                              (00:00.000 / 04:04.144, 1Gb)
 .. /workspace/input/images/out/input/Images/Workflow_Standard                                       (00:00.000 / 04:04.144, 1Gb)
 .. validate /workspace/input/images/out/input/Images/Workflow_Standard/Workflow_Standard            (00:00.000 / 04:04.144, 1Gb)
 .. /workspace/input/images/out/input/Images/Workflow_Standard/Workflow_Standard                     (00:00.000 / 04:04.144, 1Gb)
 .. validate /workspace/input/images/out/input/Images/Workflow_Standard/Workflow_Standard            (00:00.000 / 04:04.144, 1Gb)
 .. /workspace/input/images/out/input/Images/Workflow_Standard/Workflow_Standard                     (00:00.000 / 04:04.144, 1Gb)
 .. validate /workspace/input/images/out/input/Images/Workflow_Capability-Server                     (00:00.000 / 04:04.144, 1Gb)
 .. /workspace/input/images/out/input/Images/Workflow_Capability-Server                              (00:00.000 / 04:04.144, 1Gb)
 .. validate /workspace/input/images/out/input/Images/Workflow_Capability-Server/Workflow_Capability-Server (00:00.000 / 04:04.145, 1Gb)
 .. /workspace/input/images/out/input/Images/Workflow_Capability-Server/Workflow_Capability-Server   (00:00.000 / 04:04.145, 1Gb)
 .. validate /workspace/input/images/out/input/Images/Workflow_Capability-Server/Workflow_Capability-Server (00:00.000 / 04:04.145, 1Gb)
 .. /workspace/input/images/out/input/Images/Workflow_Capability-Server/Workflow_Capability-Server   (00:00.000 / 04:04.145, 1Gb)
 .. validate /workspace/input/images/out/input/Images/Workflow_Capability-Historisch                 (00:00.000 / 04:04.145, 1Gb)
 .. /workspace/input/images/out/input/Images/Workflow_Capability-Historisch                          (00:00.000 / 04:04.145, 1Gb)
 .. validate /workspace/input/images/out/input/Images/Workflow_Capability-Historisch/Workflow_Capability-Historisch (00:00.000 / 04:04.145, 1Gb)
 .. /workspace/input/images/out/input/Images/Workflow_Capability-Historisch/Workflow_Capability-Historisch (00:00.000 / 04:04.145, 1Gb)
 .. validate /workspace/input/images/out/input/Images/Workflow_Capability-Historisch/Workflow_Capability-Historisch (00:00.000 / 04:04.146, 1Gb)
 .. /workspace/input/images/out/input/Images/Workflow_Capability-Historisch/Workflow_Capability-Historisch (00:00.000 / 04:04.146, 1Gb)
 .. validate /workspace/input/images/out/input/Images/Logical_Model_UML_compact                      (00:00.000 / 04:04.146, 1Gb)
 .. /workspace/input/images/out/input/Images/Logical_Model_UML_compact                               (00:00.000 / 04:04.146, 1Gb)
 .. validate /workspace/input/images/out/input/Images/Logical_Model_UML_compact/MII_PRO_Informationsmodell_Compact (00:00.000 / 04:04.146, 1Gb)
 .. /workspace/input/images/out/input/Images/Logical_Model_UML_compact/MII_PRO_Informationsmodell_Compact (00:00.000 / 04:04.146, 1Gb)
 .. validate /workspace/input/images/out/input/Images/Logical_Model_UML_compact/MII_PRO_Informationsmodell_Compact (00:00.000 / 04:04.146, 1Gb)
 .. /workspace/input/images/out/input/Images/Logical_Model_UML_compact/MII_PRO_Informationsmodell_Compact (00:00.000 / 04:04.146, 1Gb)
 .. validate /workspace/input/images/out/input/Images/Logical_Model_UML_Questionnaire_Response       (00:00.000 / 04:04.147, 1Gb)
 .. /workspace/input/images/out/input/Images/Logical_Model_UML_Questionnaire_Response                (00:00.000 / 04:04.147, 1Gb)
 .. validate /workspace/input/images/out/input/Images/Logical_Model_UML_Questionnaire_Response/MII_PROMs_Fragebögen_ausgefüllt (00:00.000 / 04:04.147, 1Gb)
 .. /workspace/input/images/out/input/Images/Logical_Model_UML_Questionnaire_Response/MII_PROMs_Fragebögen_ausgefüllt (00:00.000 / 04:04.147, 1Gb)
 .. validate /workspace/input/images/out/input/Images/Logical_Model_UML_Questionnaire_Response/MII_PROMs_Fragebögen_ausgefüllt (00:00.000 / 04:04.147, 1Gb)
 .. /workspace/input/images/out/input/Images/Logical_Model_UML_Questionnaire_Response/MII_PROMs_Fragebögen_ausgefüllt (00:00.000 / 04:04.147, 1Gb)
 .. validate /workspace/input/images/out/input/Images/Logical_Model_UML_Domain                       (00:00.000 / 04:04.147, 1Gb)
 .. /workspace/input/images/out/input/Images/Logical_Model_UML_Domain                                (00:00.000 / 04:04.148, 1Gb)
 .. validate /workspace/input/images/out/input/Images/Logical_Model_UML_Domain/MII_PROMs_Domäne      (00:00.000 / 04:04.148, 1Gb)
 .. /workspace/input/images/out/input/Images/Logical_Model_UML_Domain/MII_PROMs_Domäne               (00:00.000 / 04:04.148, 1Gb)
 .. validate /workspace/input/images/out/input/Images/Logical_Model_UML_Domain/MII_PROMs_Domäne      (00:00.000 / 04:04.148, 1Gb)
 .. /workspace/input/images/out/input/Images/Logical_Model_UML_Domain/MII_PROMs_Domäne               (00:00.000 / 04:04.148, 1Gb)
 .. validate /workspace/input/images/out/input/Images/Logical_Model_UML_complete                     (00:00.000 / 04:04.148, 1Gb)
 .. /workspace/input/images/out/input/Images/Logical_Model_UML_complete                              (00:00.000 / 04:04.148, 1Gb)
 .. validate /workspace/input/images/out/input/Images/Logical_Model_UML_complete/MII_PRO_Informationsmodell_Complete (00:00.000 / 04:04.148, 1Gb)
 .. /workspace/input/images/out/input/Images/Logical_Model_UML_complete/MII_PRO_Informationsmodell_Complete (00:00.000 / 04:04.149, 1Gb)
 .. validate /workspace/input/images/out/input/Images/Logical_Model_UML_complete/MII_PRO_Informationsmodell_Complete (00:00.000 / 04:04.149, 1Gb)
 .. /workspace/input/images/out/input/Images/Logical_Model_UML_complete/MII_PRO_Informationsmodell_Complete (00:00.000 / 04:04.149, 1Gb)
 .. validate /workspace/input/images/out/simple_process_mapping                                      (00:00.000 / 04:04.149, 1Gb)
 .. /workspace/input/images/out/simple_process_mapping                                               (00:00.000 / 04:04.149, 1Gb)
 .. validate /workspace/input/images/out/simple_process_mapping/simple_process_mapping               (00:00.000 / 04:04.149, 1Gb)
 .. /workspace/input/images/out/simple_process_mapping/simple_process_mapping                        (00:00.000 / 04:04.149, 1Gb)
 .. validate /workspace/input/images/Logical_Model_UML_Questionnaire                                 (00:00.000 / 04:04.149, 1Gb)
 .. /workspace/input/images/Logical_Model_UML_Questionnaire                                          (00:00.000 / 04:04.150, 1Gb)
 .. validate /workspace/input/images/Workflow_Domain_Mapping                                         (00:00.000 / 04:04.150, 1Gb)
 .. /workspace/input/images/Workflow_Domain_Mapping                                                  (00:00.000 / 04:04.150, 1Gb)
 .. validate /workspace/input/images/MII_PRO_Informationsmodell_Compact                              (00:00.000 / 04:04.150, 1Gb)
 .. /workspace/input/images/MII_PRO_Informationsmodell_Compact                                       (00:00.000 / 04:04.150, 1Gb)
 .. validate /workspace/input/images/Workflow_Score_Repraesentation                                  (00:00.000 / 04:04.150, 1Gb)
 .. /workspace/input/images/Workflow_Score_Repraesentation                                           (00:00.000 / 04:04.150, 1Gb)
 .. validate /workspace/input/images/Sequence_Diagram_UseCase_3                                      (00:00.000 / 04:04.150, 1Gb)
 .. /workspace/input/images/Sequence_Diagram_UseCase_3                                               (00:00.000 / 04:04.150, 1Gb)
 .. validate /workspace/input/images/simple_process_mapping                                          (00:00.000 / 04:04.151, 1Gb)
 .. /workspace/input/images/simple_process_mapping                                                   (00:00.000 / 04:04.151, 1Gb)
 .. validate /workspace/input/images/Logical_Model_UML_compact                                       (00:00.000 / 04:04.151, 1Gb)
 .. /workspace/input/images/Logical_Model_UML_compact                                                (00:00.000 / 04:04.151, 1Gb)
 .. validate /workspace/input/images/Sequence_Diagram_UseCase_2                                      (00:00.000 / 04:04.151, 1Gb)
 .. /workspace/input/images/Sequence_Diagram_UseCase_2                                               (00:00.000 / 04:04.151, 1Gb)
 .. validate /workspace/input/images/MII_PROMs_Fragebögen_ausgefüllt                                 (00:00.000 / 04:04.151, 1Gb)
 .. /workspace/input/images/MII_PROMs_Fragebögen_ausgefüllt                                          (00:00.000 / 04:04.151, 1Gb)
 .. validate /workspace/input/images/MII-PRO-Terminologie-Vergleichsmatrix                           (00:00.000 / 04:04.152, 1Gb)
 .. /workspace/input/images/MII-PRO-Terminologie-Vergleichsmatrix                                    (00:00.000 / 04:04.152, 1Gb)
 .. validate /workspace/input/images/Logical_Model_UML_q-based copy                                  (00:00.000 / 04:04.152, 1Gb)
 .. /workspace/input/images/Logical_Model_UML_q-based copy                                           (00:00.000 / 04:04.152, 1Gb)
 .. validate /workspace/input/images/Workflow_Capability-Server                                      (00:00.000 / 04:04.152, 1Gb)
 .. /workspace/input/images/Workflow_Capability-Server                                               (00:00.000 / 04:04.152, 1Gb)
 .. validate /workspace/input/images/Abstract_Profiles                                               (00:00.000 / 04:04.152, 1Gb)
 .. /workspace/input/images/Abstract_Profiles                                                        (00:00.000 / 04:04.152, 1Gb)
 .. validate /workspace/input/images/MII-PRO-Terminologie-Entscheidungsbaum                          (00:00.000 / 04:04.152, 1Gb)
 .. /workspace/input/images/MII-PRO-Terminologie-Entscheidungsbaum                                   (00:00.000 / 04:04.153, 1Gb)
 .. validate /workspace/input/images/MII_PRO_Fragebögen                                              (00:00.000 / 04:04.153, 1Gb)
 .. /workspace/input/images/MII_PRO_Fragebögen                                                       (00:00.000 / 04:04.153, 1Gb)
 .. validate /workspace/input/images/MII_PROMs_Domäne                                                (00:00.000 / 04:04.153, 1Gb)
 .. /workspace/input/images/MII_PROMs_Domäne                                                         (00:00.000 / 04:04.153, 1Gb)
 .. validate /workspace/input/images/Sequence_Diagram_UseCase_1                                      (00:00.000 / 04:04.153, 1Gb)
 .. /workspace/input/images/Sequence_Diagram_UseCase_1                                               (00:00.000 / 04:04.153, 1Gb)
 .. validate /workspace/input/images/Workflow_Domain_Mapping                                         (00:00.000 / 04:04.154, 1Gb)
 .. /workspace/input/images/Workflow_Domain_Mapping                                                  (00:00.000 / 04:04.154, 1Gb)
 .. validate /workspace/input/images/UseCase 2  local harmonization                                  (00:00.000 / 04:04.154, 1Gb)
 .. /workspace/input/images/UseCase 2  local harmonization                                           (00:00.000 / 04:04.154, 1Gb)
 .. validate /workspace/input/images/qlq-domaenen                                                    (00:00.000 / 04:04.154, 1Gb)
 .. /workspace/input/images/qlq-domaenen                                                             (00:00.000 / 04:04.154, 1Gb)
 .. validate /workspace/input/images/IRT-Antwortwahrscheinlichkeiten                                 (00:00.000 / 04:04.154, 1Gb)
 .. /workspace/input/images/IRT-Antwortwahrscheinlichkeiten                                          (00:00.000 / 04:04.154, 1Gb)
 .. validate /workspace/input/images/Logical_Model_UML_Domain                                        (00:00.000 / 04:04.155, 1Gb)
 .. /workspace/input/images/Logical_Model_UML_Domain                                                 (00:00.000 / 04:04.155, 1Gb)
 .. validate /workspace/input/images/Workflow_Capability-Historisch                                  (00:00.000 / 04:04.155, 1Gb)
 .. /workspace/input/images/Workflow_Capability-Historisch                                           (00:00.000 / 04:04.155, 1Gb)
 .. validate /workspace/input/images/itembanking                                                     (00:00.000 / 04:04.155, 1Gb)
 .. /workspace/input/images/itembanking                                                              (00:00.000 / 04:04.155, 1Gb)
 .. validate /workspace/input/images/UseCase3  interhospital harmonization                           (00:00.000 / 04:04.155, 1Gb)
 .. /workspace/input/images/UseCase3  interhospital harmonization                                    (00:00.000 / 04:04.155, 1Gb)
 .. validate /workspace/input/images/Sequence_Diagram_UseCase_4                                      (00:00.000 / 04:04.156, 1Gb)
 .. /workspace/input/images/Sequence_Diagram_UseCase_4                                               (00:00.000 / 04:04.156, 1Gb)
 .. validate /workspace/input/images/Logical_Model_UML_Score                                         (00:00.000 / 04:04.156, 1Gb)
 .. /workspace/input/images/Logical_Model_UML_Score                                                  (00:00.000 / 04:04.156, 1Gb)
 .. validate /workspace/input/images/Workflow_Standard                                               (00:00.000 / 04:04.156, 1Gb)
 .. /workspace/input/images/Workflow_Standard                                                        (00:00.000 / 04:04.156, 1Gb)
 .. validate /workspace/input/images/Logical_Model_UML_examples                                      (00:00.000 / 04:04.156, 1Gb)
 .. /workspace/input/images/Logical_Model_UML_examples                                               (00:00.000 / 04:04.156, 1Gb)
 .. validate /workspace/input/images/Logical_Model_UML_complete                                      (00:00.000 / 04:04.156, 1Gb)
 .. /workspace/input/images/Logical_Model_UML_complete                                               (00:00.000 / 04:04.157, 1Gb)
 .. validate /workspace/input/images/Workflow_Capability-Echtzeit                                    (00:00.000 / 04:04.157, 1Gb)
 .. /workspace/input/images/Workflow_Capability-Echtzeit                                             (00:00.000 / 04:04.157, 1Gb)
 .. validate /workspace/input/images/Logical_Model_UML_Questionnaire_Response                        (00:00.000 / 04:04.157, 1Gb)
 .. /workspace/input/images/Logical_Model_UML_Questionnaire_Response                                 (00:00.000 / 04:04.157, 1Gb)
 .. validate /workspace/input/images/simple_process                                                  (00:00.000 / 04:04.157, 1Gb)
 .. /workspace/input/images/simple_process                                                           (00:00.000 / 04:04.157, 1Gb)
 .. validate /workspace/input/images/UseCase 4  cross-domain harmonization                           (00:00.000 / 04:04.157, 1Gb)
 .. /workspace/input/images/UseCase 4  cross-domain harmonization                                    (00:00.000 / 04:04.157, 1Gb)
 .. validate /workspace/input/images/Abstract_Profiles                                               (00:00.000 / 04:04.158, 1Gb)
 .. /workspace/input/images/Abstract_Profiles                                                        (00:00.000 / 04:04.158, 1Gb)
 .. validate /workspace/input/images/MII_PROMs_Scores                                                (00:00.000 / 04:04.158, 1Gb)
 .. /workspace/input/images/MII_PROMs_Scores                                                         (00:00.000 / 04:04.158, 1Gb)
 .. validate /workspace/input/images/MII-PRO-Terminologie-Vergleichsmatrix                           (00:00.000 / 04:04.158, 1Gb)
 .. /workspace/input/images/MII-PRO-Terminologie-Vergleichsmatrix                                    (00:00.000 / 04:04.158, 1Gb)
 .. validate /workspace/input/images/Workflow_Capability-Server                                      (00:00.000 / 04:04.158, 1Gb)
 .. /workspace/input/images/Workflow_Capability-Server                                               (00:00.000 / 04:04.158, 1Gb)
 .. check Profile Examples                                                                           (00:00.000 / 04:04.159, 1Gb)
gen narratives                                                                                       (00:00.000 / 04:04.159, 1Gb)
Processing Provenance Records                                                                        (00:00.019 / 04:04.179, 1Gb)
Generating Translation artifacts                                                                     (00:00.000 / 04:04.179, 1Gb)
Generating Outputs in /workspace/output                                                              (00:00.840 / 04:05.019, 1Gb)
Generate Native Outputs                                                                              (00:00.644 / 04:05.664, 1Gb)
Produce resources for ImplementationGuide/mii-ig-pro                                                 (00:00.000 / 04:05.664, 1Gb)
Produce resources for Bundle/mii-exa-pro-bdi-ii-bundle                                               (00:03.425 / 04:09.090, 1Gb)
Produce resources for Bundle/mii-exa-pro-eortc-qlq-c30-bundle                                        (00:02.181 / 04:11.271, 1Gb)
Produce resources for Bundle/mii-exa-pro-phq-9-bundle                                                (00:04.340 / 04:15.612, 1Gb)
Produce resources for Bundle/mii-exa-pro-promis-29-bundle                                            (00:01.726 / 04:17.339, 1Gb)
Produce resources for Bundle/mii-exa-pro-promis-depression-sf4a-bundle                               (00:02.279 / 04:19.618, 1Gb)
Produce resources for CapabilityStatement/mii-cps-pro-capabilitystatement                            (00:00.416 / 04:20.035, 1Gb)
Produce resources for CodeSystem/mii-cs-pro-bdi-bdi2                                                 (00:01.764 / 04:21.799, 1Gb)
Produce resources for CodeSystem/mii-cs-pro-dass-21                                                  (00:00.111 / 04:21.911, 1Gb)
Produce resources for CodeSystem/mii-cs-pro-eortc-qlq-c30                                            (00:00.335 / 04:22.246, 1Gb)
Produce resources for CodeSystem/mii-cs-pro-eq-5d-value-set                                          (00:00.170 / 04:22.417, 1Gb)
Produce resources for CodeSystem/mii-cs-pro-isr-z-answers                                            (00:00.570 / 04:22.988, 1Gb)
Produce resources for CodeSystem/mii-cs-pro-midos2                                                   (00:00.119 / 04:23.107, 1Gb)
Produce resources for CodeSystem/mii-cs-pro-phq-15-answers                                           (00:00.263 / 04:23.371, 1Gb)
Produce resources for CodeSystem/mii-cs-pro-pro-ctcae                                                (00:00.138 / 04:23.509, 1Gb)
Produce resources for CodeSystem/mii-cs-pro-questionnaire-catalogue                                  (00:02.850 / 04:26.360, 1Gb)
Produce resources for CodeSystem/mii-cs-pro-score-catalogue                                          (00:00.286 / 04:26.647, 1Gb)
Produce resources for CodeSystem/mii-cs-pro-ssd-12-answers                                           (00:00.444 / 04:27.092, 1Gb)
Produce resources for CodeSystem/mii-cs-pro-whodas-12                                                (00:00.118 / 04:27.210, 1Gb)
Produce resources for ConceptMap/mii-cm-pro-gad-7-linkids                                            (00:00.258 / 04:27.469, 1Gb)
Produce resources for ConceptMap/mii-cm-pro-phq-9-linkid-migration                                   (00:00.140 / 04:27.609, 1Gb)
Produce resources for Observation/mii-exa-pro-bdi-ii-observation                                     (00:00.178 / 04:27.788, 1Gb)
Produce resources for Observation/mii-exa-pro-dass-dass21-score-anxiety-equiv                        (00:00.056 / 04:27.844, 1Gb)
Produce resources for Observation/mii-exa-pro-dass-dass21-score-anxiety-raw                          (00:00.082 / 04:27.927, 1Gb)
Produce resources for Observation/mii-exa-pro-dass-dass21-score-depression-equiv                     (00:00.080 / 04:28.007, 1Gb)
Produce resources for Observation/mii-exa-pro-dass-dass21-score-depression-raw                       (00:00.085 / 04:28.093, 1Gb)
Produce resources for Observation/mii-exa-pro-dass-dass21-score-stress-equiv                         (00:00.085 / 04:28.178, 1Gb)
Produce resources for Observation/mii-exa-pro-dass-dass21-score-stress-raw                           (00:00.090 / 04:28.269, 1Gb)
Produce resources for Observation/mii-exa-pro-eortc-qlq-c30-observation-ap                           (00:00.084 / 04:28.353, 1Gb)
Produce resources for Observation/mii-exa-pro-eortc-qlq-c30-observation-cf                           (00:00.082 / 04:28.435, 1Gb)
Produce resources for Observation/mii-exa-pro-eortc-qlq-c30-observation-co                           (00:00.082 / 04:28.517, 1Gb)
Produce resources for Observation/mii-exa-pro-eortc-qlq-c30-observation-di                           (00:00.079 / 04:28.597, 1Gb)
Produce resources for Observation/mii-exa-pro-eortc-qlq-c30-observation-dy                           (00:00.084 / 04:28.682, 1Gb)
Produce resources for Observation/mii-exa-pro-eortc-qlq-c30-observation-ef                           (00:00.089 / 04:28.771, 1Gb)
Produce resources for Observation/mii-exa-pro-eortc-qlq-c30-observation-fa                           (00:00.090 / 04:28.862, 1Gb)
Produce resources for Observation/mii-exa-pro-eortc-qlq-c30-observation-fi                           (00:00.085 / 04:28.947, 1Gb)
Produce resources for Observation/mii-exa-pro-eortc-qlq-c30-observation-nv                           (00:00.100 / 04:29.048, 1Gb)
Produce resources for Observation/mii-exa-pro-eortc-qlq-c30-observation-pa                           (00:00.087 / 04:29.135, 1Gb)
Produce resources for Observation/mii-exa-pro-eortc-qlq-c30-observation-pf                           (00:00.082 / 04:29.217, 1Gb)
Produce resources for Observation/mii-exa-pro-eortc-qlq-c30-observation-ql                           (00:00.097 / 04:29.315, 1Gb)
Produce resources for Observation/mii-exa-pro-eortc-qlq-c30-observation-rf                           (00:00.088 / 04:29.403, 1Gb)
Produce resources for Observation/mii-exa-pro-eortc-qlq-c30-observation-sf                           (00:00.089 / 04:29.493, 1Gb)
Produce resources for Observation/mii-exa-pro-eortc-qlq-c30-observation-sl                           (00:00.086 / 04:29.580, 1Gb)
Produce resources for Observation/mii-exa-pro-gad-7-score                                            (00:00.088 / 04:29.669, 1Gb)
Produce resources for Observation/mii-exa-pro-isr-z-score                                            (00:00.084 / 04:29.753, 1Gb)
Produce resources for Observation/mii-exa-pro-pc-ptsd-score                                          (00:00.077 / 04:29.830, 1Gb)
Produce resources for Observation/mii-exa-pro-phq-15-observation                                     (00:00.077 / 04:29.907, 1Gb)
Produce resources for Observation/mii-exa-pro-phq-9-observation                                      (00:00.095 / 04:30.003, 1Gb)
Produce resources for Observation/mii-exa-pro-promis-depression-sf4a-raw-score                       (00:00.066 / 04:30.070, 1Gb)
Produce resources for Observation/mii-exa-pro-promis-depression-sf4a-tscore                          (00:00.086 / 04:30.156, 1Gb)
Produce resources for Observation/mii-exa-pro-promis-depression-tscore-from-bdi-ii-observation       (00:00.081 / 04:30.237, 1Gb)
Produce resources for Observation/mii-exa-pro-scoff-score                                            (00:00.062 / 04:30.299, 1Gb)
Produce resources for Observation/mii-exa-pro-ssd-12-score                                           (00:00.077 / 04:30.377, 1Gb)
Produce resources for Observation/mii-exa-pro-whodas12-score-simple-sum                              (00:00.078 / 04:30.455, 1Gb)
Produce resources for Observation/mii-exa-pro-wi-7-score                                             (00:00.087 / 04:30.542, 1Gb)
Produce resources for ObservationDefinition/mii-obsdef-pro-depression-t-score                        (00:00.076 / 04:30.619, 1Gb)
Produce resources for ObservationDefinition/mii-obsdef-pro-eortc-qlq-c30-ap                          (00:00.221 / 04:30.841, 1Gb)
Produce resources for ObservationDefinition/mii-obsdef-pro-eortc-qlq-c30-cf                          (00:00.065 / 04:30.906, 1Gb)
Produce resources for ObservationDefinition/mii-obsdef-pro-eortc-qlq-c30-co                          (00:00.065 / 04:30.972, 1Gb)
Produce resources for ObservationDefinition/mii-obsdef-pro-eortc-qlq-c30-di                          (00:00.066 / 04:31.038, 1Gb)
Produce resources for ObservationDefinition/mii-obsdef-pro-eortc-qlq-c30-dy                          (00:00.063 / 04:31.102, 1Gb)
Produce resources for ObservationDefinition/mii-obsdef-pro-eortc-qlq-c30-ef                          (00:00.064 / 04:31.167, 1Gb)
Produce resources for ObservationDefinition/mii-obsdef-pro-eortc-qlq-c30-fa                          (00:00.067 / 04:31.235, 1Gb)
Produce resources for ObservationDefinition/mii-obsdef-pro-eortc-qlq-c30-fi                          (00:00.068 / 04:31.303, 1Gb)
Produce resources for ObservationDefinition/mii-obsdef-pro-eortc-qlq-c30-nv                          (00:00.067 / 04:31.370, 1Gb)
Produce resources for ObservationDefinition/mii-obsdef-pro-eortc-qlq-c30-pa                          (00:00.066 / 04:31.437, 1Gb)
Produce resources for ObservationDefinition/mii-obsdef-pro-eortc-qlq-c30-pf                          (00:00.066 / 04:31.504, 1Gb)
Produce resources for ObservationDefinition/mii-obsdef-pro-eortc-qlq-c30-ql                          (00:00.073 / 04:31.578, 1Gb)
Produce resources for ObservationDefinition/mii-obsdef-pro-eortc-qlq-c30-rf                          (00:00.067 / 04:31.645, 1Gb)
Produce resources for ObservationDefinition/mii-obsdef-pro-eortc-qlq-c30-sf                          (00:00.067 / 04:31.713, 1Gb)
Produce resources for ObservationDefinition/mii-obsdef-pro-eortc-qlq-c30-sl                          (00:00.067 / 04:31.780, 1Gb)
Produce resources for ObservationDefinition/mii-obsdef-pro-promis-29-anxiety-tscore                  (00:00.067 / 04:31.847, 1Gb)
Produce resources for ObservationDefinition/mii-obsdef-pro-promis-29-depression-tscore               (00:00.108 / 04:31.955, 1Gb)
Produce resources for ObservationDefinition/mii-obsdef-pro-promis-29-fatigue-tscore                  (00:00.109 / 04:32.065, 1Gb)
Produce resources for ObservationDefinition/mii-obsdef-pro-promis-29-pain-intensity                  (00:00.109 / 04:32.175, 1Gb)
Produce resources for ObservationDefinition/mii-obsdef-pro-promis-29-pain-interference-tscore        (00:00.110 / 04:32.285, 1Gb)
Produce resources for ObservationDefinition/mii-obsdef-pro-promis-29-physical-function-tscore        (00:00.111 / 04:32.397, 1Gb)
Produce resources for ObservationDefinition/mii-obsdef-pro-promis-29-sleep-disturbance-tscore        (00:00.111 / 04:32.508, 1Gb)
Produce resources for ObservationDefinition/mii-obsdef-pro-promis-29-social-function-tscore          (00:00.109 / 04:32.617, 1Gb)
Produce resources for ObservationDefinition/mii-obsdef-pro-promis-cognitive-function-sf4a-raw-score  (00:00.114 / 04:32.732, 1Gb)
Produce resources for ObservationDefinition/mii-obsdef-pro-promis-cognitive-function-sf4a-tscore     (00:00.131 / 04:32.864, 1Gb)
Produce resources for ObservationDefinition/mii-obsdef-pro-score-bdi-ii                              (00:00.128 / 04:32.993, 1Gb)
Produce resources for ObservationDefinition/mii-obsdef-pro-score-dass21-anxiety-equiv                (00:00.105 / 04:33.099, 1Gb)
Produce resources for ObservationDefinition/mii-obsdef-pro-score-dass21-anxiety-raw                  (00:00.098 / 04:33.197, 1Gb)
Produce resources for ObservationDefinition/mii-obsdef-pro-score-dass21-depression-equiv             (00:00.093 / 04:33.291, 1Gb)
Produce resources for ObservationDefinition/mii-obsdef-pro-score-dass21-depression-raw               (00:00.101 / 04:33.392, 1Gb)
Produce resources for ObservationDefinition/mii-obsdef-pro-score-dass21-stress-equiv                 (00:00.103 / 04:33.495, 1Gb)
Produce resources for ObservationDefinition/mii-obsdef-pro-score-dass21-stress-raw                   (00:00.104 / 04:33.600, 1Gb)
Produce resources for ObservationDefinition/mii-obsdef-pro-score-eq5d5l-index                        (00:00.100 / 04:33.700, 1Gb)
Produce resources for ObservationDefinition/mii-obsdef-pro-score-eq5d5l-profile                      (00:00.104 / 04:33.805, 1Gb)
Produce resources for ObservationDefinition/mii-obsdef-pro-score-eq5d5l-vas                          (00:00.069 / 04:33.875, 1Gb)
Produce resources for ObservationDefinition/mii-obsdef-pro-score-gad-7                               (00:00.108 / 04:33.983, 1Gb)
Produce resources for ObservationDefinition/mii-obsdef-pro-score-isr-z                               (00:00.141 / 04:34.124, 1Gb)
Produce resources for ObservationDefinition/mii-obsdef-pro-score-pc-ptsd                             (00:00.093 / 04:34.218, 1Gb)
Produce resources for ObservationDefinition/mii-obsdef-pro-score-phq-15                              (00:00.109 / 04:34.328, 1Gb)
Produce resources for ObservationDefinition/mii-obsdef-pro-score-phq-9                               (00:00.145 / 04:34.473, 1Gb)
Produce resources for ObservationDefinition/mii-obsdef-pro-score-proctcae-acs                        (00:00.102 / 04:34.576, 1Gb)
Produce resources for ObservationDefinition/mii-obsdef-pro-score-proctcae-composite-grade            (00:00.099 / 04:34.675, 1Gb)
Produce resources for ObservationDefinition/mii-obsdef-pro-score-scoff                               (00:00.100 / 04:34.776, 1Gb)
Produce resources for ObservationDefinition/mii-obsdef-pro-score-ssd-12                              (00:00.113 / 04:34.890, 1Gb)
Produce resources for ObservationDefinition/mii-obsdef-pro-score-whodas12-simple-sum                 (00:00.095 / 04:34.985, 1Gb)
Produce resources for ObservationDefinition/mii-obsdef-pro-score-wi-7                                (00:00.104 / 04:35.089, 1Gb)
Produce resources for Patient/mii-exa-pro-patient                                                    (00:00.147 / 04:35.236, 1Gb)
Produce resources for Questionnaire/mii-qst-pro-bdi-bdi2                                             (00:00.024 / 04:35.261, 1Gb)
Produce resources for Questionnaire/mii-qst-pro-ces-d                                                (00:02.203 / 04:37.465, 1Gb)
Produce resources for Questionnaire/mii-qst-pro-dass-dass21                                          (00:00.341 / 04:37.806, 1Gb)
Produce resources for Questionnaire/mii-qst-pro-eortc-qlq-c30-variant-a                              (00:04.040 / 04:41.847, 1Gb)
Produce resources for Questionnaire/mii-qst-pro-eortc-qlq-c30-variant-b                              (00:04.092 / 04:45.939, 1Gb)
Produce resources for Questionnaire/mii-qst-pro-eortc-qlq-c30                                        (00:04.277 / 04:50.217, 1Gb)
Produce resources for Questionnaire/mii-qst-pro-epds                                                 (00:04.011 / 04:54.229, 1Gb)
Produce resources for Questionnaire/mii-qst-pro-euronet-soma                                         (00:00.325 / 04:54.554, 1Gb)
Produce resources for Questionnaire/mii-qst-pro-euroqol-eq5d5l-answer-coding                         (00:00.663 / 04:55.218, 1Gb)
Produce resources for Questionnaire/mii-qst-pro-euroqol-eq5d5l-collectable                           (00:01.213 / 04:56.431, 1Gb)
Produce resources for Questionnaire/mii-qst-pro-euroqol-eq5d5l-displayable                           (00:01.286 / 04:57.718, 1Gb)
Produce resources for Questionnaire/mii-qst-pro-euroqol-eq5d5l-minimal                               (00:01.384 / 04:59.103, 1Gb)
Produce resources for Questionnaire/mii-qst-pro-gad-7                                                (00:00.922 / 05:00.026, 1Gb)
Produce resources for Questionnaire/mii-qst-pro-hads                                                 (00:01.242 / 05:01.268, 1Gb)
Produce resources for Questionnaire/mii-qst-pro-isr-z                                                (00:00.335 / 05:01.603, 1Gb)
Produce resources for Questionnaire/mii-qst-pro-k6                                                   (00:00.618 / 05:02.222, 1Gb)
Produce resources for Questionnaire/mii-qst-pro-midos-midos2                                         (00:00.315 / 05:02.537, 1Gb)
Produce resources for Questionnaire/mii-qst-pro-pc-ptsd                                              (00:01.234 / 05:03.771, 1Gb)
Produce resources for Questionnaire/mii-qst-pro-phq-15                                               (00:00.780 / 05:04.552, 1Gb)
Produce resources for Questionnaire/mii-qst-pro-phq-9                                                (00:01.472 / 05:06.025, 1Gb)
Produce resources for Questionnaire/mii-qst-pro-pro-ctcae-breast-de                                  (00:01.745 / 05:07.771, 1Gb)
Produce resources for Questionnaire/mii-qst-pro-pro-ctcae-onkologisches-basisscreening               (00:03.974 / 05:11.745, 1Gb)
Produce resources for Questionnaire/mii-qst-pro-promis-16                                            (00:02.335 / 05:14.081, 1Gb)
Produce resources for Questionnaire/mii-qst-pro-promis-29-de                                         (00:01.898 / 05:15.979, 1Gb)
Produce resources for Questionnaire/mii-qst-pro-promis-29-minimal                                    (00:06.014 / 05:21.994, 1Gb)
Produce resources for Questionnaire/mii-qst-pro-promis-29                                            (00:01.066 / 05:23.060, 1Gb)
Produce resources for Questionnaire/mii-qst-pro-promis-cognitive-function-sf4a                       (00:06.235 / 05:29.296, 1Gb)
Produce resources for Questionnaire/mii-qst-pro-promis-depression-sf4a                               (00:01.259 / 05:30.556, 1Gb)
Produce resources for Questionnaire/mii-qst-pro-scoff                                                (00:01.059 / 05:31.615, 1Gb)
Produce resources for Questionnaire/mii-qst-pro-ssd-12                                               (00:00.952 / 05:32.568, 1Gb)
Produce resources for Questionnaire/mii-qst-pro-whodas-whodas12                                      (00:01.370 / 05:33.939, 1Gb)
Produce resources for Questionnaire/mii-qst-pro-wi-7                                                 (00:01.450 / 05:35.389, 1Gb)
Produce resources for QuestionnaireResponse/mii-exa-pro-bdi-bdi2                                     (00:01.152 / 05:36.542, 1Gb)
Produce resources for QuestionnaireResponse/mii-exa-pro-dass-dass21-response-01                      (00:01.425 / 05:37.967, 1Gb)
Produce resources for QuestionnaireResponse/mii-exa-pro-eortc-qlq-c30-response                       (00:01.725 / 05:39.692, 1Gb)
Produce resources for QuestionnaireResponse/mii-exa-pro-euronet-soma-response                        (00:01.897 / 05:41.589, 1Gb)
Produce resources for QuestionnaireResponse/mii-exa-pro-euroqol-eq5d5l-coded-response                (00:00.323 / 05:41.912, 1Gb)
Produce resources for QuestionnaireResponse/mii-exa-pro-euroqol-eq5d5l-response                      (00:00.637 / 05:42.550, 1Gb)
Produce resources for QuestionnaireResponse/mii-exa-pro-gad-7-response                               (00:00.626 / 05:43.176, 1Gb)
Produce resources for QuestionnaireResponse/mii-exa-pro-isr-z-response                               (00:00.647 / 05:43.823, 1Gb)
Produce resources for QuestionnaireResponse/mii-exa-pro-midos2-response-01                           (00:00.447 / 05:44.271, 1Gb)
Produce resources for QuestionnaireResponse/mii-exa-pro-pc-ptsd-response                             (00:00.955 / 05:45.227, 1Gb)
Produce resources for QuestionnaireResponse/mii-exa-pro-phq-15-response                              (00:00.486 / 05:45.713, 1Gb)
Produce resources for QuestionnaireResponse/mii-exa-pro-phq-9-response                               (00:01.171 / 05:46.885, 1Gb)
Produce resources for QuestionnaireResponse/mii-exa-pro-pro-ctcae-onkologisches-basisscreening-response-01 (00:00.801 / 05:47.686, 1Gb)
Produce resources for QuestionnaireResponse/mii-exa-pro-promis-29-de-response                        (00:02.086 / 05:49.773, 1Gb)
Produce resources for QuestionnaireResponse/mii-exa-pro-promis-29-response                           (00:03.299 / 05:53.072, 1Gb)
Produce resources for QuestionnaireResponse/mii-exa-pro-promis-depression-sf4a-response              (00:03.345 / 05:56.417, 1Gb)
Produce resources for QuestionnaireResponse/mii-exa-pro-scoff-response                               (00:00.539 / 05:56.957, 1Gb)
Produce resources for QuestionnaireResponse/mii-exa-pro-ssd-12-response                              (00:00.530 / 05:57.487, 1Gb)
Produce resources for QuestionnaireResponse/mii-exa-pro-whodas12-response-01                         (00:00.946 / 05:58.434, 1Gb)
Produce resources for QuestionnaireResponse/mii-exa-pro-wi-7-response                                (00:00.965 / 05:59.399, 1Gb)
Produce resources for SearchParameter/mii-sp-pro-observationdefinition-code                          (00:00.644 / 06:00.044, 1Gb)
Produce resources for SearchParameter/mii-sp-pro-observationdefinition-health-correlation            (00:00.091 / 06:00.135, 1Gb)
Produce resources for SearchParameter/mii-sp-pro-observationdefinition-interval-category             (00:00.111 / 06:00.247, 1Gb)
Produce resources for SearchParameter/mii-sp-pro-observationdefinition-permitted-datatype            (00:00.098 / 06:00.345, 1Gb)
Produce resources for SearchParameter/mii-sp-pro-observationdefinition-preferred-report-name         (00:00.095 / 06:00.441, 1Gb)
Produce resources for SearchParameter/mii-sp-pro-observationdefinition-unit                          (00:00.098 / 06:00.539, 1Gb)
Produce resources for SearchParameter/mii-sp-pro-questionnaire-capabilities                          (00:00.106 / 06:00.646, 1Gb)
Produce resources for StructureDefinition/mii-ex-pro-questionnaire-capabilities                      (00:00.110 / 06:00.757, 1Gb)
Produce resources for StructureDefinition/mii-ex-pro-score-score-health-correlation                  (00:03.111 / 06:03.868, 1Gb)
Produce resources for StructureDefinition/mii-lm-pro                                                 (00:01.151 / 06:05.020, 1Gb)
Produce resources for StructureDefinition/mii-pr-pro-depression-t-score                              (00:12.656 / 06:17.676, 1Gb)
Produce resources for StructureDefinition/mii-pr-pro-observation-bdi-ii                              (00:04.415 / 06:22.091, 1Gb)
Produce resources for StructureDefinition/mii-pr-pro-observation-eq5d5l-index                        (00:03.574 / 06:25.666, 1Gb)
Produce resources for StructureDefinition/mii-pr-pro-observation-eq5d5l-profile                      (00:03.874 / 06:29.540, 1Gb)
Produce resources for StructureDefinition/mii-pr-pro-observation-eq5d5l-vas                          (00:02.879 / 06:32.420, 1Gb)
Produce resources for StructureDefinition/mii-pr-pro-observation-phq-15                              (00:03.389 / 06:35.809, 1Gb)
Produce resources for StructureDefinition/mii-pr-pro-observation-phq-9                               (00:03.591 / 06:39.400, 1Gb)
Produce resources for StructureDefinition/mii-pr-pro-observation-whodas12                            (00:03.572 / 06:42.973, 1Gb)
Produce resources for StructureDefinition/mii-pr-pro-promis-29-anxiety-tscore                        (00:03.148 / 06:46.121, 1Gb)
Produce resources for StructureDefinition/mii-pr-pro-promis-29-depression-tscore                     (00:03.360 / 06:49.482, 1Gb)
Produce resources for StructureDefinition/mii-pr-pro-promis-29-fatigue-tscore                        (00:03.514 / 06:52.996, 1Gb)
Produce resources for StructureDefinition/mii-pr-pro-promis-29-pain-intensity                        (00:03.395 / 06:56.392, 1Gb)
Produce resources for StructureDefinition/mii-pr-pro-promis-29-pain-interference-tscore              (00:03.121 / 06:59.513, 1Gb)
Produce resources for StructureDefinition/mii-pr-pro-promis-29-physical-function-tscore              (00:02.828 / 07:02.342, 1Gb)
Produce resources for StructureDefinition/mii-pr-pro-promis-29-sleep-disturbance-tscore              (00:03.168 / 07:05.510, 1Gb)
Produce resources for StructureDefinition/mii-pr-pro-promis-29-social-function-tscore                (00:03.054 / 07:08.564, 1Gb)
Produce resources for StructureDefinition/mii-pr-pro-promis-cognitive-function-sf4a-raw-score        (00:02.960 / 07:11.524, 1Gb)
Produce resources for StructureDefinition/mii-pr-pro-promis-cognitive-function-sf4a-tscore           (00:03.641 / 07:15.166, 1Gb)
Produce resources for StructureDefinition/mii-pr-pro-promis-depression-sf4a-raw-score                (00:03.022 / 07:18.188, 1Gb)
Produce resources for StructureDefinition/mii-pr-pro-questionnaire-response                          (00:04.399 / 07:22.588, 1Gb)
Produce resources for StructureDefinition/mii-pr-pro-questionnaire                                   (00:01.305 / 07:23.894, 1Gb)
Produce resources for StructureDefinition/mii-pr-pro-score-blueprint                                 (00:03.775 / 07:27.669, 1Gb)
Produce resources for StructureDefinition/mii-pr-pro-score-instance                                  (00:04.078 / 07:31.747, 1Gb)
Produce resources for ValueSet/mii-vs-pro-bdi-bdi2-long                                              (00:02.922 / 07:34.669, 1Gb)
Produce resources for ValueSet/mii-vs-pro-bdi-bdi2-short                                             (00:00.100 / 07:34.769, 1Gb)
Produce resources for ValueSet/mii-vs-pro-dass-21-answer-list                                        (00:00.075 / 07:34.845, 1Gb)
Produce resources for ValueSet/mii-vs-pro-eortc-qlq-c30-scale-4pt                                    (00:00.081 / 07:34.927, 1Gb)
Produce resources for ValueSet/mii-vs-pro-eortc-qlq-c30-scale-7pt                                    (00:00.072 / 07:34.999, 1Gb)
Produce resources for ValueSet/mii-vs-pro-eortc-qlq-c30-scale-role                                   (00:00.091 / 07:35.091, 1Gb)
Produce resources for ValueSet/mii-vs-pro-isr-z-answers                                              (00:00.073 / 07:35.164, 1Gb)
Produce resources for ValueSet/mii-vs-pro-midos2-severity                                            (00:00.048 / 07:35.212, 1Gb)
Produce resources for ValueSet/mii-vs-pro-midos2-wellbeing                                           (00:00.075 / 07:35.288, 1Gb)
Produce resources for ValueSet/mii-vs-pro-phq-15-answers                                             (00:00.074 / 07:35.363, 1Gb)
Produce resources for ValueSet/mii-vs-pro-phq-9-answer-list-ll358-3                                  (00:00.051 / 07:35.414, 1Gb)
Produce resources for ValueSet/mii-vs-pro-phq-9-answer-list-ll359-1                                  (00:00.092 / 07:35.506, 1Gb)
Produce resources for ValueSet/mii-vs-pro-pro-ctcae-frequency-sexual                                 (00:00.085 / 07:35.592, 1Gb)
Produce resources for ValueSet/mii-vs-pro-pro-ctcae-frequency                                        (00:00.102 / 07:35.694, 1Gb)
Produce resources for ValueSet/mii-vs-pro-pro-ctcae-interference                                     (00:00.081 / 07:35.775, 1Gb)
Produce resources for ValueSet/mii-vs-pro-pro-ctcae-presence-na                                      (00:00.086 / 07:35.862, 1Gb)
Produce resources for ValueSet/mii-vs-pro-pro-ctcae-presence-sexual                                  (00:00.070 / 07:35.933, 1Gb)
Produce resources for ValueSet/mii-vs-pro-pro-ctcae-presence                                         (00:00.077 / 07:36.010, 1Gb)
Produce resources for ValueSet/mii-vs-pro-pro-ctcae-severity-radiation                               (00:00.060 / 07:36.071, 1Gb)
Produce resources for ValueSet/mii-vs-pro-pro-ctcae-severity-sexual                                  (00:00.089 / 07:36.161, 1Gb)
Produce resources for ValueSet/mii-vs-pro-pro-ctcae-severity                                         (00:00.130 / 07:36.291, 1Gb)
Produce resources for ValueSet/mii-vs-pro-promis-frequency-response-scale                            (00:00.081 / 07:36.372, 1Gb)
Produce resources for ValueSet/mii-vs-pro-promis-intensity-response-scale                            (00:00.082 / 07:36.455, 1Gb)
Produce resources for ValueSet/mii-vs-pro-promis-physical-function-response-scale                    (00:00.081 / 07:36.537, 1Gb)
Produce resources for ValueSet/mii-vs-pro-ssd-12-answers                                             (00:00.091 / 07:36.629, 1Gb)
Produce resources for ValueSet/mii-vs-pro-whodas-12-answer-list                                      (00:00.047 / 07:36.676, 1Gb)
Produce resources for Parameters/mii-param-pro-manifest                                              (00:00.100 / 07:36.777, 1Gb)
Run Template                                                                                         (00:02.505 / 07:39.282, 1Gb)
Template Done                                                                                        (00:02.834 / 07:42.117, 1Gb)
Generate HTML Outputs                                                                                (00:00.048 / 07:42.166, 1Gb)
Produce outputs for ImplementationGuide/mii-ig-pro                                                   (00:00.001 / 07:42.167, 1Gb)
Produce outputs for ImplementationGuide/mii-ig-pro                                                   (00:00.120 / 07:42.287, 1Gb)
Produce outputs for ImplementationGuide/mii-ig-pro                                                   (00:00.089 / 07:42.376, 1Gb)
Produce outputs for Bundle/mii-exa-pro-bdi-ii-bundle                                                 (00:00.088 / 07:42.465, 1Gb)
Produce outputs for Bundle/mii-exa-pro-bdi-ii-bundle                                                 (00:00.031 / 07:42.497, 1Gb)
Produce outputs for Bundle/mii-exa-pro-bdi-ii-bundle                                                 (00:00.029 / 07:42.526, 1Gb)
Produce outputs for Bundle/mii-exa-pro-eortc-qlq-c30-bundle                                          (00:00.021 / 07:42.548, 1Gb)
Produce outputs for Bundle/mii-exa-pro-eortc-qlq-c30-bundle                                          (00:00.053 / 07:42.602, 1Gb)
Produce outputs for Bundle/mii-exa-pro-eortc-qlq-c30-bundle                                          (00:00.039 / 07:42.641, 1Gb)
Produce outputs for Bundle/mii-exa-pro-phq-9-bundle                                                  (00:00.030 / 07:42.672, 1Gb)
Produce outputs for Bundle/mii-exa-pro-phq-9-bundle                                                  (00:00.018 / 07:42.690, 1Gb)
Produce outputs for Bundle/mii-exa-pro-phq-9-bundle                                                  (00:00.021 / 07:42.711, 1Gb)
Produce outputs for Bundle/mii-exa-pro-promis-29-bundle                                              (00:00.017 / 07:42.728, 1Gb)
Produce outputs for Bundle/mii-exa-pro-promis-29-bundle                                              (00:00.030 / 07:42.759, 1Gb)
Produce outputs for Bundle/mii-exa-pro-promis-29-bundle                                              (00:00.027 / 07:42.786, 1Gb)
Produce outputs for Bundle/mii-exa-pro-promis-depression-sf4a-bundle                                 (00:00.022 / 07:42.809, 1Gb)
Produce outputs for Bundle/mii-exa-pro-promis-depression-sf4a-bundle                                 (00:00.012 / 07:42.821, 1Gb)
Produce outputs for Bundle/mii-exa-pro-promis-depression-sf4a-bundle                                 (00:00.011 / 07:42.832, 1Gb)
Produce outputs for CapabilityStatement/mii-cps-pro-capabilitystatement                              (00:00.011 / 07:42.844, 1Gb)
Produce outputs for CapabilityStatement/mii-cps-pro-capabilitystatement                              (00:00.033 / 07:42.877, 1Gb)
Produce outputs for CapabilityStatement/mii-cps-pro-capabilitystatement                              (00:00.025 / 07:42.902, 1Gb)
Produce outputs for CodeSystem/mii-cs-pro-bdi-bdi2                                                   (00:00.021 / 07:42.924, 1Gb)
Produce outputs for CodeSystem/mii-cs-pro-bdi-bdi2                                                   (00:00.032 / 07:42.956, 1Gb)
Produce outputs for CodeSystem/mii-cs-pro-bdi-bdi2                                                   (00:00.024 / 07:42.981, 1Gb)
Produce outputs for CodeSystem/mii-cs-pro-dass-21                                                    (00:00.021 / 07:43.003, 1Gb)
Produce outputs for CodeSystem/mii-cs-pro-dass-21                                                    (00:00.022 / 07:43.025, 1Gb)
Produce outputs for CodeSystem/mii-cs-pro-dass-21                                                    (00:00.022 / 07:43.048, 1Gb)
Produce outputs for CodeSystem/mii-cs-pro-eortc-qlq-c30                                              (00:00.022 / 07:43.071, 1Gb)
Produce outputs for CodeSystem/mii-cs-pro-eortc-qlq-c30                                              (00:00.020 / 07:43.092, 1Gb)
Produce outputs for CodeSystem/mii-cs-pro-eortc-qlq-c30                                              (00:00.022 / 07:43.114, 1Gb)
Produce outputs for CodeSystem/mii-cs-pro-eq-5d-value-set                                            (00:00.021 / 07:43.136, 1Gb)
Produce outputs for CodeSystem/mii-cs-pro-eq-5d-value-set                                            (00:00.023 / 07:43.160, 1Gb)
Produce outputs for CodeSystem/mii-cs-pro-eq-5d-value-set                                            (00:00.023 / 07:43.183, 1Gb)
Produce outputs for CodeSystem/mii-cs-pro-isr-z-answers                                              (00:00.022 / 07:43.206, 1Gb)
Produce outputs for CodeSystem/mii-cs-pro-isr-z-answers                                              (00:00.019 / 07:43.226, 1Gb)
Produce outputs for CodeSystem/mii-cs-pro-isr-z-answers                                              (00:00.020 / 07:43.246, 1Gb)
Produce outputs for CodeSystem/mii-cs-pro-midos2                                                     (00:00.020 / 07:43.266, 1Gb)
Produce outputs for CodeSystem/mii-cs-pro-midos2                                                     (00:00.021 / 07:43.288, 1Gb)
Produce outputs for CodeSystem/mii-cs-pro-midos2                                                     (00:00.021 / 07:43.309, 1Gb)
Produce outputs for CodeSystem/mii-cs-pro-phq-15-answers                                             (00:00.018 / 07:43.328, 1Gb)
Produce outputs for CodeSystem/mii-cs-pro-phq-15-answers                                             (00:00.017 / 07:43.345, 1Gb)
Produce outputs for CodeSystem/mii-cs-pro-phq-15-answers                                             (00:00.020 / 07:43.366, 1Gb)
Produce outputs for CodeSystem/mii-cs-pro-pro-ctcae                                                  (00:00.018 / 07:43.384, 1Gb)
Produce outputs for CodeSystem/mii-cs-pro-pro-ctcae                                                  (00:00.043 / 07:43.427, 1Gb)
Produce outputs for CodeSystem/mii-cs-pro-pro-ctcae                                                  (00:00.036 / 07:43.463, 1Gb)
Produce outputs for CodeSystem/mii-cs-pro-questionnaire-catalogue                                    (00:00.034 / 07:43.497, 1Gb)
Produce outputs for CodeSystem/mii-cs-pro-questionnaire-catalogue                                    (00:00.018 / 07:43.516, 1Gb)
Produce outputs for CodeSystem/mii-cs-pro-questionnaire-catalogue                                    (00:00.019 / 07:43.536, 1Gb)
Produce outputs for CodeSystem/mii-cs-pro-score-catalogue                                            (00:00.018 / 07:43.554, 1Gb)
Produce outputs for CodeSystem/mii-cs-pro-score-catalogue                                            (00:00.022 / 07:43.577, 1Gb)
Produce outputs for CodeSystem/mii-cs-pro-score-catalogue                                            (00:00.020 / 07:43.598, 1Gb)
Produce outputs for CodeSystem/mii-cs-pro-ssd-12-answers                                             (00:00.021 / 07:43.619, 1Gb)
Produce outputs for CodeSystem/mii-cs-pro-ssd-12-answers                                             (00:00.017 / 07:43.636, 1Gb)
Produce outputs for CodeSystem/mii-cs-pro-ssd-12-answers                                             (00:00.017 / 07:43.654, 1Gb)
Produce outputs for CodeSystem/mii-cs-pro-whodas-12                                                  (00:00.016 / 07:43.670, 1Gb)
Produce outputs for CodeSystem/mii-cs-pro-whodas-12                                                  (00:00.017 / 07:43.688, 1Gb)
Produce outputs for CodeSystem/mii-cs-pro-whodas-12                                                  (00:00.017 / 07:43.706, 1Gb)
Produce outputs for ConceptMap/mii-cm-pro-gad-7-linkids                                              (00:00.018 / 07:43.725, 1Gb)
Produce outputs for ConceptMap/mii-cm-pro-gad-7-linkids                                              (00:00.015 / 07:43.741, 1Gb)
Produce outputs for ConceptMap/mii-cm-pro-gad-7-linkids                                              (00:00.014 / 07:43.755, 1Gb)
Produce outputs for ConceptMap/mii-cm-pro-phq-9-linkid-migration                                     (00:00.015 / 07:43.771, 1Gb)
Produce outputs for ConceptMap/mii-cm-pro-phq-9-linkid-migration                                     (00:00.015 / 07:43.786, 1Gb)
Produce outputs for ConceptMap/mii-cm-pro-phq-9-linkid-migration                                     (00:00.014 / 07:43.800, 1Gb)
Produce outputs for Observation/mii-exa-pro-bdi-ii-observation                                       (00:00.014 / 07:43.815, 1Gb)
Produce outputs for Observation/mii-exa-pro-bdi-ii-observation                                       (00:00.006 / 07:43.822, 1Gb)
Produce outputs for Observation/mii-exa-pro-bdi-ii-observation                                       (00:00.008 / 07:43.830, 1Gb)
Produce outputs for Observation/mii-exa-pro-dass-dass21-score-anxiety-equiv                          (00:00.007 / 07:43.837, 1Gb)
Produce outputs for Observation/mii-exa-pro-dass-dass21-score-anxiety-equiv                          (00:00.006 / 07:43.844, 1Gb)
Produce outputs for Observation/mii-exa-pro-dass-dass21-score-anxiety-equiv                          (00:00.008 / 07:43.853, 1Gb)
Produce outputs for Observation/mii-exa-pro-dass-dass21-score-anxiety-raw                            (00:00.007 / 07:43.860, 1Gb)
Produce outputs for Observation/mii-exa-pro-dass-dass21-score-anxiety-raw                            (00:00.006 / 07:43.866, 1Gb)
Produce outputs for Observation/mii-exa-pro-dass-dass21-score-anxiety-raw                            (00:00.008 / 07:43.875, 1Gb)
Produce outputs for Observation/mii-exa-pro-dass-dass21-score-depression-equiv                       (00:00.007 / 07:43.882, 1Gb)
Produce outputs for Observation/mii-exa-pro-dass-dass21-score-depression-equiv                       (00:00.005 / 07:43.888, 1Gb)
Produce outputs for Observation/mii-exa-pro-dass-dass21-score-depression-equiv                       (00:00.008 / 07:43.896, 1Gb)
Produce outputs for Observation/mii-exa-pro-dass-dass21-score-depression-raw                         (00:00.007 / 07:43.903, 1Gb)
Produce outputs for Observation/mii-exa-pro-dass-dass21-score-depression-raw                         (00:00.005 / 07:43.909, 1Gb)
Produce outputs for Observation/mii-exa-pro-dass-dass21-score-depression-raw                         (00:00.007 / 07:43.917, 1Gb)
Produce outputs for Observation/mii-exa-pro-dass-dass21-score-stress-equiv                           (00:00.007 / 07:43.925, 1Gb)
Produce outputs for Observation/mii-exa-pro-dass-dass21-score-stress-equiv                           (00:00.005 / 07:43.931, 1Gb)
Produce outputs for Observation/mii-exa-pro-dass-dass21-score-stress-equiv                           (00:00.008 / 07:43.939, 1Gb)
Produce outputs for Observation/mii-exa-pro-dass-dass21-score-stress-raw                             (00:00.007 / 07:43.946, 1Gb)
Produce outputs for Observation/mii-exa-pro-dass-dass21-score-stress-raw                             (00:00.005 / 07:43.952, 1Gb)
Produce outputs for Observation/mii-exa-pro-dass-dass21-score-stress-raw                             (00:00.008 / 07:43.960, 1Gb)
Produce outputs for Observation/mii-exa-pro-eortc-qlq-c30-observation-ap                             (00:00.007 / 07:43.968, 1Gb)
Produce outputs for Observation/mii-exa-pro-eortc-qlq-c30-observation-ap                             (00:00.006 / 07:43.974, 1Gb)
Produce outputs for Observation/mii-exa-pro-eortc-qlq-c30-observation-ap                             (00:00.008 / 07:43.983, 1Gb)
Produce outputs for Observation/mii-exa-pro-eortc-qlq-c30-observation-cf                             (00:00.007 / 07:43.990, 1Gb)
Produce outputs for Observation/mii-exa-pro-eortc-qlq-c30-observation-cf                             (00:00.007 / 07:43.997, 1Gb)
Produce outputs for Observation/mii-exa-pro-eortc-qlq-c30-observation-cf                             (00:00.008 / 07:44.006, 1Gb)
Produce outputs for Observation/mii-exa-pro-eortc-qlq-c30-observation-co                             (00:00.007 / 07:44.013, 1Gb)
Produce outputs for Observation/mii-exa-pro-eortc-qlq-c30-observation-co                             (00:00.006 / 07:44.019, 1Gb)
Produce outputs for Observation/mii-exa-pro-eortc-qlq-c30-observation-co                             (00:00.008 / 07:44.028, 1Gb)
Produce outputs for Observation/mii-exa-pro-eortc-qlq-c30-observation-di                             (00:00.007 / 07:44.036, 1Gb)
Produce outputs for Observation/mii-exa-pro-eortc-qlq-c30-observation-di                             (00:00.005 / 07:44.042, 1Gb)
Produce outputs for Observation/mii-exa-pro-eortc-qlq-c30-observation-di                             (00:00.008 / 07:44.050, 1Gb)
Produce outputs for Observation/mii-exa-pro-eortc-qlq-c30-observation-dy                             (00:00.007 / 07:44.058, 1Gb)
Produce outputs for Observation/mii-exa-pro-eortc-qlq-c30-observation-dy                             (00:00.006 / 07:44.064, 1Gb)
Produce outputs for Observation/mii-exa-pro-eortc-qlq-c30-observation-dy                             (00:00.008 / 07:44.072, 1Gb)
Produce outputs for Observation/mii-exa-pro-eortc-qlq-c30-observation-ef                             (00:00.007 / 07:44.080, 1Gb)
Produce outputs for Observation/mii-exa-pro-eortc-qlq-c30-observation-ef                             (00:00.005 / 07:44.086, 1Gb)
Produce outputs for Observation/mii-exa-pro-eortc-qlq-c30-observation-ef                             (00:00.008 / 07:44.095, 1Gb)
Produce outputs for Observation/mii-exa-pro-eortc-qlq-c30-observation-fa                             (00:00.007 / 07:44.102, 1Gb)
Produce outputs for Observation/mii-exa-pro-eortc-qlq-c30-observation-fa                             (00:00.005 / 07:44.108, 1Gb)
Produce outputs for Observation/mii-exa-pro-eortc-qlq-c30-observation-fa                             (00:00.008 / 07:44.116, 1Gb)
Produce outputs for Observation/mii-exa-pro-eortc-qlq-c30-observation-fi                             (00:00.007 / 07:44.123, 1Gb)
Produce outputs for Observation/mii-exa-pro-eortc-qlq-c30-observation-fi                             (00:00.006 / 07:44.129, 1Gb)
Produce outputs for Observation/mii-exa-pro-eortc-qlq-c30-observation-fi                             (00:00.008 / 07:44.137, 1Gb)
Produce outputs for Observation/mii-exa-pro-eortc-qlq-c30-observation-nv                             (00:00.007 / 07:44.145, 1Gb)
Produce outputs for Observation/mii-exa-pro-eortc-qlq-c30-observation-nv                             (00:00.005 / 07:44.151, 1Gb)
Produce outputs for Observation/mii-exa-pro-eortc-qlq-c30-observation-nv                             (00:00.007 / 07:44.158, 1Gb)
Produce outputs for Observation/mii-exa-pro-eortc-qlq-c30-observation-pa                             (00:00.007 / 07:44.166, 1Gb)
Produce outputs for Observation/mii-exa-pro-eortc-qlq-c30-observation-pa                             (00:00.005 / 07:44.171, 1Gb)
Produce outputs for Observation/mii-exa-pro-eortc-qlq-c30-observation-pa                             (00:00.010 / 07:44.182, 1Gb)
Produce outputs for Observation/mii-exa-pro-eortc-qlq-c30-observation-pf                             (00:00.007 / 07:44.189, 1Gb)
Produce outputs for Observation/mii-exa-pro-eortc-qlq-c30-observation-pf                             (00:00.006 / 07:44.195, 1Gb)
Produce outputs for Observation/mii-exa-pro-eortc-qlq-c30-observation-pf                             (00:00.008 / 07:44.204, 1Gb)
Produce outputs for Observation/mii-exa-pro-eortc-qlq-c30-observation-ql                             (00:00.007 / 07:44.211, 1Gb)
Produce outputs for Observation/mii-exa-pro-eortc-qlq-c30-observation-ql                             (00:00.005 / 07:44.216, 1Gb)
Produce outputs for Observation/mii-exa-pro-eortc-qlq-c30-observation-ql                             (00:00.008 / 07:44.225, 1Gb)
Produce outputs for Observation/mii-exa-pro-eortc-qlq-c30-observation-rf                             (00:00.007 / 07:44.232, 1Gb)
Produce outputs for Observation/mii-exa-pro-eortc-qlq-c30-observation-rf                             (00:00.006 / 07:44.238, 1Gb)
Produce outputs for Observation/mii-exa-pro-eortc-qlq-c30-observation-rf                             (00:00.008 / 07:44.247, 1Gb)
Produce outputs for Observation/mii-exa-pro-eortc-qlq-c30-observation-sf                             (00:00.007 / 07:44.254, 1Gb)
Produce outputs for Observation/mii-exa-pro-eortc-qlq-c30-observation-sf                             (00:00.006 / 07:44.260, 1Gb)
Produce outputs for Observation/mii-exa-pro-eortc-qlq-c30-observation-sf                             (00:00.008 / 07:44.268, 1Gb)
Produce outputs for Observation/mii-exa-pro-eortc-qlq-c30-observation-sl                             (00:00.007 / 07:44.276, 1Gb)
Produce outputs for Observation/mii-exa-pro-eortc-qlq-c30-observation-sl                             (00:00.007 / 07:44.283, 1Gb)
Produce outputs for Observation/mii-exa-pro-eortc-qlq-c30-observation-sl                             (00:00.007 / 07:44.291, 1Gb)
Produce outputs for Observation/mii-exa-pro-gad-7-score                                              (00:00.007 / 07:44.299, 1Gb)
Produce outputs for Observation/mii-exa-pro-gad-7-score                                              (00:00.005 / 07:44.304, 1Gb)
Produce outputs for Observation/mii-exa-pro-gad-7-score                                              (00:00.007 / 07:44.312, 1Gb)
Produce outputs for Observation/mii-exa-pro-isr-z-score                                              (00:00.007 / 07:44.320, 1Gb)
Produce outputs for Observation/mii-exa-pro-isr-z-score                                              (00:00.006 / 07:44.326, 1Gb)
Produce outputs for Observation/mii-exa-pro-isr-z-score                                              (00:00.008 / 07:44.334, 1Gb)
Produce outputs for Observation/mii-exa-pro-pc-ptsd-score                                            (00:00.007 / 07:44.341, 1Gb)
Produce outputs for Observation/mii-exa-pro-pc-ptsd-score                                            (00:00.006 / 07:44.348, 1Gb)
Produce outputs for Observation/mii-exa-pro-pc-ptsd-score                                            (00:00.008 / 07:44.356, 1Gb)
Produce outputs for Observation/mii-exa-pro-phq-15-observation                                       (00:00.008 / 07:44.364, 1Gb)
Produce outputs for Observation/mii-exa-pro-phq-15-observation                                       (00:00.005 / 07:44.370, 1Gb)
Produce outputs for Observation/mii-exa-pro-phq-15-observation                                       (00:00.008 / 07:44.378, 1Gb)
Produce outputs for Observation/mii-exa-pro-phq-9-observation                                        (00:00.007 / 07:44.385, 1Gb)
Produce outputs for Observation/mii-exa-pro-phq-9-observation                                        (00:00.005 / 07:44.391, 1Gb)
Produce outputs for Observation/mii-exa-pro-phq-9-observation                                        (00:00.007 / 07:44.398, 1Gb)
Produce outputs for Observation/mii-exa-pro-promis-depression-sf4a-raw-score                         (00:00.007 / 07:44.406, 1Gb)
Produce outputs for Observation/mii-exa-pro-promis-depression-sf4a-raw-score                         (00:00.006 / 07:44.412, 1Gb)
Produce outputs for Observation/mii-exa-pro-promis-depression-sf4a-raw-score                         (00:00.008 / 07:44.420, 1Gb)
Produce outputs for Observation/mii-exa-pro-promis-depression-sf4a-tscore                            (00:00.007 / 07:44.427, 1Gb)
Produce outputs for Observation/mii-exa-pro-promis-depression-sf4a-tscore                            (00:00.005 / 07:44.433, 1Gb)
Produce outputs for Observation/mii-exa-pro-promis-depression-sf4a-tscore                            (00:00.008 / 07:44.442, 1Gb)
Produce outputs for Observation/mii-exa-pro-promis-depression-tscore-from-bdi-ii-observation         (00:00.007 / 07:44.450, 1Gb)
Produce outputs for Observation/mii-exa-pro-promis-depression-tscore-from-bdi-ii-observation         (00:00.005 / 07:44.455, 1Gb)
Produce outputs for Observation/mii-exa-pro-promis-depression-tscore-from-bdi-ii-observation         (00:00.007 / 07:44.463, 1Gb)
Produce outputs for Observation/mii-exa-pro-scoff-score                                              (00:00.006 / 07:44.469, 1Gb)
Produce outputs for Observation/mii-exa-pro-scoff-score                                              (00:00.005 / 07:44.475, 1Gb)
Produce outputs for Observation/mii-exa-pro-scoff-score                                              (00:00.007 / 07:44.483, 1Gb)
Produce outputs for Observation/mii-exa-pro-ssd-12-score                                             (00:00.007 / 07:44.490, 1Gb)
Produce outputs for Observation/mii-exa-pro-ssd-12-score                                             (00:00.006 / 07:44.496, 1Gb)
Produce outputs for Observation/mii-exa-pro-ssd-12-score                                             (00:00.007 / 07:44.504, 1Gb)
Produce outputs for Observation/mii-exa-pro-whodas12-score-simple-sum                                (00:00.007 / 07:44.512, 1Gb)
Produce outputs for Observation/mii-exa-pro-whodas12-score-simple-sum                                (00:00.006 / 07:44.518, 1Gb)
Produce outputs for Observation/mii-exa-pro-whodas12-score-simple-sum                                (00:00.008 / 07:44.526, 1Gb)
Produce outputs for Observation/mii-exa-pro-wi-7-score                                               (00:00.007 / 07:44.534, 1Gb)
Produce outputs for Observation/mii-exa-pro-wi-7-score                                               (00:00.006 / 07:44.541, 1Gb)
Produce outputs for Observation/mii-exa-pro-wi-7-score                                               (00:00.007 / 07:44.549, 1Gb)
Produce outputs for ObservationDefinition/mii-obsdef-pro-depression-t-score                          (00:00.007 / 07:44.556, 1Gb)
Produce outputs for ObservationDefinition/mii-obsdef-pro-depression-t-score                          (00:00.009 / 07:44.566, 1Gb)
Produce outputs for ObservationDefinition/mii-obsdef-pro-depression-t-score                          (00:00.008 / 07:44.574, 1Gb)
Produce outputs for ObservationDefinition/mii-obsdef-pro-eortc-qlq-c30-ap                            (00:00.007 / 07:44.582, 1Gb)
Produce outputs for ObservationDefinition/mii-obsdef-pro-eortc-qlq-c30-ap                            (00:00.005 / 07:44.587, 1Gb)
Produce outputs for ObservationDefinition/mii-obsdef-pro-eortc-qlq-c30-ap                            (00:00.007 / 07:44.594, 1Gb)
Produce outputs for ObservationDefinition/mii-obsdef-pro-eortc-qlq-c30-cf                            (00:00.006 / 07:44.601, 1Gb)
Produce outputs for ObservationDefinition/mii-obsdef-pro-eortc-qlq-c30-cf                            (00:00.004 / 07:44.606, 1Gb)
Produce outputs for ObservationDefinition/mii-obsdef-pro-eortc-qlq-c30-cf                            (00:00.007 / 07:44.613, 1Gb)
Produce outputs for ObservationDefinition/mii-obsdef-pro-eortc-qlq-c30-co                            (00:00.006 / 07:44.619, 1Gb)
Produce outputs for ObservationDefinition/mii-obsdef-pro-eortc-qlq-c30-co                            (00:00.004 / 07:44.624, 1Gb)
Produce outputs for ObservationDefinition/mii-obsdef-pro-eortc-qlq-c30-co                            (00:00.006 / 07:44.631, 1Gb)
Produce outputs for ObservationDefinition/mii-obsdef-pro-eortc-qlq-c30-di                            (00:00.005 / 07:44.637, 1Gb)
Produce outputs for ObservationDefinition/mii-obsdef-pro-eortc-qlq-c30-di                            (00:00.004 / 07:44.641, 1Gb)
Produce outputs for ObservationDefinition/mii-obsdef-pro-eortc-qlq-c30-di                            (00:00.007 / 07:44.649, 1Gb)
Produce outputs for ObservationDefinition/mii-obsdef-pro-eortc-qlq-c30-dy                            (00:00.006 / 07:44.656, 1Gb)
Produce outputs for ObservationDefinition/mii-obsdef-pro-eortc-qlq-c30-dy                            (00:00.005 / 07:44.661, 1Gb)
Produce outputs for ObservationDefinition/mii-obsdef-pro-eortc-qlq-c30-dy                            (00:00.006 / 07:44.667, 1Gb)
Produce outputs for ObservationDefinition/mii-obsdef-pro-eortc-qlq-c30-ef                            (00:00.006 / 07:44.674, 1Gb)
Produce outputs for ObservationDefinition/mii-obsdef-pro-eortc-qlq-c30-ef                            (00:00.005 / 07:44.679, 1Gb)
Produce outputs for ObservationDefinition/mii-obsdef-pro-eortc-qlq-c30-ef                            (00:00.007 / 07:44.687, 1Gb)
Produce outputs for ObservationDefinition/mii-obsdef-pro-eortc-qlq-c30-fa                            (00:00.006 / 07:44.693, 1Gb)
Produce outputs for ObservationDefinition/mii-obsdef-pro-eortc-qlq-c30-fa                            (00:00.004 / 07:44.698, 1Gb)
Produce outputs for ObservationDefinition/mii-obsdef-pro-eortc-qlq-c30-fa                            (00:00.006 / 07:44.705, 1Gb)
Produce outputs for ObservationDefinition/mii-obsdef-pro-eortc-qlq-c30-fi                            (00:00.006 / 07:44.711, 1Gb)
Produce outputs for ObservationDefinition/mii-obsdef-pro-eortc-qlq-c30-fi                            (00:00.004 / 07:44.716, 1Gb)
Produce outputs for ObservationDefinition/mii-obsdef-pro-eortc-qlq-c30-fi                            (00:00.007 / 07:44.723, 1Gb)
Produce outputs for ObservationDefinition/mii-obsdef-pro-eortc-qlq-c30-nv                            (00:00.006 / 07:44.729, 1Gb)
Produce outputs for ObservationDefinition/mii-obsdef-pro-eortc-qlq-c30-nv                            (00:00.004 / 07:44.734, 1Gb)
Produce outputs for ObservationDefinition/mii-obsdef-pro-eortc-qlq-c30-nv                            (00:00.007 / 07:44.741, 1Gb)
Produce outputs for ObservationDefinition/mii-obsdef-pro-eortc-qlq-c30-pa                            (00:00.006 / 07:44.747, 1Gb)
Produce outputs for ObservationDefinition/mii-obsdef-pro-eortc-qlq-c30-pa                            (00:00.004 / 07:44.752, 1Gb)
Produce outputs for ObservationDefinition/mii-obsdef-pro-eortc-qlq-c30-pa                            (00:00.006 / 07:44.759, 1Gb)
Produce outputs for ObservationDefinition/mii-obsdef-pro-eortc-qlq-c30-pf                            (00:00.006 / 07:44.765, 1Gb)
Produce outputs for ObservationDefinition/mii-obsdef-pro-eortc-qlq-c30-pf                            (00:00.004 / 07:44.770, 1Gb)
Produce outputs for ObservationDefinition/mii-obsdef-pro-eortc-qlq-c30-pf                            (00:00.007 / 07:44.777, 1Gb)
Produce outputs for ObservationDefinition/mii-obsdef-pro-eortc-qlq-c30-ql                            (00:00.006 / 07:44.783, 1Gb)
Produce outputs for ObservationDefinition/mii-obsdef-pro-eortc-qlq-c30-ql                            (00:00.005 / 07:44.788, 1Gb)
Produce outputs for ObservationDefinition/mii-obsdef-pro-eortc-qlq-c30-ql                            (00:00.006 / 07:44.795, 1Gb)
Produce outputs for ObservationDefinition/mii-obsdef-pro-eortc-qlq-c30-rf                            (00:00.006 / 07:44.801, 1Gb)
Produce outputs for ObservationDefinition/mii-obsdef-pro-eortc-qlq-c30-rf                            (00:00.004 / 07:44.806, 1Gb)
Produce outputs for ObservationDefinition/mii-obsdef-pro-eortc-qlq-c30-rf                            (00:00.007 / 07:44.813, 1Gb)
Produce outputs for ObservationDefinition/mii-obsdef-pro-eortc-qlq-c30-sf                            (00:00.006 / 07:44.820, 1Gb)
Produce outputs for ObservationDefinition/mii-obsdef-pro-eortc-qlq-c30-sf                            (00:00.004 / 07:44.824, 1Gb)
Produce outputs for ObservationDefinition/mii-obsdef-pro-eortc-qlq-c30-sf                            (00:00.006 / 07:44.831, 1Gb)
Produce outputs for ObservationDefinition/mii-obsdef-pro-eortc-qlq-c30-sl                            (00:00.006 / 07:44.838, 1Gb)
Produce outputs for ObservationDefinition/mii-obsdef-pro-eortc-qlq-c30-sl                            (00:00.005 / 07:44.843, 1Gb)
Produce outputs for ObservationDefinition/mii-obsdef-pro-eortc-qlq-c30-sl                            (00:00.007 / 07:44.850, 1Gb)
Produce outputs for ObservationDefinition/mii-obsdef-pro-promis-29-anxiety-tscore                    (00:00.006 / 07:44.857, 1Gb)
Produce outputs for ObservationDefinition/mii-obsdef-pro-promis-29-anxiety-tscore                    (00:00.005 / 07:44.863, 1Gb)
Produce outputs for ObservationDefinition/mii-obsdef-pro-promis-29-anxiety-tscore                    (00:00.007 / 07:44.870, 1Gb)
Produce outputs for ObservationDefinition/mii-obsdef-pro-promis-29-depression-tscore                 (00:00.006 / 07:44.877, 1Gb)
Produce outputs for ObservationDefinition/mii-obsdef-pro-promis-29-depression-tscore                 (00:00.005 / 07:44.882, 1Gb)
Produce outputs for ObservationDefinition/mii-obsdef-pro-promis-29-depression-tscore                 (00:00.007 / 07:44.889, 1Gb)
Produce outputs for ObservationDefinition/mii-obsdef-pro-promis-29-fatigue-tscore                    (00:00.006 / 07:44.896, 1Gb)
Produce outputs for ObservationDefinition/mii-obsdef-pro-promis-29-fatigue-tscore                    (00:00.005 / 07:44.902, 1Gb)
Produce outputs for ObservationDefinition/mii-obsdef-pro-promis-29-fatigue-tscore                    (00:00.007 / 07:44.909, 1Gb)
Produce outputs for ObservationDefinition/mii-obsdef-pro-promis-29-pain-intensity                    (00:00.006 / 07:44.915, 1Gb)
Produce outputs for ObservationDefinition/mii-obsdef-pro-promis-29-pain-intensity                    (00:00.005 / 07:44.920, 1Gb)
Produce outputs for ObservationDefinition/mii-obsdef-pro-promis-29-pain-intensity                    (00:00.008 / 07:44.928, 1Gb)
Produce outputs for ObservationDefinition/mii-obsdef-pro-promis-29-pain-interference-tscore          (00:00.007 / 07:44.936, 1Gb)
Produce outputs for ObservationDefinition/mii-obsdef-pro-promis-29-pain-interference-tscore          (00:00.005 / 07:44.941, 1Gb)
Produce outputs for ObservationDefinition/mii-obsdef-pro-promis-29-pain-interference-tscore          (00:00.008 / 07:44.949, 1Gb)
Produce outputs for ObservationDefinition/mii-obsdef-pro-promis-29-physical-function-tscore          (00:00.006 / 07:44.956, 1Gb)
Produce outputs for ObservationDefinition/mii-obsdef-pro-promis-29-physical-function-tscore          (00:00.005 / 07:44.961, 1Gb)
Produce outputs for ObservationDefinition/mii-obsdef-pro-promis-29-physical-function-tscore          (00:00.007 / 07:44.969, 1Gb)
Produce outputs for ObservationDefinition/mii-obsdef-pro-promis-29-sleep-disturbance-tscore          (00:00.007 / 07:44.976, 1Gb)
Produce outputs for ObservationDefinition/mii-obsdef-pro-promis-29-sleep-disturbance-tscore          (00:00.005 / 07:44.982, 1Gb)
Produce outputs for ObservationDefinition/mii-obsdef-pro-promis-29-sleep-disturbance-tscore          (00:00.007 / 07:44.990, 1Gb)
Produce outputs for ObservationDefinition/mii-obsdef-pro-promis-29-social-function-tscore            (00:00.006 / 07:44.997, 1Gb)
Produce outputs for ObservationDefinition/mii-obsdef-pro-promis-29-social-function-tscore            (00:00.005 / 07:45.002, 1Gb)
Produce outputs for ObservationDefinition/mii-obsdef-pro-promis-29-social-function-tscore            (00:00.008 / 07:45.010, 1Gb)
Produce outputs for ObservationDefinition/mii-obsdef-pro-promis-cognitive-function-sf4a-raw-score    (00:00.006 / 07:45.017, 1Gb)
Produce outputs for ObservationDefinition/mii-obsdef-pro-promis-cognitive-function-sf4a-raw-score    (00:00.005 / 07:45.023, 1Gb)
Produce outputs for ObservationDefinition/mii-obsdef-pro-promis-cognitive-function-sf4a-raw-score    (00:00.008 / 07:45.031, 1Gb)
Produce outputs for ObservationDefinition/mii-obsdef-pro-promis-cognitive-function-sf4a-tscore       (00:00.019 / 07:45.050, 1Gb)
Produce outputs for ObservationDefinition/mii-obsdef-pro-promis-cognitive-function-sf4a-tscore       (00:00.006 / 07:45.056, 1Gb)
Produce outputs for ObservationDefinition/mii-obsdef-pro-promis-cognitive-function-sf4a-tscore       (00:00.007 / 07:45.064, 1Gb)
Produce outputs for ObservationDefinition/mii-obsdef-pro-score-bdi-ii                                (00:00.006 / 07:45.070, 1Gb)
Produce outputs for ObservationDefinition/mii-obsdef-pro-score-bdi-ii                                (00:00.005 / 07:45.075, 1Gb)
Produce outputs for ObservationDefinition/mii-obsdef-pro-score-bdi-ii                                (00:00.006 / 07:45.082, 1Gb)
Produce outputs for ObservationDefinition/mii-obsdef-pro-score-dass21-anxiety-equiv                  (00:00.006 / 07:45.088, 1Gb)
Produce outputs for ObservationDefinition/mii-obsdef-pro-score-dass21-anxiety-equiv                  (00:00.004 / 07:45.093, 1Gb)
Produce outputs for ObservationDefinition/mii-obsdef-pro-score-dass21-anxiety-equiv                  (00:00.007 / 07:45.101, 1Gb)
Produce outputs for ObservationDefinition/mii-obsdef-pro-score-dass21-anxiety-raw                    (00:00.006 / 07:45.107, 1Gb)
Produce outputs for ObservationDefinition/mii-obsdef-pro-score-dass21-anxiety-raw                    (00:00.004 / 07:45.112, 1Gb)
Produce outputs for ObservationDefinition/mii-obsdef-pro-score-dass21-anxiety-raw                    (00:00.007 / 07:45.120, 1Gb)
Produce outputs for ObservationDefinition/mii-obsdef-pro-score-dass21-depression-equiv               (00:00.007 / 07:45.127, 1Gb)
Produce outputs for ObservationDefinition/mii-obsdef-pro-score-dass21-depression-equiv               (00:00.005 / 07:45.132, 1Gb)
Produce outputs for ObservationDefinition/mii-obsdef-pro-score-dass21-depression-equiv               (00:00.007 / 07:45.140, 1Gb)
Produce outputs for ObservationDefinition/mii-obsdef-pro-score-dass21-depression-raw                 (00:00.007 / 07:45.148, 1Gb)
Produce outputs for ObservationDefinition/mii-obsdef-pro-score-dass21-depression-raw                 (00:00.006 / 07:45.154, 1Gb)
Produce outputs for ObservationDefinition/mii-obsdef-pro-score-dass21-depression-raw                 (00:00.007 / 07:45.162, 1Gb)
Produce outputs for ObservationDefinition/mii-obsdef-pro-score-dass21-stress-equiv                   (00:00.006 / 07:45.168, 1Gb)
Produce outputs for ObservationDefinition/mii-obsdef-pro-score-dass21-stress-equiv                   (00:00.005 / 07:45.174, 1Gb)
Produce outputs for ObservationDefinition/mii-obsdef-pro-score-dass21-stress-equiv                   (00:00.007 / 07:45.182, 1Gb)
Produce outputs for ObservationDefinition/mii-obsdef-pro-score-dass21-stress-raw                     (00:00.008 / 07:45.190, 1Gb)
Produce outputs for ObservationDefinition/mii-obsdef-pro-score-dass21-stress-raw                     (00:00.005 / 07:45.196, 1Gb)
Produce outputs for ObservationDefinition/mii-obsdef-pro-score-dass21-stress-raw                     (00:00.007 / 07:45.203, 1Gb)
Produce outputs for ObservationDefinition/mii-obsdef-pro-score-eq5d5l-index                          (00:00.006 / 07:45.210, 1Gb)
Produce outputs for ObservationDefinition/mii-obsdef-pro-score-eq5d5l-index                          (00:00.005 / 07:45.215, 1Gb)
Produce outputs for ObservationDefinition/mii-obsdef-pro-score-eq5d5l-index                          (00:00.006 / 07:45.222, 1Gb)
Produce outputs for ObservationDefinition/mii-obsdef-pro-score-eq5d5l-profile                        (00:00.006 / 07:45.229, 1Gb)
Produce outputs for ObservationDefinition/mii-obsdef-pro-score-eq5d5l-profile                        (00:00.004 / 07:45.234, 1Gb)
Produce outputs for ObservationDefinition/mii-obsdef-pro-score-eq5d5l-profile                        (00:00.007 / 07:45.241, 1Gb)
Produce outputs for ObservationDefinition/mii-obsdef-pro-score-eq5d5l-vas                            (00:00.007 / 07:45.248, 1Gb)
Produce outputs for ObservationDefinition/mii-obsdef-pro-score-eq5d5l-vas                            (00:00.004 / 07:45.253, 1Gb)
Produce outputs for ObservationDefinition/mii-obsdef-pro-score-eq5d5l-vas                            (00:00.007 / 07:45.260, 1Gb)
Produce outputs for ObservationDefinition/mii-obsdef-pro-score-gad-7                                 (00:00.006 / 07:45.267, 1Gb)
Produce outputs for ObservationDefinition/mii-obsdef-pro-score-gad-7                                 (00:00.005 / 07:45.272, 1Gb)
Produce outputs for ObservationDefinition/mii-obsdef-pro-score-gad-7                                 (00:00.007 / 07:45.280, 1Gb)
Produce outputs for ObservationDefinition/mii-obsdef-pro-score-isr-z                                 (00:00.006 / 07:45.286, 1Gb)
Produce outputs for ObservationDefinition/mii-obsdef-pro-score-isr-z                                 (00:00.005 / 07:45.291, 1Gb)
Produce outputs for ObservationDefinition/mii-obsdef-pro-score-isr-z                                 (00:00.006 / 07:45.298, 1Gb)
Produce outputs for ObservationDefinition/mii-obsdef-pro-score-pc-ptsd                               (00:00.006 / 07:45.305, 1Gb)
Produce outputs for ObservationDefinition/mii-obsdef-pro-score-pc-ptsd                               (00:00.005 / 07:45.310, 1Gb)
Produce outputs for ObservationDefinition/mii-obsdef-pro-score-pc-ptsd                               (00:00.007 / 07:45.317, 1Gb)
Produce outputs for ObservationDefinition/mii-obsdef-pro-score-phq-15                                (00:00.006 / 07:45.324, 1Gb)
Produce outputs for ObservationDefinition/mii-obsdef-pro-score-phq-15                                (00:00.005 / 07:45.330, 1Gb)
Produce outputs for ObservationDefinition/mii-obsdef-pro-score-phq-15                                (00:00.007 / 07:45.337, 1Gb)
Produce outputs for ObservationDefinition/mii-obsdef-pro-score-phq-9                                 (00:00.006 / 07:45.344, 1Gb)
Produce outputs for ObservationDefinition/mii-obsdef-pro-score-phq-9                                 (00:00.005 / 07:45.349, 1Gb)
Produce outputs for ObservationDefinition/mii-obsdef-pro-score-phq-9                                 (00:00.006 / 07:45.356, 1Gb)
Produce outputs for ObservationDefinition/mii-obsdef-pro-score-proctcae-acs                          (00:00.007 / 07:45.363, 1Gb)
Produce outputs for ObservationDefinition/mii-obsdef-pro-score-proctcae-acs                          (00:00.004 / 07:45.368, 1Gb)
Produce outputs for ObservationDefinition/mii-obsdef-pro-score-proctcae-acs                          (00:00.007 / 07:45.375, 1Gb)
Produce outputs for ObservationDefinition/mii-obsdef-pro-score-proctcae-composite-grade              (00:00.006 / 07:45.382, 1Gb)
Produce outputs for ObservationDefinition/mii-obsdef-pro-score-proctcae-composite-grade              (00:00.004 / 07:45.387, 1Gb)
Produce outputs for ObservationDefinition/mii-obsdef-pro-score-proctcae-composite-grade              (00:00.007 / 07:45.394, 1Gb)
Produce outputs for ObservationDefinition/mii-obsdef-pro-score-scoff                                 (00:00.006 / 07:45.400, 1Gb)
Produce outputs for ObservationDefinition/mii-obsdef-pro-score-scoff                                 (00:00.005 / 07:45.406, 1Gb)
Produce outputs for ObservationDefinition/mii-obsdef-pro-score-scoff                                 (00:00.007 / 07:45.414, 1Gb)
Produce outputs for ObservationDefinition/mii-obsdef-pro-score-ssd-12                                (00:00.006 / 07:45.421, 1Gb)
Produce outputs for ObservationDefinition/mii-obsdef-pro-score-ssd-12                                (00:00.005 / 07:45.427, 1Gb)
Produce outputs for ObservationDefinition/mii-obsdef-pro-score-ssd-12                                (00:00.007 / 07:45.434, 1Gb)
Produce outputs for ObservationDefinition/mii-obsdef-pro-score-whodas12-simple-sum                   (00:00.006 / 07:45.441, 1Gb)
Produce outputs for ObservationDefinition/mii-obsdef-pro-score-whodas12-simple-sum                   (00:00.005 / 07:45.447, 1Gb)
Produce outputs for ObservationDefinition/mii-obsdef-pro-score-whodas12-simple-sum                   (00:00.007 / 07:45.454, 1Gb)
Produce outputs for ObservationDefinition/mii-obsdef-pro-score-wi-7                                  (00:00.006 / 07:45.460, 1Gb)
Produce outputs for ObservationDefinition/mii-obsdef-pro-score-wi-7                                  (00:00.006 / 07:45.467, 1Gb)
Produce outputs for ObservationDefinition/mii-obsdef-pro-score-wi-7                                  (00:00.007 / 07:45.474, 1Gb)
Produce outputs for Patient/mii-exa-pro-patient                                                      (00:00.006 / 07:45.481, 1Gb)
Produce outputs for Patient/mii-exa-pro-patient                                                      (00:00.005 / 07:45.486, 1Gb)
Produce outputs for Patient/mii-exa-pro-patient                                                      (00:00.006 / 07:45.492, 1Gb)
Produce outputs for Questionnaire/mii-qst-pro-bdi-bdi2                                               (00:00.006 / 07:45.498, 1Gb)
Produce outputs for Questionnaire/mii-qst-pro-bdi-bdi2                                               (00:00.026 / 07:45.525, 1Gb)
Produce outputs for Questionnaire/mii-qst-pro-bdi-bdi2                                               (00:00.020 / 07:45.546, 1Gb)
Produce outputs for Questionnaire/mii-qst-pro-ces-d                                                  (00:00.021 / 07:45.568, 1Gb)
Produce outputs for Questionnaire/mii-qst-pro-ces-d                                                  (00:00.013 / 07:45.581, 1Gb)
Produce outputs for Questionnaire/mii-qst-pro-ces-d                                                  (00:00.013 / 07:45.595, 1Gb)
Produce outputs for Questionnaire/mii-qst-pro-dass-dass21                                            (00:00.014 / 07:45.609, 1Gb)
Produce outputs for Questionnaire/mii-qst-pro-dass-dass21                                            (00:00.033 / 07:45.643, 1Gb)
Produce outputs for Questionnaire/mii-qst-pro-dass-dass21                                            (00:00.026 / 07:45.669, 1Gb)
Produce outputs for Questionnaire/mii-qst-pro-eortc-qlq-c30-variant-a                                (00:00.035 / 07:45.704, 1Gb)
Produce outputs for Questionnaire/mii-qst-pro-eortc-qlq-c30-variant-a                                (00:00.030 / 07:45.735, 1Gb)
Produce outputs for Questionnaire/mii-qst-pro-eortc-qlq-c30-variant-a                                (00:00.027 / 07:45.763, 1Gb)
Produce outputs for Questionnaire/mii-qst-pro-eortc-qlq-c30-variant-b                                (00:00.036 / 07:45.799, 1Gb)
Produce outputs for Questionnaire/mii-qst-pro-eortc-qlq-c30-variant-b                                (00:00.143 / 07:45.942, 1Gb)
Produce outputs for Questionnaire/mii-qst-pro-eortc-qlq-c30-variant-b                                (00:00.075 / 07:46.017, 1Gb)
Produce outputs for Questionnaire/mii-qst-pro-eortc-qlq-c30                                          (00:00.073 / 07:46.091, 1Gb)
Produce outputs for Questionnaire/mii-qst-pro-eortc-qlq-c30                                          (00:00.085 / 07:46.177, 1Gb)
Produce outputs for Questionnaire/mii-qst-pro-eortc-qlq-c30                                          (00:00.103 / 07:46.280, 1Gb)
Produce outputs for Questionnaire/mii-qst-pro-epds                                                   (00:00.071 / 07:46.351, 1Gb)
Produce outputs for Questionnaire/mii-qst-pro-epds                                                   (00:00.013 / 07:46.365, 1Gb)
Produce outputs for Questionnaire/mii-qst-pro-epds                                                   (00:00.012 / 07:46.377, 1Gb)
Produce outputs for Questionnaire/mii-qst-pro-euronet-soma                                           (00:00.012 / 07:46.390, 1Gb)
Produce outputs for Questionnaire/mii-qst-pro-euronet-soma                                           (00:00.014 / 07:46.405, 1Gb)
Produce outputs for Questionnaire/mii-qst-pro-euronet-soma                                           (00:00.014 / 07:46.419, 1Gb)
Produce outputs for Questionnaire/mii-qst-pro-euroqol-eq5d5l-answer-coding                           (00:00.014 / 07:46.433, 1Gb)
Produce outputs for Questionnaire/mii-qst-pro-euroqol-eq5d5l-answer-coding                           (00:00.023 / 07:46.457, 1Gb)
Produce outputs for Questionnaire/mii-qst-pro-euroqol-eq5d5l-answer-coding                           (00:00.018 / 07:46.476, 1Gb)
Produce outputs for Questionnaire/mii-qst-pro-euroqol-eq5d5l-collectable                             (00:00.019 / 07:46.495, 1Gb)
Produce outputs for Questionnaire/mii-qst-pro-euroqol-eq5d5l-collectable                             (00:00.019 / 07:46.514, 1Gb)
Produce outputs for Questionnaire/mii-qst-pro-euroqol-eq5d5l-collectable                             (00:00.018 / 07:46.533, 1Gb)
Produce outputs for Questionnaire/mii-qst-pro-euroqol-eq5d5l-displayable                             (00:00.017 / 07:46.550, 1Gb)
Produce outputs for Questionnaire/mii-qst-pro-euroqol-eq5d5l-displayable                             (00:00.029 / 07:46.580, 1Gb)
Produce outputs for Questionnaire/mii-qst-pro-euroqol-eq5d5l-displayable                             (00:00.027 / 07:46.607, 1Gb)
Produce outputs for Questionnaire/mii-qst-pro-euroqol-eq5d5l-minimal                                 (00:00.025 / 07:46.633, 1Gb)
Produce outputs for Questionnaire/mii-qst-pro-euroqol-eq5d5l-minimal                                 (00:00.015 / 07:46.649, 1Gb)
Produce outputs for Questionnaire/mii-qst-pro-euroqol-eq5d5l-minimal                                 (00:00.015 / 07:46.664, 1Gb)
Produce outputs for Questionnaire/mii-qst-pro-gad-7                                                  (00:00.015 / 07:46.679, 1Gb)
Produce outputs for Questionnaire/mii-qst-pro-gad-7                                                  (00:00.019 / 07:46.698, 1Gb)
Produce outputs for Questionnaire/mii-qst-pro-gad-7                                                  (00:00.016 / 07:46.715, 1Gb)
Produce outputs for Questionnaire/mii-qst-pro-hads                                                   (00:00.016 / 07:46.731, 1Gb)
Produce outputs for Questionnaire/mii-qst-pro-hads                                                   (00:00.012 / 07:46.744, 1Gb)
Produce outputs for Questionnaire/mii-qst-pro-hads                                                   (00:00.011 / 07:46.755, 1Gb)
Produce outputs for Questionnaire/mii-qst-pro-isr-z                                                  (00:00.011 / 07:46.767, 1Gb)
Produce outputs for Questionnaire/mii-qst-pro-isr-z                                                  (00:00.014 / 07:46.782, 1Gb)
Produce outputs for Questionnaire/mii-qst-pro-isr-z                                                  (00:00.014 / 07:46.796, 1Gb)
Produce outputs for Questionnaire/mii-qst-pro-k6                                                     (00:00.014 / 07:46.811, 1Gb)
Produce outputs for Questionnaire/mii-qst-pro-k6                                                     (00:00.011 / 07:46.822, 1Gb)
Produce outputs for Questionnaire/mii-qst-pro-k6                                                     (00:00.010 / 07:46.833, 1Gb)
Produce outputs for Questionnaire/mii-qst-pro-midos-midos2                                           (00:00.011 / 07:46.844, 1Gb)
Produce outputs for Questionnaire/mii-qst-pro-midos-midos2                                           (00:00.018 / 07:46.863, 1Gb)
Produce outputs for Questionnaire/mii-qst-pro-midos-midos2                                           (00:00.016 / 07:46.879, 1Gb)
Produce outputs for Questionnaire/mii-qst-pro-pc-ptsd                                                (00:00.016 / 07:46.895, 1Gb)
Produce outputs for Questionnaire/mii-qst-pro-pc-ptsd                                                (00:00.015 / 07:46.911, 1Gb)
Produce outputs for Questionnaire/mii-qst-pro-pc-ptsd                                                (00:00.014 / 07:46.925, 1Gb)
Produce outputs for Questionnaire/mii-qst-pro-phq-15                                                 (00:00.015 / 07:46.940, 1Gb)
Produce outputs for Questionnaire/mii-qst-pro-phq-15                                                 (00:00.018 / 07:46.958, 1Gb)
Produce outputs for Questionnaire/mii-qst-pro-phq-15                                                 (00:00.017 / 07:46.976, 1Gb)
Produce outputs for Questionnaire/mii-qst-pro-phq-9                                                  (00:00.028 / 07:47.005, 1Gb)
Produce outputs for Questionnaire/mii-qst-pro-phq-9                                                  (00:00.022 / 07:47.027, 1Gb)
Produce outputs for Questionnaire/mii-qst-pro-phq-9                                                  (00:00.020 / 07:47.048, 1Gb)
Produce outputs for Questionnaire/mii-qst-pro-pro-ctcae-breast-de                                    (00:00.019 / 07:47.068, 1Gb)
Produce outputs for Questionnaire/mii-qst-pro-pro-ctcae-breast-de                                    (00:00.026 / 07:47.095, 1Gb)
Produce outputs for Questionnaire/mii-qst-pro-pro-ctcae-breast-de                                    (00:00.024 / 07:47.119, 1Gb)
Produce outputs for Questionnaire/mii-qst-pro-pro-ctcae-onkologisches-basisscreening                 (00:00.026 / 07:47.146, 1Gb)
Produce outputs for Questionnaire/mii-qst-pro-pro-ctcae-onkologisches-basisscreening                 (00:00.020 / 07:47.167, 1Gb)
Produce outputs for Questionnaire/mii-qst-pro-pro-ctcae-onkologisches-basisscreening                 (00:00.018 / 07:47.185, 1Gb)
Produce outputs for Questionnaire/mii-qst-pro-promis-16                                              (00:00.019 / 07:47.204, 1Gb)
Produce outputs for Questionnaire/mii-qst-pro-promis-16                                              (00:00.024 / 07:47.228, 1Gb)
Produce outputs for Questionnaire/mii-qst-pro-promis-16                                              (00:00.020 / 07:47.249, 1Gb)
Produce outputs for Questionnaire/mii-qst-pro-promis-29-de                                           (00:00.022 / 07:47.272, 1Gb)
Produce outputs for Questionnaire/mii-qst-pro-promis-29-de                                           (00:00.063 / 07:47.335, 1Gb)
Produce outputs for Questionnaire/mii-qst-pro-promis-29-de                                           (00:00.041 / 07:47.376, 1Gb)
Produce outputs for Questionnaire/mii-qst-pro-promis-29-minimal                                      (00:00.040 / 07:47.416, 1Gb)
Produce outputs for Questionnaire/mii-qst-pro-promis-29-minimal                                      (00:00.030 / 07:47.446, 1Gb)
Produce outputs for Questionnaire/mii-qst-pro-promis-29-minimal                                      (00:00.017 / 07:47.464, 1Gb)
Produce outputs for Questionnaire/mii-qst-pro-promis-29                                              (00:00.024 / 07:47.489, 1Gb)
Produce outputs for Questionnaire/mii-qst-pro-promis-29                                              (00:00.051 / 07:47.540, 1Gb)
Produce outputs for Questionnaire/mii-qst-pro-promis-29                                              (00:00.038 / 07:47.578, 1Gb)
Produce outputs for Questionnaire/mii-qst-pro-promis-cognitive-function-sf4a                         (00:00.037 / 07:47.616, 1Gb)
Produce outputs for Questionnaire/mii-qst-pro-promis-cognitive-function-sf4a                         (00:00.020 / 07:47.637, 1Gb)
Produce outputs for Questionnaire/mii-qst-pro-promis-cognitive-function-sf4a                         (00:00.017 / 07:47.654, 1Gb)
Produce outputs for Questionnaire/mii-qst-pro-promis-depression-sf4a                                 (00:00.016 / 07:47.671, 1Gb)
Produce outputs for Questionnaire/mii-qst-pro-promis-depression-sf4a                                 (00:00.016 / 07:47.687, 1Gb)
Produce outputs for Questionnaire/mii-qst-pro-promis-depression-sf4a                                 (00:00.014 / 07:47.702, 1Gb)
Produce outputs for Questionnaire/mii-qst-pro-scoff                                                  (00:00.015 / 07:47.717, 1Gb)
Produce outputs for Questionnaire/mii-qst-pro-scoff                                                  (00:00.015 / 07:47.732, 1Gb)
Produce outputs for Questionnaire/mii-qst-pro-scoff                                                  (00:00.015 / 07:47.747, 1Gb)
Produce outputs for Questionnaire/mii-qst-pro-ssd-12                                                 (00:00.015 / 07:47.763, 1Gb)
Produce outputs for Questionnaire/mii-qst-pro-ssd-12                                                 (00:00.019 / 07:47.783, 1Gb)
Produce outputs for Questionnaire/mii-qst-pro-ssd-12                                                 (00:00.015 / 07:47.798, 1Gb)
Produce outputs for Questionnaire/mii-qst-pro-whodas-whodas12                                        (00:00.015 / 07:47.813, 1Gb)
Produce outputs for Questionnaire/mii-qst-pro-whodas-whodas12                                        (00:00.018 / 07:47.832, 1Gb)
Produce outputs for Questionnaire/mii-qst-pro-whodas-whodas12                                        (00:00.016 / 07:47.848, 1Gb)
Produce outputs for Questionnaire/mii-qst-pro-wi-7                                                   (00:00.017 / 07:47.866, 1Gb)
Produce outputs for Questionnaire/mii-qst-pro-wi-7                                                   (00:00.017 / 07:47.883, 1Gb)
Produce outputs for Questionnaire/mii-qst-pro-wi-7                                                   (00:00.015 / 07:47.899, 1Gb)
Produce outputs for QuestionnaireResponse/mii-exa-pro-bdi-bdi2                                       (00:00.017 / 07:47.916, 1Gb)
Produce outputs for QuestionnaireResponse/mii-exa-pro-bdi-bdi2                                       (00:00.011 / 07:47.927, 2Gb)
Produce outputs for QuestionnaireResponse/mii-exa-pro-bdi-bdi2                                       (00:00.012 / 07:47.939, 2Gb)
Produce outputs for QuestionnaireResponse/mii-exa-pro-dass-dass21-response-01                        (00:00.008 / 07:47.948, 2Gb)
Produce outputs for QuestionnaireResponse/mii-exa-pro-dass-dass21-response-01                        (00:00.011 / 07:47.960, 2Gb)
Produce outputs for QuestionnaireResponse/mii-exa-pro-dass-dass21-response-01                        (00:00.010 / 07:47.970, 2Gb)
Produce outputs for QuestionnaireResponse/mii-exa-pro-eortc-qlq-c30-response                         (00:00.010 / 07:47.981, 2Gb)
Produce outputs for QuestionnaireResponse/mii-exa-pro-eortc-qlq-c30-response                         (00:00.012 / 07:47.993, 2Gb)
Produce outputs for QuestionnaireResponse/mii-exa-pro-eortc-qlq-c30-response                         (00:00.028 / 07:48.022, 1Gb)
Produce outputs for QuestionnaireResponse/mii-exa-pro-euronet-soma-response                          (00:00.009 / 07:48.032, 1Gb)
Produce outputs for QuestionnaireResponse/mii-exa-pro-euronet-soma-response                          (00:00.010 / 07:48.042, 1Gb)
Produce outputs for QuestionnaireResponse/mii-exa-pro-euronet-soma-response                          (00:00.007 / 07:48.050, 1Gb)
Produce outputs for QuestionnaireResponse/mii-exa-pro-euroqol-eq5d5l-coded-response                  (00:00.007 / 07:48.058, 1Gb)
Produce outputs for QuestionnaireResponse/mii-exa-pro-euroqol-eq5d5l-coded-response                  (00:00.008 / 07:48.066, 1Gb)
Produce outputs for QuestionnaireResponse/mii-exa-pro-euroqol-eq5d5l-coded-response                  (00:00.008 / 07:48.075, 1Gb)
Produce outputs for QuestionnaireResponse/mii-exa-pro-euroqol-eq5d5l-response                        (00:00.008 / 07:48.083, 1Gb)
Produce outputs for QuestionnaireResponse/mii-exa-pro-euroqol-eq5d5l-response                        (00:00.007 / 07:48.090, 1Gb)
Produce outputs for QuestionnaireResponse/mii-exa-pro-euroqol-eq5d5l-response                        (00:00.008 / 07:48.098, 1Gb)
Produce outputs for QuestionnaireResponse/mii-exa-pro-gad-7-response                                 (00:00.007 / 07:48.106, 1Gb)
Produce outputs for QuestionnaireResponse/mii-exa-pro-gad-7-response                                 (00:00.009 / 07:48.115, 1Gb)
Produce outputs for QuestionnaireResponse/mii-exa-pro-gad-7-response                                 (00:00.008 / 07:48.124, 1Gb)
Produce outputs for QuestionnaireResponse/mii-exa-pro-isr-z-response                                 (00:00.008 / 07:48.132, 1Gb)
Produce outputs for QuestionnaireResponse/mii-exa-pro-isr-z-response                                 (00:00.007 / 07:48.139, 1Gb)
Produce outputs for QuestionnaireResponse/mii-exa-pro-isr-z-response                                 (00:00.008 / 07:48.148, 1Gb)
Produce outputs for QuestionnaireResponse/mii-exa-pro-midos2-response-01                             (00:00.006 / 07:48.155, 1Gb)
Produce outputs for QuestionnaireResponse/mii-exa-pro-midos2-response-01                             (00:00.009 / 07:48.164, 1Gb)
Produce outputs for QuestionnaireResponse/mii-exa-pro-midos2-response-01                             (00:00.008 / 07:48.173, 1Gb)
Produce outputs for QuestionnaireResponse/mii-exa-pro-pc-ptsd-response                               (00:00.008 / 07:48.181, 1Gb)
Produce outputs for QuestionnaireResponse/mii-exa-pro-pc-ptsd-response                               (00:00.007 / 07:48.188, 1Gb)
Produce outputs for QuestionnaireResponse/mii-exa-pro-pc-ptsd-response                               (00:00.008 / 07:48.196, 1Gb)
Produce outputs for QuestionnaireResponse/mii-exa-pro-phq-15-response                                (00:00.007 / 07:48.204, 1Gb)
Produce outputs for QuestionnaireResponse/mii-exa-pro-phq-15-response                                (00:00.010 / 07:48.214, 1Gb)
Produce outputs for QuestionnaireResponse/mii-exa-pro-phq-15-response                                (00:00.009 / 07:48.224, 1Gb)
Produce outputs for QuestionnaireResponse/mii-exa-pro-phq-9-response                                 (00:00.008 / 07:48.232, 1Gb)
Produce outputs for QuestionnaireResponse/mii-exa-pro-phq-9-response                                 (00:00.008 / 07:48.240, 1Gb)
Produce outputs for QuestionnaireResponse/mii-exa-pro-phq-9-response                                 (00:00.008 / 07:48.249, 1Gb)
Produce outputs for QuestionnaireResponse/mii-exa-pro-pro-ctcae-onkologisches-basisscreening-response-01 (00:00.008 / 07:48.257, 1Gb)
Produce outputs for QuestionnaireResponse/mii-exa-pro-pro-ctcae-onkologisches-basisscreening-response-01 (00:00.015 / 07:48.273, 1Gb)
Produce outputs for QuestionnaireResponse/mii-exa-pro-pro-ctcae-onkologisches-basisscreening-response-01 (00:00.013 / 07:48.286, 1Gb)
Produce outputs for QuestionnaireResponse/mii-exa-pro-promis-29-de-response                          (00:00.011 / 07:48.298, 1Gb)
Produce outputs for QuestionnaireResponse/mii-exa-pro-promis-29-de-response                          (00:00.018 / 07:48.317, 1Gb)
Produce outputs for QuestionnaireResponse/mii-exa-pro-promis-29-de-response                          (00:00.013 / 07:48.330, 1Gb)
Produce outputs for QuestionnaireResponse/mii-exa-pro-promis-29-response                             (00:00.012 / 07:48.343, 1Gb)
Produce outputs for QuestionnaireResponse/mii-exa-pro-promis-29-response                             (00:00.017 / 07:48.361, 1Gb)
Produce outputs for QuestionnaireResponse/mii-exa-pro-promis-29-response                             (00:00.012 / 07:48.373, 1Gb)
Produce outputs for QuestionnaireResponse/mii-exa-pro-promis-depression-sf4a-response                (00:00.012 / 07:48.386, 1Gb)
Produce outputs for QuestionnaireResponse/mii-exa-pro-promis-depression-sf4a-response                (00:00.008 / 07:48.394, 1Gb)
Produce outputs for QuestionnaireResponse/mii-exa-pro-promis-depression-sf4a-response                (00:00.008 / 07:48.403, 1Gb)
Produce outputs for QuestionnaireResponse/mii-exa-pro-scoff-response                                 (00:00.008 / 07:48.412, 1Gb)
Produce outputs for QuestionnaireResponse/mii-exa-pro-scoff-response                                 (00:00.007 / 07:48.419, 1Gb)
Produce outputs for QuestionnaireResponse/mii-exa-pro-scoff-response                                 (00:00.008 / 07:48.428, 1Gb)
Produce outputs for QuestionnaireResponse/mii-exa-pro-ssd-12-response                                (00:00.008 / 07:48.436, 1Gb)
Produce outputs for QuestionnaireResponse/mii-exa-pro-ssd-12-response                                (00:00.009 / 07:48.445, 1Gb)
Produce outputs for QuestionnaireResponse/mii-exa-pro-ssd-12-response                                (00:00.008 / 07:48.454, 1Gb)
Produce outputs for QuestionnaireResponse/mii-exa-pro-whodas12-response-01                           (00:00.008 / 07:48.462, 1Gb)
Produce outputs for QuestionnaireResponse/mii-exa-pro-whodas12-response-01                           (00:00.009 / 07:48.471, 1Gb)
Produce outputs for QuestionnaireResponse/mii-exa-pro-whodas12-response-01                           (00:00.009 / 07:48.480, 1Gb)
Produce outputs for QuestionnaireResponse/mii-exa-pro-wi-7-response                                  (00:00.008 / 07:48.489, 1Gb)
Produce outputs for QuestionnaireResponse/mii-exa-pro-wi-7-response                                  (00:00.007 / 07:48.496, 1Gb)
Produce outputs for QuestionnaireResponse/mii-exa-pro-wi-7-response                                  (00:00.008 / 07:48.504, 1Gb)
Produce outputs for SearchParameter/mii-sp-pro-observationdefinition-code                            (00:00.007 / 07:48.512, 1Gb)
Produce outputs for SearchParameter/mii-sp-pro-observationdefinition-code                            (00:00.008 / 07:48.521, 1Gb)
Produce outputs for SearchParameter/mii-sp-pro-observationdefinition-code                            (00:00.009 / 07:48.530, 1Gb)
Produce outputs for SearchParameter/mii-sp-pro-observationdefinition-health-correlation              (00:00.008 / 07:48.538, 1Gb)
Produce outputs for SearchParameter/mii-sp-pro-observationdefinition-health-correlation              (00:00.008 / 07:48.546, 1Gb)
Produce outputs for SearchParameter/mii-sp-pro-observationdefinition-health-correlation              (00:00.007 / 07:48.553, 1Gb)
Produce outputs for SearchParameter/mii-sp-pro-observationdefinition-interval-category               (00:00.007 / 07:48.561, 1Gb)
Produce outputs for SearchParameter/mii-sp-pro-observationdefinition-interval-category               (00:00.007 / 07:48.569, 1Gb)
Produce outputs for SearchParameter/mii-sp-pro-observationdefinition-interval-category               (00:00.007 / 07:48.576, 1Gb)
Produce outputs for SearchParameter/mii-sp-pro-observationdefinition-permitted-datatype              (00:00.007 / 07:48.584, 1Gb)
Produce outputs for SearchParameter/mii-sp-pro-observationdefinition-permitted-datatype              (00:00.007 / 07:48.592, 1Gb)
Produce outputs for SearchParameter/mii-sp-pro-observationdefinition-permitted-datatype              (00:00.007 / 07:48.600, 1Gb)
Produce outputs for SearchParameter/mii-sp-pro-observationdefinition-preferred-report-name           (00:00.007 / 07:48.607, 1Gb)
Produce outputs for SearchParameter/mii-sp-pro-observationdefinition-preferred-report-name           (00:00.007 / 07:48.614, 1Gb)
Produce outputs for SearchParameter/mii-sp-pro-observationdefinition-preferred-report-name           (00:00.007 / 07:48.622, 1Gb)
Produce outputs for SearchParameter/mii-sp-pro-observationdefinition-unit                            (00:00.008 / 07:48.630, 1Gb)
Produce outputs for SearchParameter/mii-sp-pro-observationdefinition-unit                            (00:00.007 / 07:48.638, 1Gb)
Produce outputs for SearchParameter/mii-sp-pro-observationdefinition-unit                            (00:00.007 / 07:48.645, 1Gb)
Produce outputs for SearchParameter/mii-sp-pro-questionnaire-capabilities                            (00:00.007 / 07:48.653, 1Gb)
Produce outputs for SearchParameter/mii-sp-pro-questionnaire-capabilities                            (00:00.007 / 07:48.661, 1Gb)
Produce outputs for SearchParameter/mii-sp-pro-questionnaire-capabilities                            (00:00.007 / 07:48.668, 1Gb)
Produce outputs for StructureDefinition/mii-ex-pro-questionnaire-capabilities                        (00:00.007 / 07:48.676, 1Gb)
Produce outputs for StructureDefinition/mii-ex-pro-questionnaire-capabilities                        (00:00.304 / 07:48.981, 1Gb)
Produce outputs for StructureDefinition/mii-ex-pro-questionnaire-capabilities                        (00:00.151 / 07:49.132, 1Gb)
Produce outputs for StructureDefinition/mii-ex-pro-score-score-health-correlation                    (00:00.124 / 07:49.257, 1Gb)
Produce outputs for StructureDefinition/mii-ex-pro-score-score-health-correlation                    (00:00.119 / 07:49.377, 1Gb)
Produce outputs for StructureDefinition/mii-ex-pro-score-score-health-correlation                    (00:00.100 / 07:49.477, 1Gb)
Produce outputs for StructureDefinition/mii-lm-pro                                                   (00:00.097 / 07:49.575, 1Gb)
Produce outputs for StructureDefinition/mii-lm-pro                                                   (00:00.349 / 07:49.924, 1Gb)
Produce outputs for StructureDefinition/mii-lm-pro                                                   (00:00.295 / 07:50.219, 2Gb)
Produce outputs for StructureDefinition/mii-pr-pro-depression-t-score                                (00:00.310 / 07:50.530, 1Gb)
Produce outputs for StructureDefinition/mii-pr-pro-depression-t-score                                (00:00.206 / 07:50.737, 1Gb)
Produce outputs for StructureDefinition/mii-pr-pro-depression-t-score                                (00:00.188 / 07:50.925, 1Gb)
Produce outputs for StructureDefinition/mii-pr-pro-observation-bdi-ii                                (00:00.190 / 07:51.116, 2Gb)
Produce outputs for StructureDefinition/mii-pr-pro-observation-bdi-ii                                (00:00.192 / 07:51.308, 1Gb)
Produce outputs for StructureDefinition/mii-pr-pro-observation-bdi-ii                                (00:00.152 / 07:51.460, 1Gb)
Produce outputs for StructureDefinition/mii-pr-pro-observation-eq5d5l-index                          (00:00.142 / 07:51.603, 1Gb)
Produce outputs for StructureDefinition/mii-pr-pro-observation-eq5d5l-index                          (00:00.173 / 07:51.777, 1Gb)
Produce outputs for StructureDefinition/mii-pr-pro-observation-eq5d5l-index                          (00:00.146 / 07:51.923, 1Gb)
Produce outputs for StructureDefinition/mii-pr-pro-observation-eq5d5l-profile                        (00:00.143 / 07:52.067, 2Gb)
Produce outputs for StructureDefinition/mii-pr-pro-observation-eq5d5l-profile                        (00:00.148 / 07:52.215, 1Gb)
Produce outputs for StructureDefinition/mii-pr-pro-observation-eq5d5l-profile                        (00:00.119 / 07:52.335, 1Gb)
Produce outputs for StructureDefinition/mii-pr-pro-observation-eq5d5l-vas                            (00:00.118 / 07:52.454, 1Gb)
Produce outputs for StructureDefinition/mii-pr-pro-observation-eq5d5l-vas                            (00:00.151 / 07:52.605, 1Gb)
Produce outputs for StructureDefinition/mii-pr-pro-observation-eq5d5l-vas                            (00:00.126 / 07:52.732, 1Gb)
Produce outputs for StructureDefinition/mii-pr-pro-observation-phq-15                                (00:00.126 / 07:52.859, 2Gb)
Produce outputs for StructureDefinition/mii-pr-pro-observation-phq-15                                (00:00.178 / 07:53.037, 2Gb)
Produce outputs for StructureDefinition/mii-pr-pro-observation-phq-15                                (00:00.146 / 07:53.184, 1Gb)
Produce outputs for StructureDefinition/mii-pr-pro-observation-phq-9                                 (00:00.154 / 07:53.338, 1Gb)
Produce outputs for StructureDefinition/mii-pr-pro-observation-phq-9                                 (00:00.166 / 07:53.504, 1Gb)
Produce outputs for StructureDefinition/mii-pr-pro-observation-phq-9                                 (00:00.137 / 07:53.642, 1Gb)
Produce outputs for StructureDefinition/mii-pr-pro-observation-whodas12                              (00:00.133 / 07:53.776, 1Gb)
Produce outputs for StructureDefinition/mii-pr-pro-observation-whodas12                              (00:00.159 / 07:53.935, 2Gb)
Produce outputs for StructureDefinition/mii-pr-pro-observation-whodas12                              (00:00.132 / 07:54.067, 2Gb)
Produce outputs for StructureDefinition/mii-pr-pro-promis-29-anxiety-tscore                          (00:00.141 / 07:54.209, 1Gb)
Produce outputs for StructureDefinition/mii-pr-pro-promis-29-anxiety-tscore                          (00:00.144 / 07:54.354, 1Gb)
Produce outputs for StructureDefinition/mii-pr-pro-promis-29-anxiety-tscore                          (00:00.126 / 07:54.480, 1Gb)
Produce outputs for StructureDefinition/mii-pr-pro-promis-29-depression-tscore                       (00:00.125 / 07:54.606, 1Gb)
Produce outputs for StructureDefinition/mii-pr-pro-promis-29-depression-tscore                       (00:00.161 / 07:54.767, 1Gb)
Produce outputs for StructureDefinition/mii-pr-pro-promis-29-depression-tscore                       (00:00.137 / 07:54.905, 2Gb)
Produce outputs for StructureDefinition/mii-pr-pro-promis-29-fatigue-tscore                          (00:00.193 / 07:55.099, 2Gb)
Produce outputs for StructureDefinition/mii-pr-pro-promis-29-fatigue-tscore                          (00:00.170 / 07:55.269, 2Gb)
Produce outputs for StructureDefinition/mii-pr-pro-promis-29-fatigue-tscore                          (00:00.146 / 07:55.415, 1Gb)
Produce outputs for StructureDefinition/mii-pr-pro-promis-29-pain-intensity                          (00:00.134 / 07:55.550, 1Gb)
Produce outputs for StructureDefinition/mii-pr-pro-promis-29-pain-intensity                          (00:00.154 / 07:55.704, 1Gb)
Produce outputs for StructureDefinition/mii-pr-pro-promis-29-pain-intensity                          (00:00.128 / 07:55.833, 1Gb)
Produce outputs for StructureDefinition/mii-pr-pro-promis-29-pain-interference-tscore                (00:00.129 / 07:55.962, 2Gb)
Produce outputs for StructureDefinition/mii-pr-pro-promis-29-pain-interference-tscore                (00:00.159 / 07:56.122, 2Gb)
Produce outputs for StructureDefinition/mii-pr-pro-promis-29-pain-interference-tscore                (00:00.164 / 07:56.286, 2Gb)
Produce outputs for StructureDefinition/mii-pr-pro-promis-29-physical-function-tscore                (00:00.139 / 07:56.425, 1Gb)
Produce outputs for StructureDefinition/mii-pr-pro-promis-29-physical-function-tscore                (00:00.162 / 07:56.588, 1Gb)
Produce outputs for StructureDefinition/mii-pr-pro-promis-29-physical-function-tscore                (00:00.137 / 07:56.726, 1Gb)
Produce outputs for StructureDefinition/mii-pr-pro-promis-29-sleep-disturbance-tscore                (00:00.128 / 07:56.854, 1Gb)
Produce outputs for StructureDefinition/mii-pr-pro-promis-29-sleep-disturbance-tscore                (00:00.154 / 07:57.009, 1Gb)
Produce outputs for StructureDefinition/mii-pr-pro-promis-29-sleep-disturbance-tscore                (00:00.129 / 07:57.139, 2Gb)
Produce outputs for StructureDefinition/mii-pr-pro-promis-29-social-function-tscore                  (00:00.133 / 07:57.273, 2Gb)
Produce outputs for StructureDefinition/mii-pr-pro-promis-29-social-function-tscore                  (00:00.148 / 07:57.421, 2Gb)
Produce outputs for StructureDefinition/mii-pr-pro-promis-29-social-function-tscore                  (00:00.153 / 07:57.575, 1Gb)
Produce outputs for StructureDefinition/mii-pr-pro-promis-cognitive-function-sf4a-raw-score          (00:00.137 / 07:57.712, 1Gb)
Produce outputs for StructureDefinition/mii-pr-pro-promis-cognitive-function-sf4a-raw-score          (00:00.157 / 07:57.870, 1Gb)
Produce outputs for StructureDefinition/mii-pr-pro-promis-cognitive-function-sf4a-raw-score          (00:00.133 / 07:58.003, 1Gb)
Produce outputs for StructureDefinition/mii-pr-pro-promis-cognitive-function-sf4a-tscore             (00:00.130 / 07:58.133, 2Gb)
Produce outputs for StructureDefinition/mii-pr-pro-promis-cognitive-function-sf4a-tscore             (00:00.148 / 07:58.282, 2Gb)
Produce outputs for StructureDefinition/mii-pr-pro-promis-cognitive-function-sf4a-tscore             (00:00.125 / 07:58.407, 2Gb)
Produce outputs for StructureDefinition/mii-pr-pro-promis-depression-sf4a-raw-score                  (00:00.140 / 07:58.548, 1Gb)
