"Id","Path","Slice Name","Alias(s)","Label","Min","Max","Must Support?","Is Modifier?","Is Summary?","Type(s)","Short","Definition","Comments","Requirements","Default Value","Meaning When Missing","Fixed Value","Pattern","Example","Minimum Value","Maximum Value","Maximum Length","Binding Strength","Binding Description","Binding Value Set","Code","Slicing Discriminator","Slicing Description","Slicing Ordered","Slicing Rules","Base Path","Base Min","Base Max","Condition(s)","Constraint(s)","Mapping: PRO LogicalModel FHIR Mapping"
"mii-lm-pro","mii-lm-pro","","","",0,*,"","","","null {[]} {[]}
","MII Logical Model Modul PRO - Patient-Reported Outcomes und abgeleitete Metriken","Logisches Modell für die strukturierte Erfassung und Verarbeitung von Patient-Reported Outcomes (PROs) inklusive Fragebögen, Antworten, Scores und Domain-Mappings.","","","","","","","","","",,,,,"",,,,"Base",0,*,"",""
"mii-lm-pro.Fragebogen","mii-lm-pro.Fragebogen","","","",1,*,"","","","BackboneElement {[]} {[]}
","Fragebogen (Questionnaire)","Strukturierter Fragebogen zur Erfassung von Patient-Reported Outcomes","","","","","","","","","",,,,,"",,,,"mii-lm-pro.Fragebogen",1,*,"","ele-1:All FHIR elements must have a @value or children {hasValue() or (children().count() > id.count())}
","Questionnaire"
"mii-lm-pro.Fragebogen.id","mii-lm-pro.Fragebogen.id","","","",0,1,"","","","string {[]} {[]}
","Unique id for inter-element referencing","Unique id for the element within a resource (for internal references). This may be any string value that does not contain spaces.","","","","","","","","","",,,,,"",,,,"Element.id",0,1,"",""
"mii-lm-pro.Fragebogen.extension","mii-lm-pro.Fragebogen.extension","","extensions
user content","",0,*,"","","","Extension {[]} {[]}
","Additional content defined by implementations","May be used to represent additional information that is not part of the basic definition of the element. To make the use of extensions safe and manageable, there is a strict set of governance  applied to the definition and use of extensions. Though any implementer can define an extension, there is a set of requirements that SHALL be met as part of the definition of the extension.","There can be no stigma associated with the use of extensions by any application, project, or standard - regardless of the institution or jurisdiction that uses or defines the extensions.  The use of extensions is what allows the FHIR specification to retain a core level of simplicity for everyone.","","","","","","","","",,,,,"","value:url}
","Extensions are always sliced by (at least) url",,"open","Element.extension",0,*,"","ele-1:All FHIR elements must have a @value or children {hasValue() or (children().count() > id.count())}
ext-1:Must have either extensions or value[x], not both {extension.exists() != value.exists()}"
"mii-lm-pro.Fragebogen.modifierExtension","mii-lm-pro.Fragebogen.modifierExtension","","extensions
user contentmodifiers","",0,*,"","Y","Y","Extension {[]} {[]}
","Extensions that cannot be ignored even if unrecognized","May be used to represent additional information that is not part of the basic definition of the element and that modifies the understanding of the element in which it is contained and/or the understanding of the containing element's descendants. Usually modifier elements provide negation or qualification. To make the use of extensions safe and manageable, there is a strict set of governance applied to the definition and use of extensions. Though any implementer can define an extension, there is a set of requirements that SHALL be met as part of the definition of the extension. Applications processing a resource are required to check for modifier extensions.

Modifier extensions SHALL NOT change the meaning of any elements on Resource or DomainResource (including cannot change the meaning of modifierExtension itself).","There can be no stigma associated with the use of extensions by any application, project, or standard - regardless of the institution or jurisdiction that uses or defines the extensions.  The use of extensions is what allows the FHIR specification to retain a core level of simplicity for everyone.","Modifier extensions allow for extensions that *cannot* be safely ignored to be clearly distinguished from the vast majority of extensions which can be safely ignored.  This promotes interoperability by eliminating the need for implementers to prohibit the presence of extensions. For further information, see the [definition of modifier extensions](http://hl7.org/fhir/R4/extensibility.html#modifierExtension).","","","","","","","",,,,,"",,,,"BackboneElement.modifierExtension",0,*,"","ele-1:All FHIR elements must have a @value or children {hasValue() or (children().count() > id.count())}
ext-1:Must have either extensions or value[x], not both {extension.exists() != value.exists()}"
"mii-lm-pro.Fragebogen.FragebogenID","mii-lm-pro.Fragebogen.FragebogenID","","","",1,1,"","","","string {[]} {[]}
","Fragebogen-ID","Eindeutige Identifikation des Fragebogens","","","","","","","","","",,,,,"",,,,"mii-lm-pro.Fragebogen.FragebogenID",1,1,"","","Questionnaire.url"
"mii-lm-pro.Fragebogen.FragebogenNameVollstaendig","mii-lm-pro.Fragebogen.FragebogenNameVollstaendig","","","",0,1,"","","","string {[]} {[]}
","Vollständiger Name","Ausgeschriebener Name des Fragebogens (z.B. 'Patient Health Questionnaire-9')","","","","","","","","","",,,,,"",,,,"mii-lm-pro.Fragebogen.FragebogenNameVollstaendig",0,1,"","","Questionnaire.title"
"mii-lm-pro.Fragebogen.FragebogenNameAbkuerzung","mii-lm-pro.Fragebogen.FragebogenNameAbkuerzung","","","",0,1,"","","","string {[]} {[]}
","Abkürzung","Kurzbezeichnung des Fragebogens (z.B. 'PHQ-9')","","","","","","","","","",,,,,"",,,,"mii-lm-pro.Fragebogen.FragebogenNameAbkuerzung",0,1,"","","Questionnaire.name"
"mii-lm-pro.Fragebogen.FragebogenVersion","mii-lm-pro.Fragebogen.FragebogenVersion","","","",1,1,"","","","string {[]} {[]}
","Version","Versionsnummer des Fragebogens nach SemVer","","","","","","","","","",,,,,"",,,,"mii-lm-pro.Fragebogen.FragebogenVersion",1,1,"","","Questionnaire.version"
"mii-lm-pro.Fragebogen.FragebogenIDIntern","mii-lm-pro.Fragebogen.FragebogenIDIntern","","","",0,1,"","","","string {[]} {[]}
","Interne ID","Einrichtungsspezifische ID","","","","","","","","","",,,,,"",,,,"mii-lm-pro.Fragebogen.FragebogenIDIntern",0,1,"",""
"mii-lm-pro.Fragebogen.FragebogenStandardID","mii-lm-pro.Fragebogen.FragebogenStandardID","","","",0,1,"","","","string {[]} {[]}
","Standard-ID","ID aus Standardterminologie (z.B. LOINC)","","","","","","","","","",,,,,"",,,,"mii-lm-pro.Fragebogen.FragebogenStandardID",0,1,"","","Questionnaire.code.code"
"mii-lm-pro.Fragebogen.FragebogenStandardSystem","mii-lm-pro.Fragebogen.FragebogenStandardSystem","","","",0,1,"","","","uri {[]} {[]}
","Codesystem","URI des verwendeten Codesystems","","","","","","","","","",,,,,"",,,,"mii-lm-pro.Fragebogen.FragebogenStandardSystem",0,1,"","","Questionnaire.code.system"
"mii-lm-pro.Fragebogen.FragebogenStandardVersion","mii-lm-pro.Fragebogen.FragebogenStandardVersion","","","",0,1,"","","","string {[]} {[]}
","Codesystem-Version","Version des verwendeten Codesystems","","","","","","","","","",,,,,"",,,,"mii-lm-pro.Fragebogen.FragebogenStandardVersion",0,1,"",""
"mii-lm-pro.Fragebogen.Fragen","mii-lm-pro.Fragebogen.Fragen","","","",1,*,"","","","BackboneElement {[]} {[]}
","Fragen","Einzelne Fragen/Items des Fragebogens","","","","","","","","","",,,,,"",,,,"mii-lm-pro.Fragebogen.Fragen",1,*,"","ele-1:All FHIR elements must have a @value or children {hasValue() or (children().count() > id.count())}
","Questionnaire.item"
"mii-lm-pro.Fragebogen.Fragen.id","mii-lm-pro.Fragebogen.Fragen.id","","","",0,1,"","","","string {[]} {[]}
","Unique id for inter-element referencing","Unique id for the element within a resource (for internal references). This may be any string value that does not contain spaces.","","","","","","","","","",,,,,"",,,,"Element.id",0,1,"",""
"mii-lm-pro.Fragebogen.Fragen.extension","mii-lm-pro.Fragebogen.Fragen.extension","","extensions
user content","",0,*,"","","","Extension {[]} {[]}
","Additional content defined by implementations","May be used to represent additional information that is not part of the basic definition of the element. To make the use of extensions safe and manageable, there is a strict set of governance  applied to the definition and use of extensions. Though any implementer can define an extension, there is a set of requirements that SHALL be met as part of the definition of the extension.","There can be no stigma associated with the use of extensions by any application, project, or standard - regardless of the institution or jurisdiction that uses or defines the extensions.  The use of extensions is what allows the FHIR specification to retain a core level of simplicity for everyone.","","","","","","","","",,,,,"","value:url}
","Extensions are always sliced by (at least) url",,"open","Element.extension",0,*,"","ele-1:All FHIR elements must have a @value or children {hasValue() or (children().count() > id.count())}
ext-1:Must have either extensions or value[x], not both {extension.exists() != value.exists()}"
"mii-lm-pro.Fragebogen.Fragen.modifierExtension","mii-lm-pro.Fragebogen.Fragen.modifierExtension","","extensions
user contentmodifiers","",0,*,"","Y","Y","Extension {[]} {[]}
","Extensions that cannot be ignored even if unrecognized","May be used to represent additional information that is not part of the basic definition of the element and that modifies the understanding of the element in which it is contained and/or the understanding of the containing element's descendants. Usually modifier elements provide negation or qualification. To make the use of extensions safe and manageable, there is a strict set of governance applied to the definition and use of extensions. Though any implementer can define an extension, there is a set of requirements that SHALL be met as part of the definition of the extension. Applications processing a resource are required to check for modifier extensions.

Modifier extensions SHALL NOT change the meaning of any elements on Resource or DomainResource (including cannot change the meaning of modifierExtension itself).","There can be no stigma associated with the use of extensions by any application, project, or standard - regardless of the institution or jurisdiction that uses or defines the extensions.  The use of extensions is what allows the FHIR specification to retain a core level of simplicity for everyone.","Modifier extensions allow for extensions that *cannot* be safely ignored to be clearly distinguished from the vast majority of extensions which can be safely ignored.  This promotes interoperability by eliminating the need for implementers to prohibit the presence of extensions. For further information, see the [definition of modifier extensions](http://hl7.org/fhir/R4/extensibility.html#modifierExtension).","","","","","","","",,,,,"",,,,"BackboneElement.modifierExtension",0,*,"","ele-1:All FHIR elements must have a @value or children {hasValue() or (children().count() > id.count())}
ext-1:Must have either extensions or value[x], not both {extension.exists() != value.exists()}"
"mii-lm-pro.Fragebogen.Fragen.FragenIDIntern","mii-lm-pro.Fragebogen.Fragen.FragenIDIntern","","","",1,1,"","","","string {[]} {[]}
","Frage-ID","Eindeutige ID der Frage innerhalb des Fragebogens","","","","","","","","","",,,,,"",,,,"mii-lm-pro.Fragebogen.Fragen.FragenIDIntern",1,1,"","","Questionnaire.item.linkId"
"mii-lm-pro.Fragebogen.Fragen.FragenIDStandardID","mii-lm-pro.Fragebogen.Fragen.FragenIDStandardID","","","",0,1,"","","","string {[]} {[]}
","Standard Frage-ID","ID der Frage aus Standardterminologie","","","","","","","","","",,,,,"",,,,"mii-lm-pro.Fragebogen.Fragen.FragenIDStandardID",0,1,"",""
"mii-lm-pro.Fragebogen.Fragen.FragenIDStandardSystem","mii-lm-pro.Fragebogen.Fragen.FragenIDStandardSystem","","","",0,1,"","","","uri {[]} {[]}
","Frage Codesystem","Codesystem der Frage","","","","","","","","","",,,,,"",,,,"mii-lm-pro.Fragebogen.Fragen.FragenIDStandardSystem",0,1,"",""
"mii-lm-pro.Fragebogen.Fragen.FragenIDStandardVersion","mii-lm-pro.Fragebogen.Fragen.FragenIDStandardVersion","","","",0,1,"","","","string {[]} {[]}
","Frage Codesystem-Version","Version des Frage-Codesystems","","","","","","","","","",,,,,"",,,,"mii-lm-pro.Fragebogen.Fragen.FragenIDStandardVersion",0,1,"",""
"mii-lm-pro.Fragebogen.Fragen.Fragetext","mii-lm-pro.Fragebogen.Fragen.Fragetext","","","",1,1,"","","","string {[]} {[]}
","Fragetext","Der anzuzeigende Fragetext","","","","","","","","","",,,,,"",,,,"mii-lm-pro.Fragebogen.Fragen.Fragetext",1,1,"","","Questionnaire.item.text"
"mii-lm-pro.Fragebogen.Fragen.FragetextAusfuellhinweise","mii-lm-pro.Fragebogen.Fragen.FragetextAusfuellhinweise","","","",0,1,"","","","string {[]} {[]}
","Ausfüllhinweise","Instruktionen zum Ausfüllen","","","","","","","","","",,,,,"",,,,"mii-lm-pro.Fragebogen.Fragen.FragetextAusfuellhinweise",0,1,"",""
"mii-lm-pro.Fragebogen.Fragen.Anzeigemodalitaet","mii-lm-pro.Fragebogen.Fragen.Anzeigemodalitaet","","","",0,1,"","","","code {[]} {[]}
","Anzeigemodus","Art der Darstellung (z.B. Radio-Button, Slider)","","","","","","","","","",,,,,"",,,,"mii-lm-pro.Fragebogen.Fragen.Anzeigemodalitaet",0,1,"",""
"mii-lm-pro.Fragebogen.Fragen.FragetextAusgefuelltWenn","mii-lm-pro.Fragebogen.Fragen.FragetextAusgefuelltWenn","","","",0,1,"","","","string {[]} {[]}
","Bedingte Anzeige","FHIRPath-Expression für bedingte Anzeige","","","","","","","","","",,,,,"",,,,"mii-lm-pro.Fragebogen.Fragen.FragetextAusgefuelltWenn",0,1,"",""
"mii-lm-pro.Fragebogen.Fragen.AntwortVorlage","mii-lm-pro.Fragebogen.Fragen.AntwortVorlage","","","",1,1,"","","","BackboneElement {[]} {[]}
","Antwortoptionen","Definierte Antwortmöglichkeiten","","","","","","","","","",,,,,"",,,,"mii-lm-pro.Fragebogen.Fragen.AntwortVorlage",1,1,"","ele-1:All FHIR elements must have a @value or children {hasValue() or (children().count() > id.count())}
"
"mii-lm-pro.Fragebogen.Fragen.AntwortVorlage.id","mii-lm-pro.Fragebogen.Fragen.AntwortVorlage.id","","","",0,1,"","","","string {[]} {[]}
","Unique id for inter-element referencing","Unique id for the element within a resource (for internal references). This may be any string value that does not contain spaces.","","","","","","","","","",,,,,"",,,,"Element.id",0,1,"",""
"mii-lm-pro.Fragebogen.Fragen.AntwortVorlage.extension","mii-lm-pro.Fragebogen.Fragen.AntwortVorlage.extension","","extensions
user content","",0,*,"","","","Extension {[]} {[]}
","Additional content defined by implementations","May be used to represent additional information that is not part of the basic definition of the element. To make the use of extensions safe and manageable, there is a strict set of governance  applied to the definition and use of extensions. Though any implementer can define an extension, there is a set of requirements that SHALL be met as part of the definition of the extension.","There can be no stigma associated with the use of extensions by any application, project, or standard - regardless of the institution or jurisdiction that uses or defines the extensions.  The use of extensions is what allows the FHIR specification to retain a core level of simplicity for everyone.","","","","","","","","",,,,,"","value:url}
","Extensions are always sliced by (at least) url",,"open","Element.extension",0,*,"","ele-1:All FHIR elements must have a @value or children {hasValue() or (children().count() > id.count())}
ext-1:Must have either extensions or value[x], not both {extension.exists() != value.exists()}"
"mii-lm-pro.Fragebogen.Fragen.AntwortVorlage.modifierExtension","mii-lm-pro.Fragebogen.Fragen.AntwortVorlage.modifierExtension","","extensions
user contentmodifiers","",0,*,"","Y","Y","Extension {[]} {[]}
","Extensions that cannot be ignored even if unrecognized","May be used to represent additional information that is not part of the basic definition of the element and that modifies the understanding of the element in which it is contained and/or the understanding of the containing element's descendants. Usually modifier elements provide negation or qualification. To make the use of extensions safe and manageable, there is a strict set of governance applied to the definition and use of extensions. Though any implementer can define an extension, there is a set of requirements that SHALL be met as part of the definition of the extension. Applications processing a resource are required to check for modifier extensions.

Modifier extensions SHALL NOT change the meaning of any elements on Resource or DomainResource (including cannot change the meaning of modifierExtension itself).","There can be no stigma associated with the use of extensions by any application, project, or standard - regardless of the institution or jurisdiction that uses or defines the extensions.  The use of extensions is what allows the FHIR specification to retain a core level of simplicity for everyone.","Modifier extensions allow for extensions that *cannot* be safely ignored to be clearly distinguished from the vast majority of extensions which can be safely ignored.  This promotes interoperability by eliminating the need for implementers to prohibit the presence of extensions. For further information, see the [definition of modifier extensions](http://hl7.org/fhir/R4/extensibility.html#modifierExtension).","","","","","","","",,,,,"",,,,"BackboneElement.modifierExtension",0,*,"","ele-1:All FHIR elements must have a @value or children {hasValue() or (children().count() > id.count())}
ext-1:Must have either extensions or value[x], not both {extension.exists() != value.exists()}"
"mii-lm-pro.Fragebogen.Fragen.AntwortVorlage.Antworttyp","mii-lm-pro.Fragebogen.Fragen.AntwortVorlage.Antworttyp","","","",1,1,"","","","code {[]} {[]}
","Antworttyp","Datentyp der Antwort (boolean, integer, string, etc.)","","","","","","","","","",,,,,"",,,,"mii-lm-pro.Fragebogen.Fragen.AntwortVorlage.Antworttyp",1,1,"","","Questionnaire.item.type"
"mii-lm-pro.Fragebogen.Fragen.AntwortVorlage.AntwortUhrzeit","mii-lm-pro.Fragebogen.Fragen.AntwortVorlage.AntwortUhrzeit","","","",0,1,"","","","boolean {[]} {[]}
","Zeiterfassung","Ob Zeitpunkt der Antwort erfasst wird","","","","","","","","","",,,,,"",,,,"mii-lm-pro.Fragebogen.Fragen.AntwortVorlage.AntwortUhrzeit",0,1,"",""
"mii-lm-pro.Fragebogen.Fragen.AntwortVorlage.AntwortDatum","mii-lm-pro.Fragebogen.Fragen.AntwortVorlage.AntwortDatum","","","",0,1,"","","","BackboneElement {[]} {[]}
","Datumsformat","Spezifikation für Datumsantworten","","","","","","","","","",,,,,"",,,,"mii-lm-pro.Fragebogen.Fragen.AntwortVorlage.AntwortDatum",0,1,"","ele-1:All FHIR elements must have a @value or children {hasValue() or (children().count() > id.count())}
"
"mii-lm-pro.Fragebogen.Fragen.AntwortVorlage.AntwortDatum.id","mii-lm-pro.Fragebogen.Fragen.AntwortVorlage.AntwortDatum.id","","","",0,1,"","","","string {[]} {[]}
","Unique id for inter-element referencing","Unique id for the element within a resource (for internal references). This may be any string value that does not contain spaces.","","","","","","","","","",,,,,"",,,,"Element.id",0,1,"",""
"mii-lm-pro.Fragebogen.Fragen.AntwortVorlage.AntwortDatum.extension","mii-lm-pro.Fragebogen.Fragen.AntwortVorlage.AntwortDatum.extension","","extensions
user content","",0,*,"","","","Extension {[]} {[]}
","Additional content defined by implementations","May be used to represent additional information that is not part of the basic definition of the element. To make the use of extensions safe and manageable, there is a strict set of governance  applied to the definition and use of extensions. Though any implementer can define an extension, there is a set of requirements that SHALL be met as part of the definition of the extension.","There can be no stigma associated with the use of extensions by any application, project, or standard - regardless of the institution or jurisdiction that uses or defines the extensions.  The use of extensions is what allows the FHIR specification to retain a core level of simplicity for everyone.","","","","","","","","",,,,,"","value:url}
","Extensions are always sliced by (at least) url",,"open","Element.extension",0,*,"","ele-1:All FHIR elements must have a @value or children {hasValue() or (children().count() > id.count())}
ext-1:Must have either extensions or value[x], not both {extension.exists() != value.exists()}"
"mii-lm-pro.Fragebogen.Fragen.AntwortVorlage.AntwortDatum.modifierExtension","mii-lm-pro.Fragebogen.Fragen.AntwortVorlage.AntwortDatum.modifierExtension","","extensions
user contentmodifiers","",0,*,"","Y","Y","Extension {[]} {[]}
","Extensions that cannot be ignored even if unrecognized","May be used to represent additional information that is not part of the basic definition of the element and that modifies the understanding of the element in which it is contained and/or the understanding of the containing element's descendants. Usually modifier elements provide negation or qualification. To make the use of extensions safe and manageable, there is a strict set of governance applied to the definition and use of extensions. Though any implementer can define an extension, there is a set of requirements that SHALL be met as part of the definition of the extension. Applications processing a resource are required to check for modifier extensions.

Modifier extensions SHALL NOT change the meaning of any elements on Resource or DomainResource (including cannot change the meaning of modifierExtension itself).","There can be no stigma associated with the use of extensions by any application, project, or standard - regardless of the institution or jurisdiction that uses or defines the extensions.  The use of extensions is what allows the FHIR specification to retain a core level of simplicity for everyone.","Modifier extensions allow for extensions that *cannot* be safely ignored to be clearly distinguished from the vast majority of extensions which can be safely ignored.  This promotes interoperability by eliminating the need for implementers to prohibit the presence of extensions. For further information, see the [definition of modifier extensions](http://hl7.org/fhir/R4/extensibility.html#modifierExtension).","","","","","","","",,,,,"",,,,"BackboneElement.modifierExtension",0,*,"","ele-1:All FHIR elements must have a @value or children {hasValue() or (children().count() > id.count())}
ext-1:Must have either extensions or value[x], not both {extension.exists() != value.exists()}"
"mii-lm-pro.Fragebogen.Fragen.AntwortVorlage.AntwortDatum.minDatum","mii-lm-pro.Fragebogen.Fragen.AntwortVorlage.AntwortDatum.minDatum","","","",0,1,"","","","date {[]} {[]}
","Minimales Datum","Frühestes erlaubtes Datum","","","","","","","","","",,,,,"",,,,"mii-lm-pro.Fragebogen.Fragen.AntwortVorlage.AntwortDatum.minDatum",0,1,"",""
"mii-lm-pro.Fragebogen.Fragen.AntwortVorlage.AntwortDatum.Datumsgenauigkeit","mii-lm-pro.Fragebogen.Fragen.AntwortVorlage.AntwortDatum.Datumsgenauigkeit","","","",0,1,"","","","code {[]} {[]}
","Genauigkeit","Tag, Monat oder Jahr","","","","","","","","","",,,,,"",,,,"mii-lm-pro.Fragebogen.Fragen.AntwortVorlage.AntwortDatum.Datumsgenauigkeit",0,1,"",""
"mii-lm-pro.Fragebogen.Fragen.AntwortVorlage.AntwortNumerischerWert","mii-lm-pro.Fragebogen.Fragen.AntwortVorlage.AntwortNumerischerWert","","","",0,1,"","","","BackboneElement {[]} {[]}
","Numerische Antwort","Spezifikation für numerische Antworten","","","","","","","","","",,,,,"",,,,"mii-lm-pro.Fragebogen.Fragen.AntwortVorlage.AntwortNumerischerWert",0,1,"","ele-1:All FHIR elements must have a @value or children {hasValue() or (children().count() > id.count())}
"
"mii-lm-pro.Fragebogen.Fragen.AntwortVorlage.AntwortNumerischerWert.id","mii-lm-pro.Fragebogen.Fragen.AntwortVorlage.AntwortNumerischerWert.id","","","",0,1,"","","","string {[]} {[]}
","Unique id for inter-element referencing","Unique id for the element within a resource (for internal references). This may be any string value that does not contain spaces.","","","","","","","","","",,,,,"",,,,"Element.id",0,1,"",""
"mii-lm-pro.Fragebogen.Fragen.AntwortVorlage.AntwortNumerischerWert.extension","mii-lm-pro.Fragebogen.Fragen.AntwortVorlage.AntwortNumerischerWert.extension","","extensions
user content","",0,*,"","","","Extension {[]} {[]}
","Additional content defined by implementations","May be used to represent additional information that is not part of the basic definition of the element. To make the use of extensions safe and manageable, there is a strict set of governance  applied to the definition and use of extensions. Though any implementer can define an extension, there is a set of requirements that SHALL be met as part of the definition of the extension.","There can be no stigma associated with the use of extensions by any application, project, or standard - regardless of the institution or jurisdiction that uses or defines the extensions.  The use of extensions is what allows the FHIR specification to retain a core level of simplicity for everyone.","","","","","","","","",,,,,"","value:url}
","Extensions are always sliced by (at least) url",,"open","Element.extension",0,*,"","ele-1:All FHIR elements must have a @value or children {hasValue() or (children().count() > id.count())}
ext-1:Must have either extensions or value[x], not both {extension.exists() != value.exists()}"
"mii-lm-pro.Fragebogen.Fragen.AntwortVorlage.AntwortNumerischerWert.modifierExtension","mii-lm-pro.Fragebogen.Fragen.AntwortVorlage.AntwortNumerischerWert.modifierExtension","","extensions
user contentmodifiers","",0,*,"","Y","Y","Extension {[]} {[]}
","Extensions that cannot be ignored even if unrecognized","May be used to represent additional information that is not part of the basic definition of the element and that modifies the understanding of the element in which it is contained and/or the understanding of the containing element's descendants. Usually modifier elements provide negation or qualification. To make the use of extensions safe and manageable, there is a strict set of governance applied to the definition and use of extensions. Though any implementer can define an extension, there is a set of requirements that SHALL be met as part of the definition of the extension. Applications processing a resource are required to check for modifier extensions.

Modifier extensions SHALL NOT change the meaning of any elements on Resource or DomainResource (including cannot change the meaning of modifierExtension itself).","There can be no stigma associated with the use of extensions by any application, project, or standard - regardless of the institution or jurisdiction that uses or defines the extensions.  The use of extensions is what allows the FHIR specification to retain a core level of simplicity for everyone.","Modifier extensions allow for extensions that *cannot* be safely ignored to be clearly distinguished from the vast majority of extensions which can be safely ignored.  This promotes interoperability by eliminating the need for implementers to prohibit the presence of extensions. For further information, see the [definition of modifier extensions](http://hl7.org/fhir/R4/extensibility.html#modifierExtension).","","","","","","","",,,,,"",,,,"BackboneElement.modifierExtension",0,*,"","ele-1:All FHIR elements must have a @value or children {hasValue() or (children().count() > id.count())}
ext-1:Must have either extensions or value[x], not both {extension.exists() != value.exists()}"
"mii-lm-pro.Fragebogen.Fragen.AntwortVorlage.AntwortNumerischerWert.AntwortNumerischerWertKleinster","mii-lm-pro.Fragebogen.Fragen.AntwortVorlage.AntwortNumerischerWert.AntwortNumerischerWertKleinster","","","",0,1,"","","","decimal {[]} {[]}
","Minimum","Kleinster erlaubter Wert","","","","","","","","","",,,,,"",,,,"mii-lm-pro.Fragebogen.Fragen.AntwortVorlage.AntwortNumerischerWert.AntwortNumerischerWertKleinster",0,1,"",""
"mii-lm-pro.Fragebogen.Fragen.AntwortVorlage.AntwortNumerischerWert.AntwortNumerischerWertGroesster","mii-lm-pro.Fragebogen.Fragen.AntwortVorlage.AntwortNumerischerWert.AntwortNumerischerWertGroesster","","","",0,1,"","","","decimal {[]} {[]}
","Maximum","Größter erlaubter Wert","","","","","","","","","",,,,,"",,,,"mii-lm-pro.Fragebogen.Fragen.AntwortVorlage.AntwortNumerischerWert.AntwortNumerischerWertGroesster",0,1,"",""
"mii-lm-pro.Fragebogen.Fragen.AntwortVorlage.AntwortNumerischerWert.AntwortNumerischerWertEinheit","mii-lm-pro.Fragebogen.Fragen.AntwortVorlage.AntwortNumerischerWert.AntwortNumerischerWertEinheit","","","",0,1,"","","","code {[]} {[]}
","Einheit","UCUM-Code der Einheit","","","","","","","","","",,,,,"",,,,"mii-lm-pro.Fragebogen.Fragen.AntwortVorlage.AntwortNumerischerWert.AntwortNumerischerWertEinheit",0,1,"",""
"mii-lm-pro.Fragebogen.Fragen.AntwortVorlage.AntwortNumerischerWert.AntwortNumerischerWertPraezision","mii-lm-pro.Fragebogen.Fragen.AntwortVorlage.AntwortNumerischerWert.AntwortNumerischerWertPraezision","","","",0,1,"","","","integer {[]} {[]}
","Dezimalstellen","Anzahl der Nachkommastellen","","","","","","","","","",,,,,"",,,,"mii-lm-pro.Fragebogen.Fragen.AntwortVorlage.AntwortNumerischerWert.AntwortNumerischerWertPraezision",0,1,"",""
"mii-lm-pro.Fragebogen.Fragen.AntwortVorlage.AntwortString","mii-lm-pro.Fragebogen.Fragen.AntwortVorlage.AntwortString","","","",0,1,"","","","BackboneElement {[]} {[]}
","Text-Antwort","Spezifikation für Textantworten","","","","","","","","","",,,,,"",,,,"mii-lm-pro.Fragebogen.Fragen.AntwortVorlage.AntwortString",0,1,"","ele-1:All FHIR elements must have a @value or children {hasValue() or (children().count() > id.count())}
"
"mii-lm-pro.Fragebogen.Fragen.AntwortVorlage.AntwortString.id","mii-lm-pro.Fragebogen.Fragen.AntwortVorlage.AntwortString.id","","","",0,1,"","","","string {[]} {[]}
","Unique id for inter-element referencing","Unique id for the element within a resource (for internal references). This may be any string value that does not contain spaces.","","","","","","","","","",,,,,"",,,,"Element.id",0,1,"",""
"mii-lm-pro.Fragebogen.Fragen.AntwortVorlage.AntwortString.extension","mii-lm-pro.Fragebogen.Fragen.AntwortVorlage.AntwortString.extension","","extensions
user content","",0,*,"","","","Extension {[]} {[]}
","Additional content defined by implementations","May be used to represent additional information that is not part of the basic definition of the element. To make the use of extensions safe and manageable, there is a strict set of governance  applied to the definition and use of extensions. Though any implementer can define an extension, there is a set of requirements that SHALL be met as part of the definition of the extension.","There can be no stigma associated with the use of extensions by any application, project, or standard - regardless of the institution or jurisdiction that uses or defines the extensions.  The use of extensions is what allows the FHIR specification to retain a core level of simplicity for everyone.","","","","","","","","",,,,,"","value:url}
","Extensions are always sliced by (at least) url",,"open","Element.extension",0,*,"","ele-1:All FHIR elements must have a @value or children {hasValue() or (children().count() > id.count())}
ext-1:Must have either extensions or value[x], not both {extension.exists() != value.exists()}"
"mii-lm-pro.Fragebogen.Fragen.AntwortVorlage.AntwortString.modifierExtension","mii-lm-pro.Fragebogen.Fragen.AntwortVorlage.AntwortString.modifierExtension","","extensions
user contentmodifiers","",0,*,"","Y","Y","Extension {[]} {[]}
","Extensions that cannot be ignored even if unrecognized","May be used to represent additional information that is not part of the basic definition of the element and that modifies the understanding of the element in which it is contained and/or the understanding of the containing element's descendants. Usually modifier elements provide negation or qualification. To make the use of extensions safe and manageable, there is a strict set of governance applied to the definition and use of extensions. Though any implementer can define an extension, there is a set of requirements that SHALL be met as part of the definition of the extension. Applications processing a resource are required to check for modifier extensions.

Modifier extensions SHALL NOT change the meaning of any elements on Resource or DomainResource (including cannot change the meaning of modifierExtension itself).","There can be no stigma associated with the use of extensions by any application, project, or standard - regardless of the institution or jurisdiction that uses or defines the extensions.  The use of extensions is what allows the FHIR specification to retain a core level of simplicity for everyone.","Modifier extensions allow for extensions that *cannot* be safely ignored to be clearly distinguished from the vast majority of extensions which can be safely ignored.  This promotes interoperability by eliminating the need for implementers to prohibit the presence of extensions. For further information, see the [definition of modifier extensions](http://hl7.org/fhir/R4/extensibility.html#modifierExtension).","","","","","","","",,,,,"",,,,"BackboneElement.modifierExtension",0,*,"","ele-1:All FHIR elements must have a @value or children {hasValue() or (children().count() > id.count())}
ext-1:Must have either extensions or value[x], not both {extension.exists() != value.exists()}"
"mii-lm-pro.Fragebogen.Fragen.AntwortVorlage.AntwortString.AntwortStringMinLength","mii-lm-pro.Fragebogen.Fragen.AntwortVorlage.AntwortString.AntwortStringMinLength","","","",0,1,"","","","integer {[]} {[]}
","Minimale Länge","Minimale Anzahl Zeichen","","","","","","","","","",,,,,"",,,,"mii-lm-pro.Fragebogen.Fragen.AntwortVorlage.AntwortString.AntwortStringMinLength",0,1,"",""
"mii-lm-pro.Fragebogen.Fragen.AntwortVorlage.AntwortString.AntwortStringMaxLength","mii-lm-pro.Fragebogen.Fragen.AntwortVorlage.AntwortString.AntwortStringMaxLength","","","",0,1,"","","","integer {[]} {[]}
","Maximale Länge","Maximale Anzahl Zeichen","","","","","","","","","",,,,,"",,,,"mii-lm-pro.Fragebogen.Fragen.AntwortVorlage.AntwortString.AntwortStringMaxLength",0,1,"",""
"mii-lm-pro.Fragebogen.Fragen.AntwortVorlage.AntwortAuswahl","mii-lm-pro.Fragebogen.Fragen.AntwortVorlage.AntwortAuswahl","","","",0,*,"","","","BackboneElement {[]} {[]}
","Auswahlantworten","Vordefinierte Antwortoptionen","","","","","","","","","",,,,,"",,,,"mii-lm-pro.Fragebogen.Fragen.AntwortVorlage.AntwortAuswahl",0,*,"","ele-1:All FHIR elements must have a @value or children {hasValue() or (children().count() > id.count())}
"
"mii-lm-pro.Fragebogen.Fragen.AntwortVorlage.AntwortAuswahl.id","mii-lm-pro.Fragebogen.Fragen.AntwortVorlage.AntwortAuswahl.id","","","",0,1,"","","","string {[]} {[]}
","Unique id for inter-element referencing","Unique id for the element within a resource (for internal references). This may be any string value that does not contain spaces.","","","","","","","","","",,,,,"",,,,"Element.id",0,1,"",""
"mii-lm-pro.Fragebogen.Fragen.AntwortVorlage.AntwortAuswahl.extension","mii-lm-pro.Fragebogen.Fragen.AntwortVorlage.AntwortAuswahl.extension","","extensions
user content","",0,*,"","","","Extension {[]} {[]}
","Additional content defined by implementations","May be used to represent additional information that is not part of the basic definition of the element. To make the use of extensions safe and manageable, there is a strict set of governance  applied to the definition and use of extensions. Though any implementer can define an extension, there is a set of requirements that SHALL be met as part of the definition of the extension.","There can be no stigma associated with the use of extensions by any application, project, or standard - regardless of the institution or jurisdiction that uses or defines the extensions.  The use of extensions is what allows the FHIR specification to retain a core level of simplicity for everyone.","","","","","","","","",,,,,"","value:url}
","Extensions are always sliced by (at least) url",,"open","Element.extension",0,*,"","ele-1:All FHIR elements must have a @value or children {hasValue() or (children().count() > id.count())}
ext-1:Must have either extensions or value[x], not both {extension.exists() != value.exists()}"
"mii-lm-pro.Fragebogen.Fragen.AntwortVorlage.AntwortAuswahl.modifierExtension","mii-lm-pro.Fragebogen.Fragen.AntwortVorlage.AntwortAuswahl.modifierExtension","","extensions
user contentmodifiers","",0,*,"","Y","Y","Extension {[]} {[]}
","Extensions that cannot be ignored even if unrecognized","May be used to represent additional information that is not part of the basic definition of the element and that modifies the understanding of the element in which it is contained and/or the understanding of the containing element's descendants. Usually modifier elements provide negation or qualification. To make the use of extensions safe and manageable, there is a strict set of governance applied to the definition and use of extensions. Though any implementer can define an extension, there is a set of requirements that SHALL be met as part of the definition of the extension. Applications processing a resource are required to check for modifier extensions.

Modifier extensions SHALL NOT change the meaning of any elements on Resource or DomainResource (including cannot change the meaning of modifierExtension itself).","There can be no stigma associated with the use of extensions by any application, project, or standard - regardless of the institution or jurisdiction that uses or defines the extensions.  The use of extensions is what allows the FHIR specification to retain a core level of simplicity for everyone.","Modifier extensions allow for extensions that *cannot* be safely ignored to be clearly distinguished from the vast majority of extensions which can be safely ignored.  This promotes interoperability by eliminating the need for implementers to prohibit the presence of extensions. For further information, see the [definition of modifier extensions](http://hl7.org/fhir/R4/extensibility.html#modifierExtension).","","","","","","","",,,,,"",,,,"BackboneElement.modifierExtension",0,*,"","ele-1:All FHIR elements must have a @value or children {hasValue() or (children().count() > id.count())}
ext-1:Must have either extensions or value[x], not both {extension.exists() != value.exists()}"
"mii-lm-pro.Fragebogen.Fragen.AntwortVorlage.AntwortAuswahl.Mehrfachauswahl","mii-lm-pro.Fragebogen.Fragen.AntwortVorlage.AntwortAuswahl.Mehrfachauswahl","","","",0,1,"","","","boolean {[]} {[]}
","Mehrfachauswahl","Ob mehrere Optionen wählbar sind","","","","","","","","","",,,,,"",,,,"mii-lm-pro.Fragebogen.Fragen.AntwortVorlage.AntwortAuswahl.Mehrfachauswahl",0,1,"",""
"mii-lm-pro.Fragebogen.Fragen.AntwortVorlage.AntwortAuswahl.AntwortStandardValueSetReference","mii-lm-pro.Fragebogen.Fragen.AntwortVorlage.AntwortAuswahl.AntwortStandardValueSetReference","","","",0,1,"","","","uri {[]} {[]}
","ValueSet Referenz","Verweis auf externes ValueSet","","","","","","","","","",,,,,"",,,,"mii-lm-pro.Fragebogen.Fragen.AntwortVorlage.AntwortAuswahl.AntwortStandardValueSetReference",0,1,"",""
"mii-lm-pro.Fragebogen.Fragen.AntwortVorlage.AntwortAuswahl.AntwortAuswahlOption","mii-lm-pro.Fragebogen.Fragen.AntwortVorlage.AntwortAuswahl.AntwortAuswahlOption","","","",1,*,"","","","BackboneElement {[]} {[]}
","Antwortoption","Einzelne Antwortoption","","","","","","","","","",,,,,"",,,,"mii-lm-pro.Fragebogen.Fragen.AntwortVorlage.AntwortAuswahl.AntwortAuswahlOption",1,*,"","ele-1:All FHIR elements must have a @value or children {hasValue() or (children().count() > id.count())}
","Questionnaire.item.answerOption"
"mii-lm-pro.Fragebogen.Fragen.AntwortVorlage.AntwortAuswahl.AntwortAuswahlOption.id","mii-lm-pro.Fragebogen.Fragen.AntwortVorlage.AntwortAuswahl.AntwortAuswahlOption.id","","","",0,1,"","","","string {[]} {[]}
","Unique id for inter-element referencing","Unique id for the element within a resource (for internal references). This may be any string value that does not contain spaces.","","","","","","","","","",,,,,"",,,,"Element.id",0,1,"",""
"mii-lm-pro.Fragebogen.Fragen.AntwortVorlage.AntwortAuswahl.AntwortAuswahlOption.extension","mii-lm-pro.Fragebogen.Fragen.AntwortVorlage.AntwortAuswahl.AntwortAuswahlOption.extension","","extensions
user content","",0,*,"","","","Extension {[]} {[]}
","Additional content defined by implementations","May be used to represent additional information that is not part of the basic definition of the element. To make the use of extensions safe and manageable, there is a strict set of governance  applied to the definition and use of extensions. Though any implementer can define an extension, there is a set of requirements that SHALL be met as part of the definition of the extension.","There can be no stigma associated with the use of extensions by any application, project, or standard - regardless of the institution or jurisdiction that uses or defines the extensions.  The use of extensions is what allows the FHIR specification to retain a core level of simplicity for everyone.","","","","","","","","",,,,,"","value:url}
","Extensions are always sliced by (at least) url",,"open","Element.extension",0,*,"","ele-1:All FHIR elements must have a @value or children {hasValue() or (children().count() > id.count())}
ext-1:Must have either extensions or value[x], not both {extension.exists() != value.exists()}"
"mii-lm-pro.Fragebogen.Fragen.AntwortVorlage.AntwortAuswahl.AntwortAuswahlOption.modifierExtension","mii-lm-pro.Fragebogen.Fragen.AntwortVorlage.AntwortAuswahl.AntwortAuswahlOption.modifierExtension","","extensions
user contentmodifiers","",0,*,"","Y","Y","Extension {[]} {[]}
","Extensions that cannot be ignored even if unrecognized","May be used to represent additional information that is not part of the basic definition of the element and that modifies the understanding of the element in which it is contained and/or the understanding of the containing element's descendants. Usually modifier elements provide negation or qualification. To make the use of extensions safe and manageable, there is a strict set of governance applied to the definition and use of extensions. Though any implementer can define an extension, there is a set of requirements that SHALL be met as part of the definition of the extension. Applications processing a resource are required to check for modifier extensions.

Modifier extensions SHALL NOT change the meaning of any elements on Resource or DomainResource (including cannot change the meaning of modifierExtension itself).","There can be no stigma associated with the use of extensions by any application, project, or standard - regardless of the institution or jurisdiction that uses or defines the extensions.  The use of extensions is what allows the FHIR specification to retain a core level of simplicity for everyone.","Modifier extensions allow for extensions that *cannot* be safely ignored to be clearly distinguished from the vast majority of extensions which can be safely ignored.  This promotes interoperability by eliminating the need for implementers to prohibit the presence of extensions. For further information, see the [definition of modifier extensions](http://hl7.org/fhir/R4/extensibility.html#modifierExtension).","","","","","","","",,,,,"",,,,"BackboneElement.modifierExtension",0,*,"","ele-1:All FHIR elements must have a @value or children {hasValue() or (children().count() > id.count())}
ext-1:Must have either extensions or value[x], not both {extension.exists() != value.exists()}"
"mii-lm-pro.Fragebogen.Fragen.AntwortVorlage.AntwortAuswahl.AntwortAuswahlOption.AntwortOptionText","mii-lm-pro.Fragebogen.Fragen.AntwortVorlage.AntwortAuswahl.AntwortAuswahlOption.AntwortOptionText","","","",1,1,"","","","string {[]} {[]}
","Anzeigetext","Text der Antwortoption","","","","","","","","","",,,,,"",,,,"mii-lm-pro.Fragebogen.Fragen.AntwortVorlage.AntwortAuswahl.AntwortAuswahlOption.AntwortOptionText",1,1,"",""
"mii-lm-pro.Fragebogen.Fragen.AntwortVorlage.AntwortAuswahl.AntwortAuswahlOption.AntwortOptionExklusive","mii-lm-pro.Fragebogen.Fragen.AntwortVorlage.AntwortAuswahl.AntwortAuswahlOption.AntwortOptionExklusive","","","",0,1,"","","","boolean {[]} {[]}
","Exklusiv","Schließt andere Optionen aus","","","","","","","","","",,,,,"",,,,"mii-lm-pro.Fragebogen.Fragen.AntwortVorlage.AntwortAuswahl.AntwortAuswahlOption.AntwortOptionExklusive",0,1,"",""
"mii-lm-pro.Fragebogen.Fragen.AntwortVorlage.AntwortAuswahl.AntwortAuswahlOption.AntwortOptionCodeIntern","mii-lm-pro.Fragebogen.Fragen.AntwortVorlage.AntwortAuswahl.AntwortAuswahlOption.AntwortOptionCodeIntern","","","",0,1,"","","","code {[]} {[]}
","Interner Code","Einrichtungsspezifischer Code","","","","","","","","","",,,,,"",,,,"mii-lm-pro.Fragebogen.Fragen.AntwortVorlage.AntwortAuswahl.AntwortAuswahlOption.AntwortOptionCodeIntern",0,1,"",""
"mii-lm-pro.Fragebogen.Fragen.AntwortVorlage.AntwortAuswahl.AntwortAuswahlOption.AntwortOptionStandardCode","mii-lm-pro.Fragebogen.Fragen.AntwortVorlage.AntwortAuswahl.AntwortAuswahlOption.AntwortOptionStandardCode","","","",0,1,"","","","code {[]} {[]}
","Standard Code","Code aus Standardterminologie","","","","","","","","","",,,,,"",,,,"mii-lm-pro.Fragebogen.Fragen.AntwortVorlage.AntwortAuswahl.AntwortAuswahlOption.AntwortOptionStandardCode",0,1,"",""
"mii-lm-pro.Fragebogen.Fragen.AntwortVorlage.AntwortAuswahl.AntwortAuswahlOption.AntwortOptionStandardSystem","mii-lm-pro.Fragebogen.Fragen.AntwortVorlage.AntwortAuswahl.AntwortAuswahlOption.AntwortOptionStandardSystem","","","",0,1,"","","","uri {[]} {[]}
","Codesystem","URI des Codesystems","","","","","","","","","",,,,,"",,,,"mii-lm-pro.Fragebogen.Fragen.AntwortVorlage.AntwortAuswahl.AntwortAuswahlOption.AntwortOptionStandardSystem",0,1,"",""
"mii-lm-pro.Fragebogen.Fragen.AntwortVorlage.AntwortAuswahl.AntwortAuswahlOption.AntwortOptionStandardSystemVersion","mii-lm-pro.Fragebogen.Fragen.AntwortVorlage.AntwortAuswahl.AntwortAuswahlOption.AntwortOptionStandardSystemVersion","","","",0,1,"","","","string {[]} {[]}
","Codesystem-Version","Version des Codesystems","","","","","","","","","",,,,,"",,,,"mii-lm-pro.Fragebogen.Fragen.AntwortVorlage.AntwortAuswahl.AntwortAuswahlOption.AntwortOptionStandardSystemVersion",0,1,"",""
"mii-lm-pro.Fragebogen.Fragen.AntwortVorlage.AntwortAuswahl.AntwortAuswahlOption.AntwortOptionGewicht","mii-lm-pro.Fragebogen.Fragen.AntwortVorlage.AntwortAuswahl.AntwortAuswahlOption.AntwortOptionGewicht","","","",0,1,"","","","decimal {[]} {[]}
","Scoring-Gewicht","Numerischer Wert für Score-Berechnung","","","","","","","","","",,,,,"",,,,"mii-lm-pro.Fragebogen.Fragen.AntwortVorlage.AntwortAuswahl.AntwortAuswahlOption.AntwortOptionGewicht",0,1,"",""
"mii-lm-pro.Fragebogen.Autoren","mii-lm-pro.Fragebogen.Autoren","","","",0,*,"","","","BackboneElement {[]} {[]}
","Autoren","Ersteller des Fragebogens","","","","","","","","","",,,,,"",,,,"mii-lm-pro.Fragebogen.Autoren",0,*,"","ele-1:All FHIR elements must have a @value or children {hasValue() or (children().count() > id.count())}
"
"mii-lm-pro.Fragebogen.Autoren.id","mii-lm-pro.Fragebogen.Autoren.id","","","",0,1,"","","","string {[]} {[]}
","Unique id for inter-element referencing","Unique id for the element within a resource (for internal references). This may be any string value that does not contain spaces.","","","","","","","","","",,,,,"",,,,"Element.id",0,1,"",""
"mii-lm-pro.Fragebogen.Autoren.extension","mii-lm-pro.Fragebogen.Autoren.extension","","extensions
user content","",0,*,"","","","Extension {[]} {[]}
","Additional content defined by implementations","May be used to represent additional information that is not part of the basic definition of the element. To make the use of extensions safe and manageable, there is a strict set of governance  applied to the definition and use of extensions. Though any implementer can define an extension, there is a set of requirements that SHALL be met as part of the definition of the extension.","There can be no stigma associated with the use of extensions by any application, project, or standard - regardless of the institution or jurisdiction that uses or defines the extensions.  The use of extensions is what allows the FHIR specification to retain a core level of simplicity for everyone.","","","","","","","","",,,,,"","value:url}
","Extensions are always sliced by (at least) url",,"open","Element.extension",0,*,"","ele-1:All FHIR elements must have a @value or children {hasValue() or (children().count() > id.count())}
ext-1:Must have either extensions or value[x], not both {extension.exists() != value.exists()}"
"mii-lm-pro.Fragebogen.Autoren.modifierExtension","mii-lm-pro.Fragebogen.Autoren.modifierExtension","","extensions
user contentmodifiers","",0,*,"","Y","Y","Extension {[]} {[]}
","Extensions that cannot be ignored even if unrecognized","May be used to represent additional information that is not part of the basic definition of the element and that modifies the understanding of the element in which it is contained and/or the understanding of the containing element's descendants. Usually modifier elements provide negation or qualification. To make the use of extensions safe and manageable, there is a strict set of governance applied to the definition and use of extensions. Though any implementer can define an extension, there is a set of requirements that SHALL be met as part of the definition of the extension. Applications processing a resource are required to check for modifier extensions.

Modifier extensions SHALL NOT change the meaning of any elements on Resource or DomainResource (including cannot change the meaning of modifierExtension itself).","There can be no stigma associated with the use of extensions by any application, project, or standard - regardless of the institution or jurisdiction that uses or defines the extensions.  The use of extensions is what allows the FHIR specification to retain a core level of simplicity for everyone.","Modifier extensions allow for extensions that *cannot* be safely ignored to be clearly distinguished from the vast majority of extensions which can be safely ignored.  This promotes interoperability by eliminating the need for implementers to prohibit the presence of extensions. For further information, see the [definition of modifier extensions](http://hl7.org/fhir/R4/extensibility.html#modifierExtension).","","","","","","","",,,,,"",,,,"BackboneElement.modifierExtension",0,*,"","ele-1:All FHIR elements must have a @value or children {hasValue() or (children().count() > id.count())}
ext-1:Must have either extensions or value[x], not both {extension.exists() != value.exists()}"
"mii-lm-pro.Fragebogen.Autoren.Autor","mii-lm-pro.Fragebogen.Autoren.Autor","","","",1,1,"","","","string {[]} {[]}
","Name","Name des Autors oder der Organisation","","","","","","","","","",,,,,"",,,,"mii-lm-pro.Fragebogen.Autoren.Autor",1,1,"",""
"mii-lm-pro.Fragebogen.Copyright","mii-lm-pro.Fragebogen.Copyright","","","",0,1,"","","","string {[]} {[]}
","Copyright","Urheberrechtsinformationen","","","","","","","","","",,,,,"",,,,"mii-lm-pro.Fragebogen.Copyright",0,1,"","","Questionnaire.copyright"
"mii-lm-pro.AusgefuellterFragebogen","mii-lm-pro.AusgefuellterFragebogen","","","",0,*,"","","","BackboneElement {[]} {[]}
","Ausgefüllter Fragebogen (QuestionnaireResponse)","Ausgefüllte Instanz eines Fragebogens","","","","","","","","","",,,,,"",,,,"mii-lm-pro.AusgefuellterFragebogen",0,*,"","ele-1:All FHIR elements must have a @value or children {hasValue() or (children().count() > id.count())}
","QuestionnaireResponse"
"mii-lm-pro.AusgefuellterFragebogen.id","mii-lm-pro.AusgefuellterFragebogen.id","","","",0,1,"","","","string {[]} {[]}
","Unique id for inter-element referencing","Unique id for the element within a resource (for internal references). This may be any string value that does not contain spaces.","","","","","","","","","",,,,,"",,,,"Element.id",0,1,"",""
"mii-lm-pro.AusgefuellterFragebogen.extension","mii-lm-pro.AusgefuellterFragebogen.extension","","extensions
user content","",0,*,"","","","Extension {[]} {[]}
","Additional content defined by implementations","May be used to represent additional information that is not part of the basic definition of the element. To make the use of extensions safe and manageable, there is a strict set of governance  applied to the definition and use of extensions. Though any implementer can define an extension, there is a set of requirements that SHALL be met as part of the definition of the extension.","There can be no stigma associated with the use of extensions by any application, project, or standard - regardless of the institution or jurisdiction that uses or defines the extensions.  The use of extensions is what allows the FHIR specification to retain a core level of simplicity for everyone.","","","","","","","","",,,,,"","value:url}
","Extensions are always sliced by (at least) url",,"open","Element.extension",0,*,"","ele-1:All FHIR elements must have a @value or children {hasValue() or (children().count() > id.count())}
ext-1:Must have either extensions or value[x], not both {extension.exists() != value.exists()}"
"mii-lm-pro.AusgefuellterFragebogen.modifierExtension","mii-lm-pro.AusgefuellterFragebogen.modifierExtension","","extensions
user contentmodifiers","",0,*,"","Y","Y","Extension {[]} {[]}
","Extensions that cannot be ignored even if unrecognized","May be used to represent additional information that is not part of the basic definition of the element and that modifies the understanding of the element in which it is contained and/or the understanding of the containing element's descendants. Usually modifier elements provide negation or qualification. To make the use of extensions safe and manageable, there is a strict set of governance applied to the definition and use of extensions. Though any implementer can define an extension, there is a set of requirements that SHALL be met as part of the definition of the extension. Applications processing a resource are required to check for modifier extensions.

Modifier extensions SHALL NOT change the meaning of any elements on Resource or DomainResource (including cannot change the meaning of modifierExtension itself).","There can be no stigma associated with the use of extensions by any application, project, or standard - regardless of the institution or jurisdiction that uses or defines the extensions.  The use of extensions is what allows the FHIR specification to retain a core level of simplicity for everyone.","Modifier extensions allow for extensions that *cannot* be safely ignored to be clearly distinguished from the vast majority of extensions which can be safely ignored.  This promotes interoperability by eliminating the need for implementers to prohibit the presence of extensions. For further information, see the [definition of modifier extensions](http://hl7.org/fhir/R4/extensibility.html#modifierExtension).","","","","","","","",,,,,"",,,,"BackboneElement.modifierExtension",0,*,"","ele-1:All FHIR elements must have a @value or children {hasValue() or (children().count() > id.count())}
ext-1:Must have either extensions or value[x], not both {extension.exists() != value.exists()}"
"mii-lm-pro.AusgefuellterFragebogen.FragebogenIDIntern","mii-lm-pro.AusgefuellterFragebogen.FragebogenIDIntern","","","",1,1,"","","","string {[]} {[]}
","Referenz zum Fragebogen","Verweis auf den zugrundeliegenden Fragebogen","","","","","","","","","",,,,,"",,,,"mii-lm-pro.AusgefuellterFragebogen.FragebogenIDIntern",1,1,"","","QuestionnaireResponse.questionnaire"
"mii-lm-pro.AusgefuellterFragebogen.Antwort","mii-lm-pro.AusgefuellterFragebogen.Antwort","","","",0,*,"","","","BackboneElement {[]} {[]}
","Antworten","Erfasste Antworten","","","","","","","","","",,,,,"",,,,"mii-lm-pro.AusgefuellterFragebogen.Antwort",0,*,"","ele-1:All FHIR elements must have a @value or children {hasValue() or (children().count() > id.count())}
","QuestionnaireResponse.item"
"mii-lm-pro.AusgefuellterFragebogen.Antwort.id","mii-lm-pro.AusgefuellterFragebogen.Antwort.id","","","",0,1,"","","","string {[]} {[]}
","Unique id for inter-element referencing","Unique id for the element within a resource (for internal references). This may be any string value that does not contain spaces.","","","","","","","","","",,,,,"",,,,"Element.id",0,1,"",""
"mii-lm-pro.AusgefuellterFragebogen.Antwort.extension","mii-lm-pro.AusgefuellterFragebogen.Antwort.extension","","extensions
user content","",0,*,"","","","Extension {[]} {[]}
","Additional content defined by implementations","May be used to represent additional information that is not part of the basic definition of the element. To make the use of extensions safe and manageable, there is a strict set of governance  applied to the definition and use of extensions. Though any implementer can define an extension, there is a set of requirements that SHALL be met as part of the definition of the extension.","There can be no stigma associated with the use of extensions by any application, project, or standard - regardless of the institution or jurisdiction that uses or defines the extensions.  The use of extensions is what allows the FHIR specification to retain a core level of simplicity for everyone.","","","","","","","","",,,,,"","value:url}
","Extensions are always sliced by (at least) url",,"open","Element.extension",0,*,"","ele-1:All FHIR elements must have a @value or children {hasValue() or (children().count() > id.count())}
ext-1:Must have either extensions or value[x], not both {extension.exists() != value.exists()}"
"mii-lm-pro.AusgefuellterFragebogen.Antwort.modifierExtension","mii-lm-pro.AusgefuellterFragebogen.Antwort.modifierExtension","","extensions
user contentmodifiers","",0,*,"","Y","Y","Extension {[]} {[]}
","Extensions that cannot be ignored even if unrecognized","May be used to represent additional information that is not part of the basic definition of the element and that modifies the understanding of the element in which it is contained and/or the understanding of the containing element's descendants. Usually modifier elements provide negation or qualification. To make the use of extensions safe and manageable, there is a strict set of governance applied to the definition and use of extensions. Though any implementer can define an extension, there is a set of requirements that SHALL be met as part of the definition of the extension. Applications processing a resource are required to check for modifier extensions.

Modifier extensions SHALL NOT change the meaning of any elements on Resource or DomainResource (including cannot change the meaning of modifierExtension itself).","There can be no stigma associated with the use of extensions by any application, project, or standard - regardless of the institution or jurisdiction that uses or defines the extensions.  The use of extensions is what allows the FHIR specification to retain a core level of simplicity for everyone.","Modifier extensions allow for extensions that *cannot* be safely ignored to be clearly distinguished from the vast majority of extensions which can be safely ignored.  This promotes interoperability by eliminating the need for implementers to prohibit the presence of extensions. For further information, see the [definition of modifier extensions](http://hl7.org/fhir/R4/extensibility.html#modifierExtension).","","","","","","","",,,,,"",,,,"BackboneElement.modifierExtension",0,*,"","ele-1:All FHIR elements must have a @value or children {hasValue() or (children().count() > id.count())}
ext-1:Must have either extensions or value[x], not both {extension.exists() != value.exists()}"
"mii-lm-pro.AusgefuellterFragebogen.Antwort.AntwortErfasst","mii-lm-pro.AusgefuellterFragebogen.Antwort.AntwortErfasst","","","",0,1,"","","","boolean {[]} {[]}
","Antwort vorhanden","Ob eine Antwort gegeben wurde","","","","","","","","","",,,,,"",,,,"mii-lm-pro.AusgefuellterFragebogen.Antwort.AntwortErfasst",0,1,"",""
"mii-lm-pro.AusgefuellterFragebogen.Antwort.FragenIntern","mii-lm-pro.AusgefuellterFragebogen.Antwort.FragenIntern","","","",1,1,"","","","string {[]} {[]}
","Frage-Referenz","Verweis auf die beantwortete Frage","","","","","","","","","",,,,,"",,,,"mii-lm-pro.AusgefuellterFragebogen.Antwort.FragenIntern",1,1,"","","QuestionnaireResponse.item.linkId"
"mii-lm-pro.AusgefuellterFragebogen.Antwort.AntwortCode","mii-lm-pro.AusgefuellterFragebogen.Antwort.AntwortCode","","","",0,1,"","","","code {[]} {[]}
","Antwort-Code","Codierte Antwort","","","","","","","","","",,,,,"",,,,"mii-lm-pro.AusgefuellterFragebogen.Antwort.AntwortCode",0,1,"","","QuestionnaireResponse.item.answer.valueCoding"
"mii-lm-pro.AusgefuellterFragebogen.Antwort.AntwortNummer","mii-lm-pro.AusgefuellterFragebogen.Antwort.AntwortNummer","","","",0,1,"","","","decimal {[]} {[]}
","Numerische Antwort","Zahlenwert als Antwort","","","","","","","","","",,,,,"",,,,"mii-lm-pro.AusgefuellterFragebogen.Antwort.AntwortNummer",0,1,"","","QuestionnaireResponse.item.answer.valueDecimal"
"mii-lm-pro.AusgefuellterFragebogen.Antwort.AntwortString","mii-lm-pro.AusgefuellterFragebogen.Antwort.AntwortString","","","",0,1,"","","","string {[]} {[]}
","Text-Antwort","Freitext als Antwort","","","","","","","","","",,,,,"",,,,"mii-lm-pro.AusgefuellterFragebogen.Antwort.AntwortString",0,1,"","","QuestionnaireResponse.item.answer.valueString"
"mii-lm-pro.AusgefuellterFragebogen.Antwort.AntwortDatum","mii-lm-pro.AusgefuellterFragebogen.Antwort.AntwortDatum","","","",0,1,"","","","date {[]} {[]}
","Datums-Antwort","Datum als Antwort","","","","","","","","","",,,,,"",,,,"mii-lm-pro.AusgefuellterFragebogen.Antwort.AntwortDatum",0,1,"","","QuestionnaireResponse.item.answer.valueDate"
"mii-lm-pro.AusgefuellterFragebogen.Antwort.Erfassungsdatum","mii-lm-pro.AusgefuellterFragebogen.Antwort.Erfassungsdatum","","","",0,1,"","","","dateTime {[]} {[]}
","Erfassungszeitpunkt","Zeitpunkt der Antworterfassung","","","","","","","","","",,,,,"",,,,"mii-lm-pro.AusgefuellterFragebogen.Antwort.Erfassungsdatum",0,1,"","","QuestionnaireResponse.authored"
"mii-lm-pro.AusgefuellterFragebogen.Antwort.AntwortVorlage","mii-lm-pro.AusgefuellterFragebogen.Antwort.AntwortVorlage","","","",0,1,"","","","BackboneElement {[]} {[]}
","Gewählte Option","Bei Auswahlantworten","","","","","","","","","",,,,,"",,,,"mii-lm-pro.AusgefuellterFragebogen.Antwort.AntwortVorlage",0,1,"","ele-1:All FHIR elements must have a @value or children {hasValue() or (children().count() > id.count())}
"
"mii-lm-pro.AusgefuellterFragebogen.Antwort.AntwortVorlage.id","mii-lm-pro.AusgefuellterFragebogen.Antwort.AntwortVorlage.id","","","",0,1,"","","","string {[]} {[]}
","Unique id for inter-element referencing","Unique id for the element within a resource (for internal references). This may be any string value that does not contain spaces.","","","","","","","","","",,,,,"",,,,"Element.id",0,1,"",""
"mii-lm-pro.AusgefuellterFragebogen.Antwort.AntwortVorlage.extension","mii-lm-pro.AusgefuellterFragebogen.Antwort.AntwortVorlage.extension","","extensions
user content","",0,*,"","","","Extension {[]} {[]}
","Additional content defined by implementations","May be used to represent additional information that is not part of the basic definition of the element. To make the use of extensions safe and manageable, there is a strict set of governance  applied to the definition and use of extensions. Though any implementer can define an extension, there is a set of requirements that SHALL be met as part of the definition of the extension.","There can be no stigma associated with the use of extensions by any application, project, or standard - regardless of the institution or jurisdiction that uses or defines the extensions.  The use of extensions is what allows the FHIR specification to retain a core level of simplicity for everyone.","","","","","","","","",,,,,"","value:url}
","Extensions are always sliced by (at least) url",,"open","Element.extension",0,*,"","ele-1:All FHIR elements must have a @value or children {hasValue() or (children().count() > id.count())}
ext-1:Must have either extensions or value[x], not both {extension.exists() != value.exists()}"
"mii-lm-pro.AusgefuellterFragebogen.Antwort.AntwortVorlage.modifierExtension","mii-lm-pro.AusgefuellterFragebogen.Antwort.AntwortVorlage.modifierExtension","","extensions
user contentmodifiers","",0,*,"","Y","Y","Extension {[]} {[]}
","Extensions that cannot be ignored even if unrecognized","May be used to represent additional information that is not part of the basic definition of the element and that modifies the understanding of the element in which it is contained and/or the understanding of the containing element's descendants. Usually modifier elements provide negation or qualification. To make the use of extensions safe and manageable, there is a strict set of governance applied to the definition and use of extensions. Though any implementer can define an extension, there is a set of requirements that SHALL be met as part of the definition of the extension. Applications processing a resource are required to check for modifier extensions.

Modifier extensions SHALL NOT change the meaning of any elements on Resource or DomainResource (including cannot change the meaning of modifierExtension itself).","There can be no stigma associated with the use of extensions by any application, project, or standard - regardless of the institution or jurisdiction that uses or defines the extensions.  The use of extensions is what allows the FHIR specification to retain a core level of simplicity for everyone.","Modifier extensions allow for extensions that *cannot* be safely ignored to be clearly distinguished from the vast majority of extensions which can be safely ignored.  This promotes interoperability by eliminating the need for implementers to prohibit the presence of extensions. For further information, see the [definition of modifier extensions](http://hl7.org/fhir/R4/extensibility.html#modifierExtension).","","","","","","","",,,,,"",,,,"BackboneElement.modifierExtension",0,*,"","ele-1:All FHIR elements must have a @value or children {hasValue() or (children().count() > id.count())}
ext-1:Must have either extensions or value[x], not both {extension.exists() != value.exists()}"
"mii-lm-pro.AusgefuellterFragebogen.Antwort.AntwortVorlage.Antworttyp","mii-lm-pro.AusgefuellterFragebogen.Antwort.AntwortVorlage.Antworttyp","","","",1,1,"","","","code {[]} {[]}
","Typ","Typ der gewählten Antwort","","","","","","","","","",,,,,"",,,,"mii-lm-pro.AusgefuellterFragebogen.Antwort.AntwortVorlage.Antworttyp",1,1,"",""
"mii-lm-pro.AusgefuellterFragebogen.Antwort.AntwortVorlage.Antwortinhalt","mii-lm-pro.AusgefuellterFragebogen.Antwort.AntwortVorlage.Antwortinhalt","","","",0,1,"","","","string {[]} {[]}
","Inhalt","Inhalt der gewählten Option","","","","","","","","","",,,,,"",,,,"mii-lm-pro.AusgefuellterFragebogen.Antwort.AntwortVorlage.Antwortinhalt",0,1,"",""
"mii-lm-pro.Score","mii-lm-pro.Score","","","",0,*,"","","","BackboneElement {[]} {[]}
","Scores (Observation)","Berechnete Scores aus Fragebögen","","","","","","","","","",,,,,"",,,,"mii-lm-pro.Score",0,*,"","ele-1:All FHIR elements must have a @value or children {hasValue() or (children().count() > id.count())}
"
"mii-lm-pro.Score.id","mii-lm-pro.Score.id","","","",0,1,"","","","string {[]} {[]}
","Unique id for inter-element referencing","Unique id for the element within a resource (for internal references). This may be any string value that does not contain spaces.","","","","","","","","","",,,,,"",,,,"Element.id",0,1,"",""
"mii-lm-pro.Score.extension","mii-lm-pro.Score.extension","","extensions
user content","",0,*,"","","","Extension {[]} {[]}
","Additional content defined by implementations","May be used to represent additional information that is not part of the basic definition of the element. To make the use of extensions safe and manageable, there is a strict set of governance  applied to the definition and use of extensions. Though any implementer can define an extension, there is a set of requirements that SHALL be met as part of the definition of the extension.","There can be no stigma associated with the use of extensions by any application, project, or standard - regardless of the institution or jurisdiction that uses or defines the extensions.  The use of extensions is what allows the FHIR specification to retain a core level of simplicity for everyone.","","","","","","","","",,,,,"","value:url}
","Extensions are always sliced by (at least) url",,"open","Element.extension",0,*,"","ele-1:All FHIR elements must have a @value or children {hasValue() or (children().count() > id.count())}
ext-1:Must have either extensions or value[x], not both {extension.exists() != value.exists()}"
"mii-lm-pro.Score.modifierExtension","mii-lm-pro.Score.modifierExtension","","extensions
user contentmodifiers","",0,*,"","Y","Y","Extension {[]} {[]}
","Extensions that cannot be ignored even if unrecognized","May be used to represent additional information that is not part of the basic definition of the element and that modifies the understanding of the element in which it is contained and/or the understanding of the containing element's descendants. Usually modifier elements provide negation or qualification. To make the use of extensions safe and manageable, there is a strict set of governance applied to the definition and use of extensions. Though any implementer can define an extension, there is a set of requirements that SHALL be met as part of the definition of the extension. Applications processing a resource are required to check for modifier extensions.

Modifier extensions SHALL NOT change the meaning of any elements on Resource or DomainResource (including cannot change the meaning of modifierExtension itself).","There can be no stigma associated with the use of extensions by any application, project, or standard - regardless of the institution or jurisdiction that uses or defines the extensions.  The use of extensions is what allows the FHIR specification to retain a core level of simplicity for everyone.","Modifier extensions allow for extensions that *cannot* be safely ignored to be clearly distinguished from the vast majority of extensions which can be safely ignored.  This promotes interoperability by eliminating the need for implementers to prohibit the presence of extensions. For further information, see the [definition of modifier extensions](http://hl7.org/fhir/R4/extensibility.html#modifierExtension).","","","","","","","",,,,,"",,,,"BackboneElement.modifierExtension",0,*,"","ele-1:All FHIR elements must have a @value or children {hasValue() or (children().count() > id.count())}
ext-1:Must have either extensions or value[x], not both {extension.exists() != value.exists()}"
"mii-lm-pro.Score.ScoreVorlage","mii-lm-pro.Score.ScoreVorlage","","","",1,1,"","","","BackboneElement {[]} {[]}
","Score-Definition (ObservationDefinition)","Template für Score-Berechnung","","","","","","","","","",,,,,"",,,,"mii-lm-pro.Score.ScoreVorlage",1,1,"","ele-1:All FHIR elements must have a @value or children {hasValue() or (children().count() > id.count())}
","ObservationDefinition"
"mii-lm-pro.Score.ScoreVorlage.id","mii-lm-pro.Score.ScoreVorlage.id","","","",0,1,"","","","string {[]} {[]}
","Unique id for inter-element referencing","Unique id for the element within a resource (for internal references). This may be any string value that does not contain spaces.","","","","","","","","","",,,,,"",,,,"Element.id",0,1,"",""
"mii-lm-pro.Score.ScoreVorlage.extension","mii-lm-pro.Score.ScoreVorlage.extension","","extensions
user content","",0,*,"","","","Extension {[]} {[]}
","Additional content defined by implementations","May be used to represent additional information that is not part of the basic definition of the element. To make the use of extensions safe and manageable, there is a strict set of governance  applied to the definition and use of extensions. Though any implementer can define an extension, there is a set of requirements that SHALL be met as part of the definition of the extension.","There can be no stigma associated with the use of extensions by any application, project, or standard - regardless of the institution or jurisdiction that uses or defines the extensions.  The use of extensions is what allows the FHIR specification to retain a core level of simplicity for everyone.","","","","","","","","",,,,,"","value:url}
","Extensions are always sliced by (at least) url",,"open","Element.extension",0,*,"","ele-1:All FHIR elements must have a @value or children {hasValue() or (children().count() > id.count())}
ext-1:Must have either extensions or value[x], not both {extension.exists() != value.exists()}"
"mii-lm-pro.Score.ScoreVorlage.modifierExtension","mii-lm-pro.Score.ScoreVorlage.modifierExtension","","extensions
user contentmodifiers","",0,*,"","Y","Y","Extension {[]} {[]}
","Extensions that cannot be ignored even if unrecognized","May be used to represent additional information that is not part of the basic definition of the element and that modifies the understanding of the element in which it is contained and/or the understanding of the containing element's descendants. Usually modifier elements provide negation or qualification. To make the use of extensions safe and manageable, there is a strict set of governance applied to the definition and use of extensions. Though any implementer can define an extension, there is a set of requirements that SHALL be met as part of the definition of the extension. Applications processing a resource are required to check for modifier extensions.

Modifier extensions SHALL NOT change the meaning of any elements on Resource or DomainResource (including cannot change the meaning of modifierExtension itself).","There can be no stigma associated with the use of extensions by any application, project, or standard - regardless of the institution or jurisdiction that uses or defines the extensions.  The use of extensions is what allows the FHIR specification to retain a core level of simplicity for everyone.","Modifier extensions allow for extensions that *cannot* be safely ignored to be clearly distinguished from the vast majority of extensions which can be safely ignored.  This promotes interoperability by eliminating the need for implementers to prohibit the presence of extensions. For further information, see the [definition of modifier extensions](http://hl7.org/fhir/R4/extensibility.html#modifierExtension).","","","","","","","",,,,,"",,,,"BackboneElement.modifierExtension",0,*,"","ele-1:All FHIR elements must have a @value or children {hasValue() or (children().count() > id.count())}
ext-1:Must have either extensions or value[x], not both {extension.exists() != value.exists()}"
"mii-lm-pro.Score.ScoreVorlage.ScoreVorlageID","mii-lm-pro.Score.ScoreVorlage.ScoreVorlageID","","","",1,1,"","","","string {[]} {[]}
","Score-ID","Eindeutige Identifikation des Score-Typs","","","","","","","","","",,,,,"",,,,"mii-lm-pro.Score.ScoreVorlage.ScoreVorlageID",1,1,"","","ObservationDefinition.id"
"mii-lm-pro.Score.ScoreVorlage.ScoreName","mii-lm-pro.Score.ScoreVorlage.ScoreName","","","",1,1,"","","","string {[]} {[]}
","Score-Name","Bezeichnung des Scores","","","","","","","","","",,,,,"",,,,"mii-lm-pro.Score.ScoreVorlage.ScoreName",1,1,"","","ObservationDefinition.code.display"
"mii-lm-pro.Score.ScoreVorlage.Scoreberechnung","mii-lm-pro.Score.ScoreVorlage.Scoreberechnung","","","",1,1,"","","","BackboneElement {[]} {[]}
","Berechnungsvorschrift","Algorithmus zur Score-Berechnung","","","","","","","","","",,,,,"",,,,"mii-lm-pro.Score.ScoreVorlage.Scoreberechnung",1,1,"","ele-1:All FHIR elements must have a @value or children {hasValue() or (children().count() > id.count())}
"
"mii-lm-pro.Score.ScoreVorlage.Scoreberechnung.id","mii-lm-pro.Score.ScoreVorlage.Scoreberechnung.id","","","",0,1,"","","","string {[]} {[]}
","Unique id for inter-element referencing","Unique id for the element within a resource (for internal references). This may be any string value that does not contain spaces.","","","","","","","","","",,,,,"",,,,"Element.id",0,1,"",""
"mii-lm-pro.Score.ScoreVorlage.Scoreberechnung.extension","mii-lm-pro.Score.ScoreVorlage.Scoreberechnung.extension","","extensions
user content","",0,*,"","","","Extension {[]} {[]}
","Additional content defined by implementations","May be used to represent additional information that is not part of the basic definition of the element. To make the use of extensions safe and manageable, there is a strict set of governance  applied to the definition and use of extensions. Though any implementer can define an extension, there is a set of requirements that SHALL be met as part of the definition of the extension.","There can be no stigma associated with the use of extensions by any application, project, or standard - regardless of the institution or jurisdiction that uses or defines the extensions.  The use of extensions is what allows the FHIR specification to retain a core level of simplicity for everyone.","","","","","","","","",,,,,"","value:url}
","Extensions are always sliced by (at least) url",,"open","Element.extension",0,*,"","ele-1:All FHIR elements must have a @value or children {hasValue() or (children().count() > id.count())}
ext-1:Must have either extensions or value[x], not both {extension.exists() != value.exists()}"
"mii-lm-pro.Score.ScoreVorlage.Scoreberechnung.modifierExtension","mii-lm-pro.Score.ScoreVorlage.Scoreberechnung.modifierExtension","","extensions
user contentmodifiers","",0,*,"","Y","Y","Extension {[]} {[]}
","Extensions that cannot be ignored even if unrecognized","May be used to represent additional information that is not part of the basic definition of the element and that modifies the understanding of the element in which it is contained and/or the understanding of the containing element's descendants. Usually modifier elements provide negation or qualification. To make the use of extensions safe and manageable, there is a strict set of governance applied to the definition and use of extensions. Though any implementer can define an extension, there is a set of requirements that SHALL be met as part of the definition of the extension. Applications processing a resource are required to check for modifier extensions.

Modifier extensions SHALL NOT change the meaning of any elements on Resource or DomainResource (including cannot change the meaning of modifierExtension itself).","There can be no stigma associated with the use of extensions by any application, project, or standard - regardless of the institution or jurisdiction that uses or defines the extensions.  The use of extensions is what allows the FHIR specification to retain a core level of simplicity for everyone.","Modifier extensions allow for extensions that *cannot* be safely ignored to be clearly distinguished from the vast majority of extensions which can be safely ignored.  This promotes interoperability by eliminating the need for implementers to prohibit the presence of extensions. For further information, see the [definition of modifier extensions](http://hl7.org/fhir/R4/extensibility.html#modifierExtension).","","","","","","","",,,,,"",,,,"BackboneElement.modifierExtension",0,*,"","ele-1:All FHIR elements must have a @value or children {hasValue() or (children().count() > id.count())}
ext-1:Must have either extensions or value[x], not both {extension.exists() != value.exists()}"
"mii-lm-pro.Score.ScoreVorlage.Scoreberechnung.ScoreBerechnungsID","mii-lm-pro.Score.ScoreVorlage.Scoreberechnung.ScoreBerechnungsID","","","",1,1,"","","","string {[]} {[]}
","Berechnungs-ID","ID des Berechnungsalgorithmus","","","","","","","","","",,,,,"",,,,"mii-lm-pro.Score.ScoreVorlage.Scoreberechnung.ScoreBerechnungsID",1,1,"",""
"mii-lm-pro.Score.ScoreVorlage.Scoreberechnung.ScoreDatentyp","mii-lm-pro.Score.ScoreVorlage.Scoreberechnung.ScoreDatentyp","","","",1,1,"","","","code {[]} {[]}
","Ergebnis-Datentyp","Datentyp des berechneten Scores","","","","","","","","","",,,,,"",,,,"mii-lm-pro.Score.ScoreVorlage.Scoreberechnung.ScoreDatentyp",1,1,"","","ObservationDefinition.quantitativeDetails.type"
"mii-lm-pro.Score.ScoreVorlage.Scoreberechnung.ScoreBerechnungsAlgorithmus","mii-lm-pro.Score.ScoreVorlage.Scoreberechnung.ScoreBerechnungsAlgorithmus","","","",1,1,"","","","string {[]} {[]}
","Algorithmus","FHIRPath oder CQL Expression","","","","","","","","","",,,,,"",,,,"mii-lm-pro.Score.ScoreVorlage.Scoreberechnung.ScoreBerechnungsAlgorithmus",1,1,"",""
"mii-lm-pro.Score.ScoreVorlage.Scoreberechnung.ScoreQuelle","mii-lm-pro.Score.ScoreVorlage.Scoreberechnung.ScoreQuelle","","","",0,1,"","","","uri {[]} {[]}
","Quellenangabe","Referenz zur Algorithmus-Dokumentation","","","","","","","","","",,,,,"",,,,"mii-lm-pro.Score.ScoreVorlage.Scoreberechnung.ScoreQuelle",0,1,"",""
"mii-lm-pro.Score.ScoreVorlage.Domainenskala","mii-lm-pro.Score.ScoreVorlage.Domainenskala","","","",0,*,"","","","BackboneElement {[]} {[]}
","Domain-Zuordnung","Zuordnung zu Gesundheitsdomänen","","","","","","","","","",,,,,"",,,,"mii-lm-pro.Score.ScoreVorlage.Domainenskala",0,*,"","ele-1:All FHIR elements must have a @value or children {hasValue() or (children().count() > id.count())}
"
"mii-lm-pro.Score.ScoreVorlage.Domainenskala.id","mii-lm-pro.Score.ScoreVorlage.Domainenskala.id","","","",0,1,"","","","string {[]} {[]}
","Unique id for inter-element referencing","Unique id for the element within a resource (for internal references). This may be any string value that does not contain spaces.","","","","","","","","","",,,,,"",,,,"Element.id",0,1,"",""
"mii-lm-pro.Score.ScoreVorlage.Domainenskala.extension","mii-lm-pro.Score.ScoreVorlage.Domainenskala.extension","","extensions
user content","",0,*,"","","","Extension {[]} {[]}
","Additional content defined by implementations","May be used to represent additional information that is not part of the basic definition of the element. To make the use of extensions safe and manageable, there is a strict set of governance  applied to the definition and use of extensions. Though any implementer can define an extension, there is a set of requirements that SHALL be met as part of the definition of the extension.","There can be no stigma associated with the use of extensions by any application, project, or standard - regardless of the institution or jurisdiction that uses or defines the extensions.  The use of extensions is what allows the FHIR specification to retain a core level of simplicity for everyone.","","","","","","","","",,,,,"","value:url}
","Extensions are always sliced by (at least) url",,"open","Element.extension",0,*,"","ele-1:All FHIR elements must have a @value or children {hasValue() or (children().count() > id.count())}
ext-1:Must have either extensions or value[x], not both {extension.exists() != value.exists()}"
"mii-lm-pro.Score.ScoreVorlage.Domainenskala.modifierExtension","mii-lm-pro.Score.ScoreVorlage.Domainenskala.modifierExtension","","extensions
user contentmodifiers","",0,*,"","Y","Y","Extension {[]} {[]}
","Extensions that cannot be ignored even if unrecognized","May be used to represent additional information that is not part of the basic definition of the element and that modifies the understanding of the element in which it is contained and/or the understanding of the containing element's descendants. Usually modifier elements provide negation or qualification. To make the use of extensions safe and manageable, there is a strict set of governance applied to the definition and use of extensions. Though any implementer can define an extension, there is a set of requirements that SHALL be met as part of the definition of the extension. Applications processing a resource are required to check for modifier extensions.

Modifier extensions SHALL NOT change the meaning of any elements on Resource or DomainResource (including cannot change the meaning of modifierExtension itself).","There can be no stigma associated with the use of extensions by any application, project, or standard - regardless of the institution or jurisdiction that uses or defines the extensions.  The use of extensions is what allows the FHIR specification to retain a core level of simplicity for everyone.","Modifier extensions allow for extensions that *cannot* be safely ignored to be clearly distinguished from the vast majority of extensions which can be safely ignored.  This promotes interoperability by eliminating the need for implementers to prohibit the presence of extensions. For further information, see the [definition of modifier extensions](http://hl7.org/fhir/R4/extensibility.html#modifierExtension).","","","","","","","",,,,,"",,,,"BackboneElement.modifierExtension",0,*,"","ele-1:All FHIR elements must have a @value or children {hasValue() or (children().count() > id.count())}
ext-1:Must have either extensions or value[x], not both {extension.exists() != value.exists()}"
"mii-lm-pro.Score.ScoreVorlage.Domainenskala.DomainID","mii-lm-pro.Score.ScoreVorlage.Domainenskala.DomainID","","","",1,1,"","","","string {[]} {[]}
","Domain-ID","ID der Gesundheitsdomäne","","","","","","","","","",,,,,"",,,,"mii-lm-pro.Score.ScoreVorlage.Domainenskala.DomainID",1,1,"",""
"mii-lm-pro.Score.ScoreVorlage.Domainenskala.DomainCode","mii-lm-pro.Score.ScoreVorlage.Domainenskala.DomainCode","","","",0,1,"","","","code {[]} {[]}
","Domain-Code","Code der Domain (z.B. SNOMED)","","","","","","","","","",,,,,"",,,,"mii-lm-pro.Score.ScoreVorlage.Domainenskala.DomainCode",0,1,"",""
"mii-lm-pro.Score.ScoreVorlage.Domainenskala.DomainTitel","mii-lm-pro.Score.ScoreVorlage.Domainenskala.DomainTitel","","","",0,1,"","","","string {[]} {[]}
","Domain-Titel","Name der Domain","","","","","","","","","",,,,,"",,,,"mii-lm-pro.Score.ScoreVorlage.Domainenskala.DomainTitel",0,1,"",""
"mii-lm-pro.Score.ScoreVorlage.Domainenskala.DomainBeschreibung","mii-lm-pro.Score.ScoreVorlage.Domainenskala.DomainBeschreibung","","","",0,1,"","","","string {[]} {[]}
","Beschreibung","Beschreibung der Domain","","","","","","","","","",,,,,"",,,,"mii-lm-pro.Score.ScoreVorlage.Domainenskala.DomainBeschreibung",0,1,"",""
"mii-lm-pro.Score.ScoreVorlage.Domainenskala.DomainSkalen","mii-lm-pro.Score.ScoreVorlage.Domainenskala.DomainSkalen","","","",0,*,"","","","BackboneElement {[]} {[]}
","Skalen-Details","Details zur Domain-Skala","","","","","","","","","",,,,,"",,,,"mii-lm-pro.Score.ScoreVorlage.Domainenskala.DomainSkalen",0,*,"","ele-1:All FHIR elements must have a @value or children {hasValue() or (children().count() > id.count())}
"
"mii-lm-pro.Score.ScoreVorlage.Domainenskala.DomainSkalen.id","mii-lm-pro.Score.ScoreVorlage.Domainenskala.DomainSkalen.id","","","",0,1,"","","","string {[]} {[]}
","Unique id for inter-element referencing","Unique id for the element within a resource (for internal references). This may be any string value that does not contain spaces.","","","","","","","","","",,,,,"",,,,"Element.id",0,1,"",""
"mii-lm-pro.Score.ScoreVorlage.Domainenskala.DomainSkalen.extension","mii-lm-pro.Score.ScoreVorlage.Domainenskala.DomainSkalen.extension","","extensions
user content","",0,*,"","","","Extension {[]} {[]}
","Additional content defined by implementations","May be used to represent additional information that is not part of the basic definition of the element. To make the use of extensions safe and manageable, there is a strict set of governance  applied to the definition and use of extensions. Though any implementer can define an extension, there is a set of requirements that SHALL be met as part of the definition of the extension.","There can be no stigma associated with the use of extensions by any application, project, or standard - regardless of the institution or jurisdiction that uses or defines the extensions.  The use of extensions is what allows the FHIR specification to retain a core level of simplicity for everyone.","","","","","","","","",,,,,"","value:url}
","Extensions are always sliced by (at least) url",,"open","Element.extension",0,*,"","ele-1:All FHIR elements must have a @value or children {hasValue() or (children().count() > id.count())}
ext-1:Must have either extensions or value[x], not both {extension.exists() != value.exists()}"
"mii-lm-pro.Score.ScoreVorlage.Domainenskala.DomainSkalen.modifierExtension","mii-lm-pro.Score.ScoreVorlage.Domainenskala.DomainSkalen.modifierExtension","","extensions
user contentmodifiers","",0,*,"","Y","Y","Extension {[]} {[]}
","Extensions that cannot be ignored even if unrecognized","May be used to represent additional information that is not part of the basic definition of the element and that modifies the understanding of the element in which it is contained and/or the understanding of the containing element's descendants. Usually modifier elements provide negation or qualification. To make the use of extensions safe and manageable, there is a strict set of governance applied to the definition and use of extensions. Though any implementer can define an extension, there is a set of requirements that SHALL be met as part of the definition of the extension. Applications processing a resource are required to check for modifier extensions.

Modifier extensions SHALL NOT change the meaning of any elements on Resource or DomainResource (including cannot change the meaning of modifierExtension itself).","There can be no stigma associated with the use of extensions by any application, project, or standard - regardless of the institution or jurisdiction that uses or defines the extensions.  The use of extensions is what allows the FHIR specification to retain a core level of simplicity for everyone.","Modifier extensions allow for extensions that *cannot* be safely ignored to be clearly distinguished from the vast majority of extensions which can be safely ignored.  This promotes interoperability by eliminating the need for implementers to prohibit the presence of extensions. For further information, see the [definition of modifier extensions](http://hl7.org/fhir/R4/extensibility.html#modifierExtension).","","","","","","","",,,,,"",,,,"BackboneElement.modifierExtension",0,*,"","ele-1:All FHIR elements must have a @value or children {hasValue() or (children().count() > id.count())}
ext-1:Must have either extensions or value[x], not both {extension.exists() != value.exists()}"
"mii-lm-pro.Score.ScoreVorlage.Domainenskala.DomainSkalen.Minimum","mii-lm-pro.Score.ScoreVorlage.Domainenskala.DomainSkalen.Minimum","","","",0,1,"","","","decimal {[]} {[]}
","Minimum","Minimaler Skalenwert","","","","","","","","","",,,,,"",,,,"mii-lm-pro.Score.ScoreVorlage.Domainenskala.DomainSkalen.Minimum",0,1,"",""
"mii-lm-pro.Score.ScoreVorlage.Domainenskala.DomainSkalen.Maximum","mii-lm-pro.Score.ScoreVorlage.Domainenskala.DomainSkalen.Maximum","","","",0,1,"","","","decimal {[]} {[]}
","Maximum","Maximaler Skalenwert","","","","","","","","","",,,,,"",,,,"mii-lm-pro.Score.ScoreVorlage.Domainenskala.DomainSkalen.Maximum",0,1,"",""
"mii-lm-pro.Score.ScoreVorlage.Domainenskala.DomainSkalen.Skalenwert","mii-lm-pro.Score.ScoreVorlage.Domainenskala.DomainSkalen.Skalenwert","","","",0,1,"","","","code {[]} {[]}
","Skalentyp","Art der Skala (ordinal, interval, ratio)","","","","","","","","","",,,,,"",,,,"mii-lm-pro.Score.ScoreVorlage.Domainenskala.DomainSkalen.Skalenwert",0,1,"",""
"mii-lm-pro.Score.ScoreVorlage.Domainenskala.DomainSkalen.DomainenskalaDomainenskala","mii-lm-pro.Score.ScoreVorlage.Domainenskala.DomainSkalen.DomainenskalaDomainenskala","","","",0,1,"","","","string {[]} {[]}
","Subskalierung","Verweis auf Unterskalen","","","","","","","","","",,,,,"",,,,"mii-lm-pro.Score.ScoreVorlage.Domainenskala.DomainSkalen.DomainenskalaDomainenskala",0,1,"",""
"mii-lm-pro.Score.ScoreVorlage.ScoreMapping","mii-lm-pro.Score.ScoreVorlage.ScoreMapping","","","",0,*,"","","","BackboneElement {[]} {[]}
","Score-Mapping","Mapping zu anderen Scoring-Systemen","","","","","","","","","",,,,,"",,,,"mii-lm-pro.Score.ScoreVorlage.ScoreMapping",0,*,"","ele-1:All FHIR elements must have a @value or children {hasValue() or (children().count() > id.count())}
"
"mii-lm-pro.Score.ScoreVorlage.ScoreMapping.id","mii-lm-pro.Score.ScoreVorlage.ScoreMapping.id","","","",0,1,"","","","string {[]} {[]}
","Unique id for inter-element referencing","Unique id for the element within a resource (for internal references). This may be any string value that does not contain spaces.","","","","","","","","","",,,,,"",,,,"Element.id",0,1,"",""
"mii-lm-pro.Score.ScoreVorlage.ScoreMapping.extension","mii-lm-pro.Score.ScoreVorlage.ScoreMapping.extension","","extensions
user content","",0,*,"","","","Extension {[]} {[]}
","Additional content defined by implementations","May be used to represent additional information that is not part of the basic definition of the element. To make the use of extensions safe and manageable, there is a strict set of governance  applied to the definition and use of extensions. Though any implementer can define an extension, there is a set of requirements that SHALL be met as part of the definition of the extension.","There can be no stigma associated with the use of extensions by any application, project, or standard - regardless of the institution or jurisdiction that uses or defines the extensions.  The use of extensions is what allows the FHIR specification to retain a core level of simplicity for everyone.","","","","","","","","",,,,,"","value:url}
","Extensions are always sliced by (at least) url",,"open","Element.extension",0,*,"","ele-1:All FHIR elements must have a @value or children {hasValue() or (children().count() > id.count())}
ext-1:Must have either extensions or value[x], not both {extension.exists() != value.exists()}"
"mii-lm-pro.Score.ScoreVorlage.ScoreMapping.modifierExtension","mii-lm-pro.Score.ScoreVorlage.ScoreMapping.modifierExtension","","extensions
user contentmodifiers","",0,*,"","Y","Y","Extension {[]} {[]}
","Extensions that cannot be ignored even if unrecognized","May be used to represent additional information that is not part of the basic definition of the element and that modifies the understanding of the element in which it is contained and/or the understanding of the containing element's descendants. Usually modifier elements provide negation or qualification. To make the use of extensions safe and manageable, there is a strict set of governance applied to the definition and use of extensions. Though any implementer can define an extension, there is a set of requirements that SHALL be met as part of the definition of the extension. Applications processing a resource are required to check for modifier extensions.

Modifier extensions SHALL NOT change the meaning of any elements on Resource or DomainResource (including cannot change the meaning of modifierExtension itself).","There can be no stigma associated with the use of extensions by any application, project, or standard - regardless of the institution or jurisdiction that uses or defines the extensions.  The use of extensions is what allows the FHIR specification to retain a core level of simplicity for everyone.","Modifier extensions allow for extensions that *cannot* be safely ignored to be clearly distinguished from the vast majority of extensions which can be safely ignored.  This promotes interoperability by eliminating the need for implementers to prohibit the presence of extensions. For further information, see the [definition of modifier extensions](http://hl7.org/fhir/R4/extensibility.html#modifierExtension).","","","","","","","",,,,,"",,,,"BackboneElement.modifierExtension",0,*,"","ele-1:All FHIR elements must have a @value or children {hasValue() or (children().count() > id.count())}
ext-1:Must have either extensions or value[x], not both {extension.exists() != value.exists()}"
"mii-lm-pro.Score.ScoreVorlage.ScoreMapping.SourceScoreID","mii-lm-pro.Score.ScoreVorlage.ScoreMapping.SourceScoreID","","","",1,1,"","","","string {[]} {[]}
","Quell-Score","ID des Ausgangs-Scores","","","","","","","","","",,,,,"",,,,"mii-lm-pro.Score.ScoreVorlage.ScoreMapping.SourceScoreID",1,1,"",""
"mii-lm-pro.Score.ScoreVorlage.ScoreMapping.TargetScoreID","mii-lm-pro.Score.ScoreVorlage.ScoreMapping.TargetScoreID","","","",1,1,"","","","string {[]} {[]}
","Ziel-Score","ID des Ziel-Scores","","","","","","","","","",,,,,"",,,,"mii-lm-pro.Score.ScoreVorlage.ScoreMapping.TargetScoreID",1,1,"",""
"mii-lm-pro.Score.ScoreVorlage.ScoreMapping.MappingScorewert","mii-lm-pro.Score.ScoreVorlage.ScoreMapping.MappingScorewert","","","",1,*,"","","","BackboneElement {[]} {[]}
","Wert-Mapping","Konkrete Wertezuordnungen","","","","","","","","","",,,,,"",,,,"mii-lm-pro.Score.ScoreVorlage.ScoreMapping.MappingScorewert",1,*,"","ele-1:All FHIR elements must have a @value or children {hasValue() or (children().count() > id.count())}
"
"mii-lm-pro.Score.ScoreVorlage.ScoreMapping.MappingScorewert.id","mii-lm-pro.Score.ScoreVorlage.ScoreMapping.MappingScorewert.id","","","",0,1,"","","","string {[]} {[]}
","Unique id for inter-element referencing","Unique id for the element within a resource (for internal references). This may be any string value that does not contain spaces.","","","","","","","","","",,,,,"",,,,"Element.id",0,1,"",""
"mii-lm-pro.Score.ScoreVorlage.ScoreMapping.MappingScorewert.extension","mii-lm-pro.Score.ScoreVorlage.ScoreMapping.MappingScorewert.extension","","extensions
user content","",0,*,"","","","Extension {[]} {[]}
","Additional content defined by implementations","May be used to represent additional information that is not part of the basic definition of the element. To make the use of extensions safe and manageable, there is a strict set of governance  applied to the definition and use of extensions. Though any implementer can define an extension, there is a set of requirements that SHALL be met as part of the definition of the extension.","There can be no stigma associated with the use of extensions by any application, project, or standard - regardless of the institution or jurisdiction that uses or defines the extensions.  The use of extensions is what allows the FHIR specification to retain a core level of simplicity for everyone.","","","","","","","","",,,,,"","value:url}
","Extensions are always sliced by (at least) url",,"open","Element.extension",0,*,"","ele-1:All FHIR elements must have a @value or children {hasValue() or (children().count() > id.count())}
ext-1:Must have either extensions or value[x], not both {extension.exists() != value.exists()}"
"mii-lm-pro.Score.ScoreVorlage.ScoreMapping.MappingScorewert.modifierExtension","mii-lm-pro.Score.ScoreVorlage.ScoreMapping.MappingScorewert.modifierExtension","","extensions
user contentmodifiers","",0,*,"","Y","Y","Extension {[]} {[]}
","Extensions that cannot be ignored even if unrecognized","May be used to represent additional information that is not part of the basic definition of the element and that modifies the understanding of the element in which it is contained and/or the understanding of the containing element's descendants. Usually modifier elements provide negation or qualification. To make the use of extensions safe and manageable, there is a strict set of governance applied to the definition and use of extensions. Though any implementer can define an extension, there is a set of requirements that SHALL be met as part of the definition of the extension. Applications processing a resource are required to check for modifier extensions.

Modifier extensions SHALL NOT change the meaning of any elements on Resource or DomainResource (including cannot change the meaning of modifierExtension itself).","There can be no stigma associated with the use of extensions by any application, project, or standard - regardless of the institution or jurisdiction that uses or defines the extensions.  The use of extensions is what allows the FHIR specification to retain a core level of simplicity for everyone.","Modifier extensions allow for extensions that *cannot* be safely ignored to be clearly distinguished from the vast majority of extensions which can be safely ignored.  This promotes interoperability by eliminating the need for implementers to prohibit the presence of extensions. For further information, see the [definition of modifier extensions](http://hl7.org/fhir/R4/extensibility.html#modifierExtension).","","","","","","","",,,,,"",,,,"BackboneElement.modifierExtension",0,*,"","ele-1:All FHIR elements must have a @value or children {hasValue() or (children().count() > id.count())}
ext-1:Must have either extensions or value[x], not both {extension.exists() != value.exists()}"
"mii-lm-pro.Score.ScoreVorlage.ScoreMapping.MappingScorewert.SourceValue","mii-lm-pro.Score.ScoreVorlage.ScoreMapping.MappingScorewert.SourceValue","","","",1,1,"","","","decimal {[]} {[]}
","Quellwert","Wert im Ausgangssystem","","","","","","","","","",,,,,"",,,,"mii-lm-pro.Score.ScoreVorlage.ScoreMapping.MappingScorewert.SourceValue",1,1,"",""
"mii-lm-pro.Score.ScoreVorlage.ScoreMapping.MappingScorewert.TargetValue","mii-lm-pro.Score.ScoreVorlage.ScoreMapping.MappingScorewert.TargetValue","","","",1,1,"","","","decimal {[]} {[]}
","Zielwert","Wert im Zielsystem","","","","","","","","","",,,,,"",,,,"mii-lm-pro.Score.ScoreVorlage.ScoreMapping.MappingScorewert.TargetValue",1,1,"",""
"mii-lm-pro.Score.ScoreVorlage.ScoreMapping.MappingScorewert.MappingExpression","mii-lm-pro.Score.ScoreVorlage.ScoreMapping.MappingScorewert.MappingExpression","","","",0,1,"","","","string {[]} {[]}
","Mapping-Formel","Mathematische Transformation","","","","","","","","","",,,,,"",,,,"mii-lm-pro.Score.ScoreVorlage.ScoreMapping.MappingScorewert.MappingExpression",0,1,"",""
"mii-lm-pro.Score.ScoreBerechnet","mii-lm-pro.Score.ScoreBerechnet","","","",0,*,"","","","BackboneElement {[]} {[]}
","Berechnete Score-Instanz","Konkret berechneter Score-Wert","","","","","","","","","",,,,,"",,,,"mii-lm-pro.Score.ScoreBerechnet",0,*,"","ele-1:All FHIR elements must have a @value or children {hasValue() or (children().count() > id.count())}
","Observation"
"mii-lm-pro.Score.ScoreBerechnet.id","mii-lm-pro.Score.ScoreBerechnet.id","","","",0,1,"","","","string {[]} {[]}
","Unique id for inter-element referencing","Unique id for the element within a resource (for internal references). This may be any string value that does not contain spaces.","","","","","","","","","",,,,,"",,,,"Element.id",0,1,"",""
"mii-lm-pro.Score.ScoreBerechnet.extension","mii-lm-pro.Score.ScoreBerechnet.extension","","extensions
user content","",0,*,"","","","Extension {[]} {[]}
","Additional content defined by implementations","May be used to represent additional information that is not part of the basic definition of the element. To make the use of extensions safe and manageable, there is a strict set of governance  applied to the definition and use of extensions. Though any implementer can define an extension, there is a set of requirements that SHALL be met as part of the definition of the extension.","There can be no stigma associated with the use of extensions by any application, project, or standard - regardless of the institution or jurisdiction that uses or defines the extensions.  The use of extensions is what allows the FHIR specification to retain a core level of simplicity for everyone.","","","","","","","","",,,,,"","value:url}
","Extensions are always sliced by (at least) url",,"open","Element.extension",0,*,"","ele-1:All FHIR elements must have a @value or children {hasValue() or (children().count() > id.count())}
ext-1:Must have either extensions or value[x], not both {extension.exists() != value.exists()}"
"mii-lm-pro.Score.ScoreBerechnet.modifierExtension","mii-lm-pro.Score.ScoreBerechnet.modifierExtension","","extensions
user contentmodifiers","",0,*,"","Y","Y","Extension {[]} {[]}
","Extensions that cannot be ignored even if unrecognized","May be used to represent additional information that is not part of the basic definition of the element and that modifies the understanding of the element in which it is contained and/or the understanding of the containing element's descendants. Usually modifier elements provide negation or qualification. To make the use of extensions safe and manageable, there is a strict set of governance applied to the definition and use of extensions. Though any implementer can define an extension, there is a set of requirements that SHALL be met as part of the definition of the extension. Applications processing a resource are required to check for modifier extensions.

Modifier extensions SHALL NOT change the meaning of any elements on Resource or DomainResource (including cannot change the meaning of modifierExtension itself).","There can be no stigma associated with the use of extensions by any application, project, or standard - regardless of the institution or jurisdiction that uses or defines the extensions.  The use of extensions is what allows the FHIR specification to retain a core level of simplicity for everyone.","Modifier extensions allow for extensions that *cannot* be safely ignored to be clearly distinguished from the vast majority of extensions which can be safely ignored.  This promotes interoperability by eliminating the need for implementers to prohibit the presence of extensions. For further information, see the [definition of modifier extensions](http://hl7.org/fhir/R4/extensibility.html#modifierExtension).","","","","","","","",,,,,"",,,,"BackboneElement.modifierExtension",0,*,"","ele-1:All FHIR elements must have a @value or children {hasValue() or (children().count() > id.count())}
ext-1:Must have either extensions or value[x], not both {extension.exists() != value.exists()}"
"mii-lm-pro.Score.ScoreBerechnet.ScoreID","mii-lm-pro.Score.ScoreBerechnet.ScoreID","","","",1,1,"","","","string {[]} {[]}
","Score-Instanz-ID","ID der Score-Berechnung","","","","","","","","","",,,,,"",,,,"mii-lm-pro.Score.ScoreBerechnet.ScoreID",1,1,"","","Observation.id"
"mii-lm-pro.Score.ScoreBerechnet.ScoreVorlage","mii-lm-pro.Score.ScoreBerechnet.ScoreVorlage","","","",1,1,"","","","string {[]} {[]}
","Score-Template","Verweis auf Score-Definition","","","","","","","","","",,,,,"",,,,"mii-lm-pro.Score.ScoreBerechnet.ScoreVorlage",1,1,"",""
"mii-lm-pro.Score.ScoreBerechnet.ScoreBerechnung","mii-lm-pro.Score.ScoreBerechnet.ScoreBerechnung","","","",1,1,"","","","string {[]} {[]}
","Verwendeter Algorithmus","Referenz zum Berechnungsalgorithmus","","","","","","","","","",,,,,"",,,,"mii-lm-pro.Score.ScoreBerechnet.ScoreBerechnung",1,1,"",""
"mii-lm-pro.Score.ScoreBerechnet.Berechnungsdatum","mii-lm-pro.Score.ScoreBerechnet.Berechnungsdatum","","","",1,1,"","","","dateTime {[]} {[]}
","Berechnungszeitpunkt","Zeitpunkt der Score-Berechnung","","","","","","","","","",,,,,"",,,,"mii-lm-pro.Score.ScoreBerechnet.Berechnungsdatum",1,1,"","","Observation.effectiveDateTime"
"mii-lm-pro.Score.ScoreBerechnet.ScoreInterpretation","mii-lm-pro.Score.ScoreBerechnet.ScoreInterpretation","","","",0,1,"","","","code {[]} {[]}
","Interpretation","Klinische Interpretation (normal, auffällig, kritisch)","","","","","","","","","",,,,,"",,,,"mii-lm-pro.Score.ScoreBerechnet.ScoreInterpretation",0,1,"","","Observation.interpretation"
"mii-lm-pro.Score.ScoreBerechnet.BerechneterScorewert","mii-lm-pro.Score.ScoreBerechnet.BerechneterScorewert","","","",1,1,"","","","decimal {[]} {[]}
","Score-Wert","Der berechnete numerische Wert","","","","","","","","","",,,,,"",,,,"mii-lm-pro.Score.ScoreBerechnet.BerechneterScorewert",1,1,"","","Observation.valueQuantity.value"
"mii-lm-pro.Score.ScoreFragebogenScore","mii-lm-pro.Score.ScoreFragebogenScore","","","",0,*,"","","","BackboneElement {[]} {[]}
","Fragebogen-basierter Score","Score direkt aus Fragebogen berechnet","","","","","","","","","",,,,,"",,,,"mii-lm-pro.Score.ScoreFragebogenScore",0,*,"","ele-1:All FHIR elements must have a @value or children {hasValue() or (children().count() > id.count())}
"
"mii-lm-pro.Score.ScoreFragebogenScore.id","mii-lm-pro.Score.ScoreFragebogenScore.id","","","",0,1,"","","","string {[]} {[]}
","Unique id for inter-element referencing","Unique id for the element within a resource (for internal references). This may be any string value that does not contain spaces.","","","","","","","","","",,,,,"",,,,"Element.id",0,1,"",""
"mii-lm-pro.Score.ScoreFragebogenScore.extension","mii-lm-pro.Score.ScoreFragebogenScore.extension","","extensions
user content","",0,*,"","","","Extension {[]} {[]}
","Additional content defined by implementations","May be used to represent additional information that is not part of the basic definition of the element. To make the use of extensions safe and manageable, there is a strict set of governance  applied to the definition and use of extensions. Though any implementer can define an extension, there is a set of requirements that SHALL be met as part of the definition of the extension.","There can be no stigma associated with the use of extensions by any application, project, or standard - regardless of the institution or jurisdiction that uses or defines the extensions.  The use of extensions is what allows the FHIR specification to retain a core level of simplicity for everyone.","","","","","","","","",,,,,"","value:url}
","Extensions are always sliced by (at least) url",,"open","Element.extension",0,*,"","ele-1:All FHIR elements must have a @value or children {hasValue() or (children().count() > id.count())}
ext-1:Must have either extensions or value[x], not both {extension.exists() != value.exists()}"
"mii-lm-pro.Score.ScoreFragebogenScore.modifierExtension","mii-lm-pro.Score.ScoreFragebogenScore.modifierExtension","","extensions
user contentmodifiers","",0,*,"","Y","Y","Extension {[]} {[]}
","Extensions that cannot be ignored even if unrecognized","May be used to represent additional information that is not part of the basic definition of the element and that modifies the understanding of the element in which it is contained and/or the understanding of the containing element's descendants. Usually modifier elements provide negation or qualification. To make the use of extensions safe and manageable, there is a strict set of governance applied to the definition and use of extensions. Though any implementer can define an extension, there is a set of requirements that SHALL be met as part of the definition of the extension. Applications processing a resource are required to check for modifier extensions.

Modifier extensions SHALL NOT change the meaning of any elements on Resource or DomainResource (including cannot change the meaning of modifierExtension itself).","There can be no stigma associated with the use of extensions by any application, project, or standard - regardless of the institution or jurisdiction that uses or defines the extensions.  The use of extensions is what allows the FHIR specification to retain a core level of simplicity for everyone.","Modifier extensions allow for extensions that *cannot* be safely ignored to be clearly distinguished from the vast majority of extensions which can be safely ignored.  This promotes interoperability by eliminating the need for implementers to prohibit the presence of extensions. For further information, see the [definition of modifier extensions](http://hl7.org/fhir/R4/extensibility.html#modifierExtension).","","","","","","","",,,,,"",,,,"BackboneElement.modifierExtension",0,*,"","ele-1:All FHIR elements must have a @value or children {hasValue() or (children().count() > id.count())}
ext-1:Must have either extensions or value[x], not both {extension.exists() != value.exists()}"
"mii-lm-pro.Score.ScoreFragebogenScore.FragebogenVorlage","mii-lm-pro.Score.ScoreFragebogenScore.FragebogenVorlage","","","",1,1,"","","","string {[]} {[]}
","Fragebogen-Referenz","Verweis auf Fragebogen-Template","","","","","","","","","",,,,,"",,,,"mii-lm-pro.Score.ScoreFragebogenScore.FragebogenVorlage",1,1,"",""
"mii-lm-pro.Score.ScoreFragebogenScore.AusgefuellterFragebogen","mii-lm-pro.Score.ScoreFragebogenScore.AusgefuellterFragebogen","","","",1,1,"","","","string {[]} {[]}
","Response-Referenz","Verweis auf QuestionnaireResponse","","","","","","","","","",,,,,"",,,,"mii-lm-pro.Score.ScoreFragebogenScore.AusgefuellterFragebogen",1,1,"","","Observation.derivedFrom[QuestionnaireResponse]"
"mii-lm-pro.Score.ScoreItembasierterScore","mii-lm-pro.Score.ScoreItembasierterScore","","","",0,*,"","","","BackboneElement {[]} {[]}
","Item-basierter Score","Score aus einzelnen Items/Antworten","","","","","","","","","",,,,,"",,,,"mii-lm-pro.Score.ScoreItembasierterScore",0,*,"","ele-1:All FHIR elements must have a @value or children {hasValue() or (children().count() > id.count())}
"
"mii-lm-pro.Score.ScoreItembasierterScore.id","mii-lm-pro.Score.ScoreItembasierterScore.id","","","",0,1,"","","","string {[]} {[]}
","Unique id for inter-element referencing","Unique id for the element within a resource (for internal references). This may be any string value that does not contain spaces.","","","","","","","","","",,,,,"",,,,"Element.id",0,1,"",""
"mii-lm-pro.Score.ScoreItembasierterScore.extension","mii-lm-pro.Score.ScoreItembasierterScore.extension","","extensions
user content","",0,*,"","","","Extension {[]} {[]}
","Additional content defined by implementations","May be used to represent additional information that is not part of the basic definition of the element. To make the use of extensions safe and manageable, there is a strict set of governance  applied to the definition and use of extensions. Though any implementer can define an extension, there is a set of requirements that SHALL be met as part of the definition of the extension.","There can be no stigma associated with the use of extensions by any application, project, or standard - regardless of the institution or jurisdiction that uses or defines the extensions.  The use of extensions is what allows the FHIR specification to retain a core level of simplicity for everyone.","","","","","","","","",,,,,"","value:url}
","Extensions are always sliced by (at least) url",,"open","Element.extension",0,*,"","ele-1:All FHIR elements must have a @value or children {hasValue() or (children().count() > id.count())}
ext-1:Must have either extensions or value[x], not both {extension.exists() != value.exists()}"
"mii-lm-pro.Score.ScoreItembasierterScore.modifierExtension","mii-lm-pro.Score.ScoreItembasierterScore.modifierExtension","","extensions
user contentmodifiers","",0,*,"","Y","Y","Extension {[]} {[]}
","Extensions that cannot be ignored even if unrecognized","May be used to represent additional information that is not part of the basic definition of the element and that modifies the understanding of the element in which it is contained and/or the understanding of the containing element's descendants. Usually modifier elements provide negation or qualification. To make the use of extensions safe and manageable, there is a strict set of governance applied to the definition and use of extensions. Though any implementer can define an extension, there is a set of requirements that SHALL be met as part of the definition of the extension. Applications processing a resource are required to check for modifier extensions.

Modifier extensions SHALL NOT change the meaning of any elements on Resource or DomainResource (including cannot change the meaning of modifierExtension itself).","There can be no stigma associated with the use of extensions by any application, project, or standard - regardless of the institution or jurisdiction that uses or defines the extensions.  The use of extensions is what allows the FHIR specification to retain a core level of simplicity for everyone.","Modifier extensions allow for extensions that *cannot* be safely ignored to be clearly distinguished from the vast majority of extensions which can be safely ignored.  This promotes interoperability by eliminating the need for implementers to prohibit the presence of extensions. For further information, see the [definition of modifier extensions](http://hl7.org/fhir/R4/extensibility.html#modifierExtension).","","","","","","","",,,,,"",,,,"BackboneElement.modifierExtension",0,*,"","ele-1:All FHIR elements must have a @value or children {hasValue() or (children().count() > id.count())}
ext-1:Must have either extensions or value[x], not both {extension.exists() != value.exists()}"
"mii-lm-pro.Score.ScoreItembasierterScore.AusgefuellteAntworten","mii-lm-pro.Score.ScoreItembasierterScore.AusgefuellteAntworten","","","",1,*,"","","","string {[]} {[]}
","Item-Referenzen","Verweise auf einzelne Antwort-Items","","","","","","","","","",,,,,"",,,,"mii-lm-pro.Score.ScoreItembasierterScore.AusgefuellteAntworten",1,*,"",""
"mii-lm-pro.Domaene","mii-lm-pro.Domaene","","","",0,*,"","","","BackboneElement {[]} {[]}
","Gesundheitsdomänen","Klassifikation nach Gesundheitsbereichen","","","","","","","","","",,,,,"",,,,"mii-lm-pro.Domaene",0,*,"","ele-1:All FHIR elements must have a @value or children {hasValue() or (children().count() > id.count())}
"
"mii-lm-pro.Domaene.id","mii-lm-pro.Domaene.id","","","",0,1,"","","","string {[]} {[]}
","Unique id for inter-element referencing","Unique id for the element within a resource (for internal references). This may be any string value that does not contain spaces.","","","","","","","","","",,,,,"",,,,"Element.id",0,1,"",""
"mii-lm-pro.Domaene.extension","mii-lm-pro.Domaene.extension","","extensions
user content","",0,*,"","","","Extension {[]} {[]}
","Additional content defined by implementations","May be used to represent additional information that is not part of the basic definition of the element. To make the use of extensions safe and manageable, there is a strict set of governance  applied to the definition and use of extensions. Though any implementer can define an extension, there is a set of requirements that SHALL be met as part of the definition of the extension.","There can be no stigma associated with the use of extensions by any application, project, or standard - regardless of the institution or jurisdiction that uses or defines the extensions.  The use of extensions is what allows the FHIR specification to retain a core level of simplicity for everyone.","","","","","","","","",,,,,"","value:url}
","Extensions are always sliced by (at least) url",,"open","Element.extension",0,*,"","ele-1:All FHIR elements must have a @value or children {hasValue() or (children().count() > id.count())}
ext-1:Must have either extensions or value[x], not both {extension.exists() != value.exists()}"
"mii-lm-pro.Domaene.modifierExtension","mii-lm-pro.Domaene.modifierExtension","","extensions
user contentmodifiers","",0,*,"","Y","Y","Extension {[]} {[]}
","Extensions that cannot be ignored even if unrecognized","May be used to represent additional information that is not part of the basic definition of the element and that modifies the understanding of the element in which it is contained and/or the understanding of the containing element's descendants. Usually modifier elements provide negation or qualification. To make the use of extensions safe and manageable, there is a strict set of governance applied to the definition and use of extensions. Though any implementer can define an extension, there is a set of requirements that SHALL be met as part of the definition of the extension. Applications processing a resource are required to check for modifier extensions.

Modifier extensions SHALL NOT change the meaning of any elements on Resource or DomainResource (including cannot change the meaning of modifierExtension itself).","There can be no stigma associated with the use of extensions by any application, project, or standard - regardless of the institution or jurisdiction that uses or defines the extensions.  The use of extensions is what allows the FHIR specification to retain a core level of simplicity for everyone.","Modifier extensions allow for extensions that *cannot* be safely ignored to be clearly distinguished from the vast majority of extensions which can be safely ignored.  This promotes interoperability by eliminating the need for implementers to prohibit the presence of extensions. For further information, see the [definition of modifier extensions](http://hl7.org/fhir/R4/extensibility.html#modifierExtension).","","","","","","","",,,,,"",,,,"BackboneElement.modifierExtension",0,*,"","ele-1:All FHIR elements must have a @value or children {hasValue() or (children().count() > id.count())}
ext-1:Must have either extensions or value[x], not both {extension.exists() != value.exists()}"
"mii-lm-pro.Domaene.DomaeneID","mii-lm-pro.Domaene.DomaeneID","","","",1,1,"","","","string {[]} {[]}
","Domain-ID","Eindeutige ID der Domain","","","","","","","","","",,,,,"",,,,"mii-lm-pro.Domaene.DomaeneID",1,1,"",""
"mii-lm-pro.Domaene.DomaeneCode","mii-lm-pro.Domaene.DomaeneCode","","","",0,1,"","","","code {[]} {[]}
","Domain-Code","Standardisierter Code (z.B. ICF)","","","","","","","","","",,,,,"",,,,"mii-lm-pro.Domaene.DomaeneCode",0,1,"",""
"mii-lm-pro.Domaene.DomaeneTitel","mii-lm-pro.Domaene.DomaeneTitel","","","",1,1,"","","","string {[]} {[]}
","Domain-Name","Bezeichnung der Domain","","","","","","","","","",,,,,"",,,,"mii-lm-pro.Domaene.DomaeneTitel",1,1,"",""
"mii-lm-pro.Domaene.DomaeneBeschreibung","mii-lm-pro.Domaene.DomaeneBeschreibung","","","",0,1,"","","","string {[]} {[]}
","Beschreibung","Detaillierte Beschreibung","","","","","","","","","",,,,,"",,,,"mii-lm-pro.Domaene.DomaeneBeschreibung",0,1,"",""
"mii-lm-pro.Domaene.DomaeneSkaliert","mii-lm-pro.Domaene.DomaeneSkaliert","","","",0,1,"","","","BackboneElement {[]} {[]}
","Skalierung","Skalierungsinformationen","","","","","","","","","",,,,,"",,,,"mii-lm-pro.Domaene.DomaeneSkaliert",0,1,"","ele-1:All FHIR elements must have a @value or children {hasValue() or (children().count() > id.count())}
"
"mii-lm-pro.Domaene.DomaeneSkaliert.id","mii-lm-pro.Domaene.DomaeneSkaliert.id","","","",0,1,"","","","string {[]} {[]}
","Unique id for inter-element referencing","Unique id for the element within a resource (for internal references). This may be any string value that does not contain spaces.","","","","","","","","","",,,,,"",,,,"Element.id",0,1,"",""
"mii-lm-pro.Domaene.DomaeneSkaliert.extension","mii-lm-pro.Domaene.DomaeneSkaliert.extension","","extensions
user content","",0,*,"","","","Extension {[]} {[]}
","Additional content defined by implementations","May be used to represent additional information that is not part of the basic definition of the element. To make the use of extensions safe and manageable, there is a strict set of governance  applied to the definition and use of extensions. Though any implementer can define an extension, there is a set of requirements that SHALL be met as part of the definition of the extension.","There can be no stigma associated with the use of extensions by any application, project, or standard - regardless of the institution or jurisdiction that uses or defines the extensions.  The use of extensions is what allows the FHIR specification to retain a core level of simplicity for everyone.","","","","","","","","",,,,,"","value:url}
","Extensions are always sliced by (at least) url",,"open","Element.extension",0,*,"","ele-1:All FHIR elements must have a @value or children {hasValue() or (children().count() > id.count())}
ext-1:Must have either extensions or value[x], not both {extension.exists() != value.exists()}"
"mii-lm-pro.Domaene.DomaeneSkaliert.modifierExtension","mii-lm-pro.Domaene.DomaeneSkaliert.modifierExtension","","extensions
user contentmodifiers","",0,*,"","Y","Y","Extension {[]} {[]}
","Extensions that cannot be ignored even if unrecognized","May be used to represent additional information that is not part of the basic definition of the element and that modifies the understanding of the element in which it is contained and/or the understanding of the containing element's descendants. Usually modifier elements provide negation or qualification. To make the use of extensions safe and manageable, there is a strict set of governance applied to the definition and use of extensions. Though any implementer can define an extension, there is a set of requirements that SHALL be met as part of the definition of the extension. Applications processing a resource are required to check for modifier extensions.

Modifier extensions SHALL NOT change the meaning of any elements on Resource or DomainResource (including cannot change the meaning of modifierExtension itself).","There can be no stigma associated with the use of extensions by any application, project, or standard - regardless of the institution or jurisdiction that uses or defines the extensions.  The use of extensions is what allows the FHIR specification to retain a core level of simplicity for everyone.","Modifier extensions allow for extensions that *cannot* be safely ignored to be clearly distinguished from the vast majority of extensions which can be safely ignored.  This promotes interoperability by eliminating the need for implementers to prohibit the presence of extensions. For further information, see the [definition of modifier extensions](http://hl7.org/fhir/R4/extensibility.html#modifierExtension).","","","","","","","",,,,,"",,,,"BackboneElement.modifierExtension",0,*,"","ele-1:All FHIR elements must have a @value or children {hasValue() or (children().count() > id.count())}
ext-1:Must have either extensions or value[x], not both {extension.exists() != value.exists()}"
"mii-lm-pro.Domaene.DomaeneSkaliert.DomaenenSkalenID","mii-lm-pro.Domaene.DomaeneSkaliert.DomaenenSkalenID","","","",1,1,"","","","string {[]} {[]}
","Skalen-ID","ID der Domänenskala","","","","","","","","","",,,,,"",,,,"mii-lm-pro.Domaene.DomaeneSkaliert.DomaenenSkalenID",1,1,"",""
"mii-lm-pro.Domaene.DomaeneSkaliert.Minimum","mii-lm-pro.Domaene.DomaeneSkaliert.Minimum","","","",0,1,"","","","decimal {[]} {[]}
","Minimum","Minimaler Wert","","","","","","","","","",,,,,"",,,,"mii-lm-pro.Domaene.DomaeneSkaliert.Minimum",0,1,"",""
"mii-lm-pro.Domaene.DomaeneSkaliert.Maximum","mii-lm-pro.Domaene.DomaeneSkaliert.Maximum","","","",0,1,"","","","decimal {[]} {[]}
","Maximum","Maximaler Wert","","","","","","","","","",,,,,"",,,,"mii-lm-pro.Domaene.DomaeneSkaliert.Maximum",0,1,"",""
"mii-lm-pro.Domaene.DomaeneSkaliert.Skalenwert","mii-lm-pro.Domaene.DomaeneSkaliert.Skalenwert","","","",0,1,"","","","code {[]} {[]}
","Skalentyp","Art der Skala","","","","","","","","","",,,,,"",,,,"mii-lm-pro.Domaene.DomaeneSkaliert.Skalenwert",0,1,"",""
"mii-lm-pro.Domaene.Referenzpopulation","mii-lm-pro.Domaene.Referenzpopulation","","","",0,*,"","","","BackboneElement {[]} {[]}
","Referenzpopulation","Normwerte für Populationen","","","","","","","","","",,,,,"",,,,"mii-lm-pro.Domaene.Referenzpopulation",0,*,"","ele-1:All FHIR elements must have a @value or children {hasValue() or (children().count() > id.count())}
"
"mii-lm-pro.Domaene.Referenzpopulation.id","mii-lm-pro.Domaene.Referenzpopulation.id","","","",0,1,"","","","string {[]} {[]}
","Unique id for inter-element referencing","Unique id for the element within a resource (for internal references). This may be any string value that does not contain spaces.","","","","","","","","","",,,,,"",,,,"Element.id",0,1,"",""
"mii-lm-pro.Domaene.Referenzpopulation.extension","mii-lm-pro.Domaene.Referenzpopulation.extension","","extensions
user content","",0,*,"","","","Extension {[]} {[]}
","Additional content defined by implementations","May be used to represent additional information that is not part of the basic definition of the element. To make the use of extensions safe and manageable, there is a strict set of governance  applied to the definition and use of extensions. Though any implementer can define an extension, there is a set of requirements that SHALL be met as part of the definition of the extension.","There can be no stigma associated with the use of extensions by any application, project, or standard - regardless of the institution or jurisdiction that uses or defines the extensions.  The use of extensions is what allows the FHIR specification to retain a core level of simplicity for everyone.","","","","","","","","",,,,,"","value:url}
","Extensions are always sliced by (at least) url",,"open","Element.extension",0,*,"","ele-1:All FHIR elements must have a @value or children {hasValue() or (children().count() > id.count())}
ext-1:Must have either extensions or value[x], not both {extension.exists() != value.exists()}"
"mii-lm-pro.Domaene.Referenzpopulation.modifierExtension","mii-lm-pro.Domaene.Referenzpopulation.modifierExtension","","extensions
user contentmodifiers","",0,*,"","Y","Y","Extension {[]} {[]}
","Extensions that cannot be ignored even if unrecognized","May be used to represent additional information that is not part of the basic definition of the element and that modifies the understanding of the element in which it is contained and/or the understanding of the containing element's descendants. Usually modifier elements provide negation or qualification. To make the use of extensions safe and manageable, there is a strict set of governance applied to the definition and use of extensions. Though any implementer can define an extension, there is a set of requirements that SHALL be met as part of the definition of the extension. Applications processing a resource are required to check for modifier extensions.

Modifier extensions SHALL NOT change the meaning of any elements on Resource or DomainResource (including cannot change the meaning of modifierExtension itself).","There can be no stigma associated with the use of extensions by any application, project, or standard - regardless of the institution or jurisdiction that uses or defines the extensions.  The use of extensions is what allows the FHIR specification to retain a core level of simplicity for everyone.","Modifier extensions allow for extensions that *cannot* be safely ignored to be clearly distinguished from the vast majority of extensions which can be safely ignored.  This promotes interoperability by eliminating the need for implementers to prohibit the presence of extensions. For further information, see the [definition of modifier extensions](http://hl7.org/fhir/R4/extensibility.html#modifierExtension).","","","","","","","",,,,,"",,,,"BackboneElement.modifierExtension",0,*,"","ele-1:All FHIR elements must have a @value or children {hasValue() or (children().count() > id.count())}
ext-1:Must have either extensions or value[x], not both {extension.exists() != value.exists()}"
"mii-lm-pro.Domaene.Referenzpopulation.Altersbereich","mii-lm-pro.Domaene.Referenzpopulation.Altersbereich","","","",0,1,"","","","string {[]} {[]}
","Altersbereich","z.B. '18-65 Jahre'","","","","","","","","","",,,,,"",,,,"mii-lm-pro.Domaene.Referenzpopulation.Altersbereich",0,1,"",""
"mii-lm-pro.Domaene.Referenzpopulation.Geschlecht","mii-lm-pro.Domaene.Referenzpopulation.Geschlecht","","","",0,1,"","","","code {[]} {[]}
","Geschlecht","Geschlechtsspezifische Norm","","","","","","","","","",,,,,"",,,,"mii-lm-pro.Domaene.Referenzpopulation.Geschlecht",0,1,"",""
"mii-lm-pro.Domaene.Referenzpopulation.Indikation","mii-lm-pro.Domaene.Referenzpopulation.Indikation","","","",0,1,"","","","string {[]} {[]}
","Indikation","Krankheitsspezifische Norm","","","","","","","","","",,,,,"",,,,"mii-lm-pro.Domaene.Referenzpopulation.Indikation",0,1,"",""
"mii-lm-pro.Domaene.Referenzpopulation.Mittelwert","mii-lm-pro.Domaene.Referenzpopulation.Mittelwert","","","",0,1,"","","","decimal {[]} {[]}
","Mittelwert","Durchschnittswert der Population","","","","","","","","","",,,,,"",,,,"mii-lm-pro.Domaene.Referenzpopulation.Mittelwert",0,1,"",""
"mii-lm-pro.Domaene.Referenzpopulation.Standardabweichung","mii-lm-pro.Domaene.Referenzpopulation.Standardabweichung","","","",0,1,"","","","decimal {[]} {[]}
","Standardabweichung","Streuung der Werte","","","","","","","","","",,,,,"",,,,"mii-lm-pro.Domaene.Referenzpopulation.Standardabweichung",0,1,"",""
